{"data":[{"ObjectIdentifier": "E9A6CE2C-5246-4CEE-B164-D45FCEC2AF8C", "Properties": {"domain": "ESSOS.LOCAL", "name": "WMIGPO@ESSOS.LOCAL", "distinguishedname": "CN=WMIGPO,CN=WMIPOLICY,CN=SYSTEM,DC=ESSOS,DC=LOCAL", "domainsid": "S-1-5-21-254479581-914559915-1075136021", "highvalue": false, "description": "", "whencreated": 1688610520}, "IsDeleted": false, "IsACLProtected": false, "Aces": [{"RightName": "Owns", "IsInherited": false, "PrincipalSID": "S-1-5-21-254479581-914559915-1075136021-512", "PrincipalType": "Group"}, {"RightName": "WriteOwner", "IsInherited": false, "PrincipalSID": "S-1-5-21-254479581-914559915-1075136021-512", "PrincipalType": "Group"}, {"RightName": "WriteDacl", "IsInherited": false, "PrincipalSID": "S-1-5-21-254479581-914559915-1075136021-512", "PrincipalType": "Group"}, {"RightName": "GenericAll", "IsInherited": true, "PrincipalSID": "S-1-5-21-254479581-914559915-1075136021-519", "PrincipalType": "Group"}, {"RightName": "GenericAll", "IsInherited": true, "PrincipalSID": "S-1-5-21-254479581-914559915-1075136021-512", "PrincipalType": "Group"}], "ChildObjects": []},{"ObjectIdentifier": "B6319CC3-9568-4B6B-89AA-28302F53B15C", "Properties": {"domain": "ESSOS.LOCAL", "name": "POLICYTYPE@ESSOS.LOCAL", "distinguishedname": "CN=POLICYTYPE,CN=WMIPOLICY,CN=SYSTEM,DC=ESSOS,DC=LOCAL", "domainsid": "S-1-5-21-254479581-914559915-1075136021", "highvalue": false, "description": "", "whencreated": 1688610520}, "IsDeleted": false, "IsACLProtected": false, "Aces": [{"RightName": "Owns", "IsInherited": false, "PrincipalSID": "S-1-5-21-254479581-914559915-1075136021-512", "PrincipalType": "Group"}, {"RightName": "WriteOwner", "IsInherited": false, "PrincipalSID": "S-1-5-21-254479581-914559915-1075136021-512", "PrincipalType": "Group"}, {"RightName": "WriteDacl", "IsInherited": false, "PrincipalSID": "S-1-5-21-254479581-914559915-1075136021-512", "PrincipalType": "Group"}, {"RightName": "GenericAll", "IsInherited": true, "PrincipalSID": "S-1-5-21-254479581-914559915-1075136021-519", "PrincipalType": "Group"}, {"RightName": "GenericAll", "IsInherited": true, "PrincipalSID": "S-1-5-21-254479581-914559915-1075136021-512", "PrincipalType": "Group"}], "ChildObjects": []},{"ObjectIdentifier": "E7598FA8-87B7-4341-84E1-EA59DB219EDF", "Properties": {"domain": "ESSOS.LOCAL", "name": "SOM@ESSOS.LOCAL", "distinguishedname": "CN=SOM,CN=WMIPOLICY,CN=SYSTEM,DC=ESSOS,DC=LOCAL", "domainsid": "S-1-5-21-254479581-914559915-1075136021", "highvalue": false, "description": "", "whencreated": 1688610520}, "IsDeleted": false, "IsACLProtected": true, "Aces": [{"RightName": "Owns", "IsInherited": false, "PrincipalSID": "S-1-5-21-254479581-914559915-1075136021-512", "PrincipalType": "Group"}, {"RightName": "GenericAll", "IsInherited": false, "PrincipalSID": "S-1-5-21-254479581-914559915-1075136021-512", "PrincipalType": "Group"}, {"RightName": "GenericAll", "IsInherited": false, "PrincipalSID": "S-1-5-21-254479581-914559915-1075136021-519", "PrincipalType": "Group"}], "ChildObjects": []},{"ObjectIdentifier": "6535143D-2E2B-4A44-B86F-DB276DBF4FD2", "Properties": {"domain": "ESSOS.LOCAL", "name": "POLICYTEMPLATE@ESSOS.LOCAL", "distinguishedname": "CN=POLICYTEMPLATE,CN=WMIPOLICY,CN=SYSTEM,DC=ESSOS,DC=LOCAL", "domainsid": "S-1-5-21-254479581-914559915-1075136021", "highvalue": false, "description": "", "whencreated": 1688610520}, "IsDeleted": false, "IsACLProtected": false, "Aces": [{"RightName": "Owns", "IsInherited": false, "PrincipalSID": "S-1-5-21-254479581-914559915-1075136021-512", "PrincipalType": "Group"}, {"RightName": "WriteOwner", "IsInherited": false, "PrincipalSID": "S-1-5-21-254479581-914559915-1075136021-512", "PrincipalType": "Group"}, {"RightName": "WriteDacl", "IsInherited": false, "PrincipalSID": "S-1-5-21-254479581-914559915-1075136021-512", "PrincipalType": "Group"}, {"RightName": "GenericAll", "IsInherited": true, "PrincipalSID": "S-1-5-21-254479581-914559915-1075136021-519", "PrincipalType": "Group"}, {"RightName": "GenericAll", "IsInherited": true, "PrincipalSID": "S-1-5-21-254479581-914559915-1075136021-512", "PrincipalType": "Group"}], "ChildObjects": []},{"ObjectIdentifier": "394A4A84-1D1A-4EB9-9C3A-A7778DABC6DE", "Properties": {"domain": "ESSOS.LOCAL", "name": "WMIPOLICY@ESSOS.LOCAL", "distinguishedname": "CN=WMIPOLICY,CN=SYSTEM,DC=ESSOS,DC=LOCAL", "domainsid": "S-1-5-21-254479581-914559915-1075136021", "highvalue": false, "description": "", "whencreated": 1688610520}, "IsDeleted": false, "IsACLProtected": true, "Aces": [{"RightName": "Owns", "IsInherited": false, "PrincipalSID": "S-1-5-21-254479581-914559915-1075136021-512", "PrincipalType": "Group"}, {"RightName": "GenericAll", "IsInherited": false, "PrincipalSID": "S-1-5-21-254479581-914559915-1075136021-519", "PrincipalType": "Group"}, {"RightName": "GenericAll", "IsInherited": false, "PrincipalSID": "S-1-5-21-254479581-914559915-1075136021-512", "PrincipalType": "Group"}], "ChildObjects": []},{"ObjectIdentifier": "67D6CC62-3FE4-4738-B131-C83015F394A0", "Properties": {"domain": "ESSOS.LOCAL", "name": "COMPARTITIONSETS@ESSOS.LOCAL", "distinguishedname": "CN=COMPARTITIONSETS,CN=SYSTEM,DC=ESSOS,DC=LOCAL", "domainsid": "S-1-5-21-254479581-914559915-1075136021", "highvalue": false, "description": "", "whencreated": 1688610520}, "IsDeleted": false, "IsACLProtected": false, "Aces": [{"RightName": "Owns", "IsInherited": false, "PrincipalSID": "S-1-5-21-254479581-914559915-1075136021-512", "PrincipalType": "Group"}, {"RightName": "WriteOwner", "IsInherited": false, "PrincipalSID": "S-1-5-21-254479581-914559915-1075136021-512", "PrincipalType": "Group"}, {"RightName": "WriteDacl", "IsInherited": false, "PrincipalSID": "S-1-5-21-254479581-914559915-1075136021-512", "PrincipalType": "Group"}, {"RightName": "GenericAll", "IsInherited": true, "PrincipalSID": "S-1-5-21-254479581-914559915-1075136021-519", "PrincipalType": "Group"}, {"RightName": "WriteOwner", "IsInherited": true, "PrincipalSID": "ESSOS.LOCAL-S-1-5-32-544", "PrincipalType": "Group"}, {"RightName": "WriteDacl", "IsInherited": true, "PrincipalSID": "ESSOS.LOCAL-S-1-5-32-544", "PrincipalType": "Group"}], "ChildObjects": []},{"ObjectIdentifier": "C4AED328-1EA7-4C9D-8D16-0E332C6080B4", "Properties": {"domain": "ESSOS.LOCAL", "name": "COMPARTITIONS@ESSOS.LOCAL", "distinguishedname": "CN=COMPARTITIONS,CN=SYSTEM,DC=ESSOS,DC=LOCAL", "domainsid": "S-1-5-21-254479581-914559915-1075136021", "highvalue": false, "description": "", "whencreated": 1688610520}, "IsDeleted": false, "IsACLProtected": false, "Aces": [{"RightName": "Owns", "IsInherited": false, "PrincipalSID": "S-1-5-21-254479581-914559915-1075136021-512", "PrincipalType": "Group"}, {"RightName": "WriteOwner", "IsInherited": false, "PrincipalSID": "S-1-5-21-254479581-914559915-1075136021-512", "PrincipalType": "Group"}, {"RightName": "WriteDacl", "IsInherited": false, "PrincipalSID": "S-1-5-21-254479581-914559915-1075136021-512", "PrincipalType": "Group"}, {"RightName": "GenericAll", "IsInherited": true, "PrincipalSID": "S-1-5-21-254479581-914559915-1075136021-519", "PrincipalType": "Group"}, {"RightName": "WriteOwner", "IsInherited": true, "PrincipalSID": "ESSOS.LOCAL-S-1-5-32-544", "PrincipalType": "Group"}, {"RightName": "WriteDacl", "IsInherited": true, "PrincipalSID": "ESSOS.LOCAL-S-1-5-32-544", "PrincipalType": "Group"}], "ChildObjects": []},{"ObjectIdentifier": "6E84C6E0-5220-485A-ABC6-9738CB0E809D", "Properties": {"domain": "ESSOS.LOCAL", "name": "ADMINSDHOLDER@ESSOS.LOCAL", "distinguishedname": "CN=ADMINSDHOLDER,CN=SYSTEM,DC=ESSOS,DC=LOCAL", "domainsid": "S-1-5-21-254479581-914559915-1075136021", "highvalue": false, "description": "", "whencreated": 1688610520}, "IsDeleted": false, "IsACLProtected": true, "Aces": [{"RightName": "Owns", "IsInherited": false, "PrincipalSID": "S-1-5-21-254479581-914559915-1075136021-512", "PrincipalType": "Group"}, {"RightName": "WriteOwner", "IsInherited": false, "PrincipalSID": "S-1-5-21-254479581-914559915-1075136021-512", "PrincipalType": "Group"}, {"RightName": "WriteDacl", "IsInherited": false, "PrincipalSID": "S-1-5-21-254479581-914559915-1075136021-512", "PrincipalType": "Group"}, {"RightName": "WriteOwner", "IsInherited": false, "PrincipalSID": "S-1-5-21-254479581-914559915-1075136021-519", "PrincipalType": "Group"}, {"RightName": "WriteDacl", "IsInherited": false, "PrincipalSID": "S-1-5-21-254479581-914559915-1075136021-519", "PrincipalType": "Group"}, {"RightName": "WriteOwner", "IsInherited": false, "PrincipalSID": "ESSOS.LOCAL-S-1-5-32-544", "PrincipalType": "Group"}, {"RightName": "WriteDacl", "IsInherited": false, "PrincipalSID": "ESSOS.LOCAL-S-1-5-32-544", "PrincipalType": "Group"}], "ChildObjects": []},{"ObjectIdentifier": "FB6B7D97-4BB5-4969-9E6B-A27500DE8EBA", "Properties": {"domain": "ESSOS.LOCAL", "name": "RAS AND IAS SERVERS ACCESS CHECK@ESSOS.LOCAL", "distinguishedname": "CN=RAS AND IAS SERVERS ACCESS CHECK,CN=SYSTEM,DC=ESSOS,DC=LOCAL", "domainsid": "S-1-5-21-254479581-914559915-1075136021", "highvalue": false, "description": "", "whencreated": 1688610520}, "IsDeleted": false, "IsACLProtected": false, "Aces": [{"RightName": "Owns", "IsInherited": false, "PrincipalSID": "S-1-5-21-254479581-914559915-1075136021-512", "PrincipalType": "Group"}, {"RightName": "WriteOwner", "IsInherited": false, "PrincipalSID": "S-1-5-21-254479581-914559915-1075136021-553", "PrincipalType": "Group"}, {"RightName": "WriteDacl", "IsInherited": false, "PrincipalSID": "S-1-5-21-254479581-914559915-1075136021-553", "PrincipalType": "Group"}, {"RightName": "GenericAll", "IsInherited": true, "PrincipalSID": "S-1-5-21-254479581-914559915-1075136021-519", "PrincipalType": "Group"}, {"RightName": "WriteOwner", "IsInherited": true, "PrincipalSID": "ESSOS.LOCAL-S-1-5-32-544", "PrincipalType": "Group"}, {"RightName": "WriteDacl", "IsInherited": true, "PrincipalSID": "ESSOS.LOCAL-S-1-5-32-544", "PrincipalType": "Group"}], "ChildObjects": []},{"ObjectIdentifier": "9C08F9D8-2EB2-4571-9135-DDFC3BFCF59E", "Properties": {"domain": "ESSOS.LOCAL", "name": "POLICIES@ESSOS.LOCAL", "distinguishedname": "CN=POLICIES,CN=SYSTEM,DC=ESSOS,DC=LOCAL", "domainsid": "S-1-5-21-254479581-914559915-1075136021", "highvalue": false, "description": "", "whencreated": 1688610520}, "IsDeleted": false, "IsACLProtected": false, "Aces": [{"RightName": "Owns", "IsInherited": false, "PrincipalSID": "S-1-5-21-254479581-914559915-1075136021-512", "PrincipalType": "Group"}, {"RightName": "WriteOwner", "IsInherited": false, "PrincipalSID": "S-1-5-21-254479581-914559915-1075136021-512", "PrincipalType": "Group"}, {"RightName": "WriteDacl", "IsInherited": false, "PrincipalSID": "S-1-5-21-254479581-914559915-1075136021-512", "PrincipalType": "Group"}, {"RightName": "GenericAll", "IsInherited": true, "PrincipalSID": "S-1-5-21-254479581-914559915-1075136021-519", "PrincipalType": "Group"}, {"RightName": "WriteOwner", "IsInherited": true, "PrincipalSID": "ESSOS.LOCAL-S-1-5-32-544", "PrincipalType": "Group"}, {"RightName": "WriteDacl", "IsInherited": true, "PrincipalSID": "ESSOS.LOCAL-S-1-5-32-544", "PrincipalType": "Group"}], "ChildObjects": []},{"ObjectIdentifier": "8F5357A9-22C1-4FF0-B76D-69DD3822BAAC", "Properties": {"domain": "ESSOS.LOCAL", "name": "MEETINGS@ESSOS.LOCAL", "distinguishedname": "CN=MEETINGS,CN=SYSTEM,DC=ESSOS,DC=LOCAL", "domainsid": "S-1-5-21-254479581-914559915-1075136021", "highvalue": false, "description": "", "whencreated": 1688610520}, "IsDeleted": false, "IsACLProtected": false, "Aces": [{"RightName": "Owns", "IsInherited": false, "PrincipalSID": "S-1-5-21-254479581-914559915-1075136021-512", "PrincipalType": "Group"}, {"RightName": "WriteOwner", "IsInherited": false, "PrincipalSID": "S-1-5-21-254479581-914559915-1075136021-512", "PrincipalType": "Group"}, {"RightName": "WriteDacl", "IsInherited": false, "PrincipalSID": "S-1-5-21-254479581-914559915-1075136021-512", "PrincipalType": "Group"}, {"RightName": "GenericAll", "IsInherited": true, "PrincipalSID": "S-1-5-21-254479581-914559915-1075136021-519", "PrincipalType": "Group"}, {"RightName": "WriteOwner", "IsInherited": true, "PrincipalSID": "ESSOS.LOCAL-S-1-5-32-544", "PrincipalType": "Group"}, {"RightName": "WriteDacl", "IsInherited": true, "PrincipalSID": "ESSOS.LOCAL-S-1-5-32-544", "PrincipalType": "Group"}], "ChildObjects": []},{"ObjectIdentifier": "F1ED3CDD-226B-4E95-99E6-25054B407A09", "Properties": {"domain": "ESSOS.LOCAL", "name": "WINSOCKSERVICES@ESSOS.LOCAL", "distinguishedname": "CN=WINSOCKSERVICES,CN=SYSTEM,DC=ESSOS,DC=LOCAL", "domainsid": "S-1-5-21-254479581-914559915-1075136021", "highvalue": false, "description": "", "whencreated": 1688610520}, "IsDeleted": false, "IsACLProtected": false, "Aces": [{"RightName": "Owns", "IsInherited": false, "PrincipalSID": "S-1-5-21-254479581-914559915-1075136021-512", "PrincipalType": "Group"}, {"RightName": "WriteOwner", "IsInherited": false, "PrincipalSID": "S-1-5-21-254479581-914559915-1075136021-512", "PrincipalType": "Group"}, {"RightName": "WriteDacl", "IsInherited": false, "PrincipalSID": "S-1-5-21-254479581-914559915-1075136021-512", "PrincipalType": "Group"}, {"RightName": "GenericAll", "IsInherited": true, "PrincipalSID": "S-1-5-21-254479581-914559915-1075136021-519", "PrincipalType": "Group"}, {"RightName": "WriteOwner", "IsInherited": true, "PrincipalSID": "ESSOS.LOCAL-S-1-5-32-544", "PrincipalType": "Group"}, {"RightName": "WriteDacl", "IsInherited": true, "PrincipalSID": "ESSOS.LOCAL-S-1-5-32-544", "PrincipalType": "Group"}], "ChildObjects": []},{"ObjectIdentifier": "5B40D621-65FA-4D46-8ED9-633F4B90CEC6", "Properties": {"domain": "ESSOS.LOCAL", "name": "MICROSOFT@ESSOS.LOCAL", "distinguishedname": "CN=MICROSOFT,CN=PROGRAM DATA,DC=ESSOS,DC=LOCAL", "domainsid": "S-1-5-21-254479581-914559915-1075136021", "highvalue": false, "description": "Default location for storage of Microsoft application data.", "whencreated": 1688610520}, "IsDeleted": false, "IsACLProtected": false, "Aces": [{"RightName": "Owns", "IsInherited": false, "PrincipalSID": "S-1-5-21-254479581-914559915-1075136021-512", "PrincipalType": "Group"}, {"RightName": "GenericAll", "IsInherited": false, "PrincipalSID": "S-1-5-21-254479581-914559915-1075136021-512", "PrincipalType": "Group"}, {"RightName": "GenericAll", "IsInherited": true, "PrincipalSID": "S-1-5-21-254479581-914559915-1075136021-519", "PrincipalType": "Group"}, {"RightName": "WriteOwner", "IsInherited": true, "PrincipalSID": "ESSOS.LOCAL-S-1-5-32-544", "PrincipalType": "Group"}, {"RightName": "WriteDacl", "IsInherited": true, "PrincipalSID": "ESSOS.LOCAL-S-1-5-32-544", "PrincipalType": "Group"}], "ChildObjects": []},{"ObjectIdentifier": "E8469740-3661-447F-8D16-3C585D535468", "Properties": {"domain": "ESSOS.LOCAL", "name": "MANAGED SERVICE ACCOUNTS@ESSOS.LOCAL", "distinguishedname": "CN=MANAGED SERVICE ACCOUNTS,DC=ESSOS,DC=LOCAL", "domainsid": "S-1-5-21-254479581-914559915-1075136021", "highvalue": false, "description": "Default container for managed service accounts", "whencreated": 1688610520}, "IsDeleted": false, "IsACLProtected": false, "Aces": [{"RightName": "Owns", "IsInherited": false, "PrincipalSID": "S-1-5-21-254479581-914559915-1075136021-512", "PrincipalType": "Group"}, {"RightName": "WriteOwner", "IsInherited": false, "PrincipalSID": "S-1-5-21-254479581-914559915-1075136021-512", "PrincipalType": "Group"}, {"RightName": "WriteDacl", "IsInherited": false, "PrincipalSID": "S-1-5-21-254479581-914559915-1075136021-512", "PrincipalType": "Group"}, {"RightName": "GenericAll", "IsInherited": true, "PrincipalSID": "S-1-5-21-254479581-914559915-1075136021-519", "PrincipalType": "Group"}, {"RightName": "WriteOwner", "IsInherited": true, "PrincipalSID": "ESSOS.LOCAL-S-1-5-32-544", "PrincipalType": "Group"}, {"RightName": "WriteDacl", "IsInherited": true, "PrincipalSID": "ESSOS.LOCAL-S-1-5-32-544", "PrincipalType": "Group"}], "ChildObjects": []},{"ObjectIdentifier": "0A3BB6A9-67CD-4C17-B353-C0DCA4D76795", "Properties": {"domain": "ESSOS.LOCAL", "name": "PROGRAM DATA@ESSOS.LOCAL", "distinguishedname": "CN=PROGRAM DATA,DC=ESSOS,DC=LOCAL", "domainsid": "S-1-5-21-254479581-914559915-1075136021", "highvalue": false, "description": "Default location for storage of application data.", "whencreated": 1688610520}, "IsDeleted": false, "IsACLProtected": false, "Aces": [{"RightName": "Owns", "IsInherited": false, "PrincipalSID": "S-1-5-21-254479581-914559915-1075136021-512", "PrincipalType": "Group"}, {"RightName": "GenericAll", "IsInherited": false, "PrincipalSID": "S-1-5-21-254479581-914559915-1075136021-512", "PrincipalType": "Group"}, {"RightName": "GenericAll", "IsInherited": true, "PrincipalSID": "S-1-5-21-254479581-914559915-1075136021-519", "PrincipalType": "Group"}, {"RightName": "WriteOwner", "IsInherited": true, "PrincipalSID": "ESSOS.LOCAL-S-1-5-32-544", "PrincipalType": "Group"}, {"RightName": "WriteDacl", "IsInherited": true, "PrincipalSID": "ESSOS.LOCAL-S-1-5-32-544", "PrincipalType": "Group"}], "ChildObjects": []},{"ObjectIdentifier": "7AC541F9-A881-4627-BA29-A237C2EF0739", "Properties": {"domain": "ESSOS.LOCAL", "name": "FOREIGNSECURITYPRINCIPALS@ESSOS.LOCAL", "distinguishedname": "CN=FOREIGNSECURITYPRINCIPALS,DC=ESSOS,DC=LOCAL", "domainsid": "S-1-5-21-254479581-914559915-1075136021", "highvalue": false, "description": "Default container for security identifiers (SIDs) associated with objects from external, trusted domains", "whencreated": 1688610520}, "IsDeleted": false, "IsACLProtected": false, "Aces": [{"RightName": "Owns", "IsInherited": false, "PrincipalSID": "S-1-5-21-254479581-914559915-1075136021-512", "PrincipalType": "Group"}, {"RightName": "GenericAll", "IsInherited": false, "PrincipalSID": "S-1-5-21-254479581-914559915-1075136021-512", "PrincipalType": "Group"}, {"RightName": "GenericAll", "IsInherited": true, "PrincipalSID": "S-1-5-21-254479581-914559915-1075136021-519", "PrincipalType": "Group"}, {"RightName": "WriteOwner", "IsInherited": true, "PrincipalSID": "ESSOS.LOCAL-S-1-5-32-544", "PrincipalType": "Group"}, {"RightName": "WriteDacl", "IsInherited": true, "PrincipalSID": "ESSOS.LOCAL-S-1-5-32-544", "PrincipalType": "Group"}], "ChildObjects": []},{"ObjectIdentifier": "F5A03809-7C99-412D-A46B-7A27BA5849C3", "Properties": {"domain": "ESSOS.LOCAL", "name": "SYSTEM@ESSOS.LOCAL", "distinguishedname": "CN=SYSTEM,DC=ESSOS,DC=LOCAL", "domainsid": "S-1-5-21-254479581-914559915-1075136021", "highvalue": false, "description": "Builtin system settings", "whencreated": 1688610520}, "IsDeleted": false, "IsACLProtected": false, "Aces": [{"RightName": "Owns", "IsInherited": false, "PrincipalSID": "S-1-5-21-254479581-914559915-1075136021-512", "PrincipalType": "Group"}, {"RightName": "WriteOwner", "IsInherited": false, "PrincipalSID": "S-1-5-21-254479581-914559915-1075136021-512", "PrincipalType": "Group"}, {"RightName": "WriteDacl", "IsInherited": false, "PrincipalSID": "S-1-5-21-254479581-914559915-1075136021-512", "PrincipalType": "Group"}, {"RightName": "GenericAll", "IsInherited": true, "PrincipalSID": "S-1-5-21-254479581-914559915-1075136021-519", "PrincipalType": "Group"}, {"RightName": "WriteOwner", "IsInherited": true, "PrincipalSID": "ESSOS.LOCAL-S-1-5-32-544", "PrincipalType": "Group"}, {"RightName": "WriteDacl", "IsInherited": true, "PrincipalSID": "ESSOS.LOCAL-S-1-5-32-544", "PrincipalType": "Group"}], "ChildObjects": []},{"ObjectIdentifier": "EC0AEDB1-DDEC-4BEB-9276-D4D03A8349E3", "Properties": {"domain": "ESSOS.LOCAL", "name": "COMPUTERS@ESSOS.LOCAL", "distinguishedname": "CN=COMPUTERS,DC=ESSOS,DC=LOCAL", "domainsid": "S-1-5-21-254479581-914559915-1075136021", "highvalue": false, "description": "Default container for upgraded computer accounts", "whencreated": 1688610520}, "IsDeleted": false, "IsACLProtected": false, "Aces": [{"RightName": "Owns", "IsInherited": false, "PrincipalSID": "S-1-5-21-254479581-914559915-1075136021-512", "PrincipalType": "Group"}, {"RightName": "WriteOwner", "IsInherited": false, "PrincipalSID": "S-1-5-21-254479581-914559915-1075136021-512", "PrincipalType": "Group"}, {"RightName": "WriteDacl", "IsInherited": false, "PrincipalSID": "S-1-5-21-254479581-914559915-1075136021-512", "PrincipalType": "Group"}, {"RightName": "GenericAll", "IsInherited": true, "PrincipalSID": "S-1-5-21-254479581-914559915-1075136021-519", "PrincipalType": "Group"}, {"RightName": "WriteOwner", "IsInherited": true, "PrincipalSID": "ESSOS.LOCAL-S-1-5-32-544", "PrincipalType": "Group"}, {"RightName": "WriteDacl", "IsInherited": true, "PrincipalSID": "ESSOS.LOCAL-S-1-5-32-544", "PrincipalType": "Group"}], "ChildObjects": []},{"ObjectIdentifier": "F6FAEF70-133A-46C0-9778-C4929320216C", "Properties": {"domain": "ESSOS.LOCAL", "name": "USERS@ESSOS.LOCAL", "distinguishedname": "CN=USERS,DC=ESSOS,DC=LOCAL", "domainsid": "S-1-5-21-254479581-914559915-1075136021", "highvalue": false, "description": "Default container for upgraded user accounts", "whencreated": 1688610520}, "IsDeleted": false, "IsACLProtected": false, "Aces": [{"RightName": "Owns", "IsInherited": false, "PrincipalSID": "S-1-5-21-254479581-914559915-1075136021-512", "PrincipalType": "Group"}, {"RightName": "WriteOwner", "IsInherited": false, "PrincipalSID": "S-1-5-21-254479581-914559915-1075136021-512", "PrincipalType": "Group"}, {"RightName": "WriteDacl", "IsInherited": false, "PrincipalSID": "S-1-5-21-254479581-914559915-1075136021-512", "PrincipalType": "Group"}, {"RightName": "GenericAll", "IsInherited": true, "PrincipalSID": "S-1-5-21-254479581-914559915-1075136021-519", "PrincipalType": "Group"}, {"RightName": "WriteOwner", "IsInherited": true, "PrincipalSID": "ESSOS.LOCAL-S-1-5-32-544", "PrincipalType": "Group"}, {"RightName": "WriteDacl", "IsInherited": true, "PrincipalSID": "ESSOS.LOCAL-S-1-5-32-544", "PrincipalType": "Group"}], "ChildObjects": [{"ObjectIdentifier": "S-1-5-21-254479581-914559915-1075136021-1111", "ObjectType": "User"}, {"ObjectIdentifier": "S-1-5-21-254479581-914559915-1075136021-1000", "ObjectType": "User"}, {"ObjectIdentifier": "S-1-5-21-254479581-914559915-1075136021-1106", "ObjectType": "Group"}, {"ObjectIdentifier": "S-1-5-21-254479581-914559915-1075136021-1114", "ObjectType": "User"}, {"ObjectIdentifier": "S-1-5-21-254479581-914559915-1075136021-1109", "ObjectType": "Group"}, {"ObjectIdentifier": "S-1-5-21-254479581-914559915-1075136021-1105", "ObjectType": "trustaccount"}, {"ObjectIdentifier": "S-1-5-21-254479581-914559915-1075136021-518", "ObjectType": "Group"}, {"ObjectIdentifier": "S-1-5-21-254479581-914559915-1075136021-521", "ObjectType": "Group"}, {"ObjectIdentifier": "S-1-5-21-254479581-914559915-1075136021-553", "ObjectType": "Group"}, {"ObjectIdentifier": "S-1-5-21-254479581-914559915-1075136021-525", "ObjectType": "Group"}, {"ObjectIdentifier": "S-1-5-21-254479581-914559915-1075136021-502", "ObjectType": "User"}, {"ObjectIdentifier": "S-1-5-21-254479581-914559915-1075136021-1112", "ObjectType": "User"}, {"ObjectIdentifier": "S-1-5-21-254479581-914559915-1075136021-526", "ObjectType": "Group"}, {"ObjectIdentifier": "S-1-5-21-254479581-914559915-1075136021-1113", "ObjectType": "User"}, {"ObjectIdentifier": "S-1-5-21-254479581-914559915-1075136021-501", "ObjectType": "User"}, {"ObjectIdentifier": "S-1-5-21-254479581-914559915-1075136021-520", "ObjectType": "Group"}, {"ObjectIdentifier": "S-1-5-21-254479581-914559915-1075136021-498", "ObjectType": "Group"}, {"ObjectIdentifier": "S-1-5-21-254479581-914559915-1075136021-527", "ObjectType": "Group"}, {"ObjectIdentifier": "S-1-5-21-254479581-914559915-1075136021-519", "ObjectType": "Group"}, {"ObjectIdentifier": "S-1-5-21-254479581-914559915-1075136021-1108", "ObjectType": "Group"}, {"ObjectIdentifier": "S-1-5-21-254479581-914559915-1075136021-1107", "ObjectType": "Group"}, {"ObjectIdentifier": "S-1-5-21-254479581-914559915-1075136021-513", "ObjectType": "Group"}, {"ObjectIdentifier": "S-1-5-21-254479581-914559915-1075136021-514", "ObjectType": "Group"}, {"ObjectIdentifier": "S-1-5-21-254479581-914559915-1075136021-516", "ObjectType": "Group"}, {"ObjectIdentifier": "S-1-5-21-254479581-914559915-1075136021-515", "ObjectType": "Group"}, {"ObjectIdentifier": "S-1-5-21-254479581-914559915-1075136021-512", "ObjectType": "Group"}, {"ObjectIdentifier": "S-1-5-21-254479581-914559915-1075136021-1103", "ObjectType": "Group"}, {"ObjectIdentifier": "S-1-5-21-254479581-914559915-1075136021-1102", "ObjectType": "Group"}, {"ObjectIdentifier": "S-1-5-21-254479581-914559915-1075136021-572", "ObjectType": "Group"}, {"ObjectIdentifier": "S-1-5-21-254479581-914559915-1075136021-503", "ObjectType": "User"}, {"ObjectIdentifier": "S-1-5-21-254479581-914559915-1075136021-1110", "ObjectType": "User"}, {"ObjectIdentifier": "S-1-5-21-254479581-914559915-1075136021-522", "ObjectType": "Group"}, {"ObjectIdentifier": "S-1-5-21-254479581-914559915-1075136021-517", "ObjectType": "Group"}, {"ObjectIdentifier": "S-1-5-21-254479581-914559915-1075136021-571", "ObjectType": "Group"}, {"ObjectIdentifier": "S-1-5-21-254479581-914559915-1075136021-500", "ObjectType": "User"}]}],"meta":{"methods":0,"type":"containers","count":19, "version":5}}