{"data":[{"ObjectIdentifier": "S-1-5-21-254479581-914559915-1075136021-1001", "AllowedToAct": [], "PrimaryGroupSID": "S-1-5-21-254479581-914559915-1075136021-516", "LocalAdmins": {"Collected": true, "FailureReason": null, "Results": [{"ObjectIdentifier": "S-1-5-21-254479581-914559915-1075136021-500", "ObjectType": "User"}, {"ObjectIdentifier": "S-1-5-21-254479581-914559915-1075136021-1000", "ObjectType": "User"}, {"ObjectIdentifier": "S-1-5-21-254479581-914559915-1075136021-519", "ObjectType": "Group"}, {"ObjectIdentifier": "S-1-5-21-254479581-914559915-1075136021-512", "ObjectType": "Group"}, {"ObjectIdentifier": "S-1-5-21-254479581-914559915-1075136021-1110", "ObjectType": "User"}]}, "PSRemoteUsers": {"Collected": true, "FailureReason": null, "Results": []}, "Properties": {"name": "MEEREEN.ESSOS.LOCAL", "domainsid": "S-1-5-21-254479581-914559915-1075136021", "domain": "ESSOS.LOCAL", "distinguishedname": "CN=MEEREEN,OU=DOMAIN CONTROLLERS,DC=ESSOS,DC=LOCAL", "unconstraineddelegation": true, "enabled": true, "trustedtoauth": false, "samaccountname": "MEEREEN$", "haslaps": false, "lastlogon": 1688707895, "lastlogontimestamp": 1688610875, "pwdlastset": 1688610857, "whencreated": 1688610835, "serviceprincipalnames": ["TERMSRV/MEEREEN", "TERMSRV/meereen.essos.local", "Dfsr-12F9A27C-BF97-4787-9364-D31B6C55EB04/meereen.essos.local", "ldap/meereen.essos.local/ForestDnsZones.essos.local", "ldap/meereen.essos.local/DomainDnsZones.essos.local", "DNS/meereen.essos.local", "GC/meereen.essos.local/essos.local", "RestrictedKrbHost/meereen.essos.local", "RestrictedKrbHost/MEEREEN", "RPC/9af48305-c121-46bb-9dcb-5b0cb66b99c4._msdcs.essos.local", "HOST/MEEREEN/ESSOS", "HOST/meereen.essos.local/ESSOS", "HOST/MEEREEN", "HOST/meereen.essos.local", "HOST/meereen.essos.local/essos.local", "E3514235-4B06-11D1-AB04-00C04FC2DCD2/9af48305-c121-46bb-9dcb-5b0cb66b99c4/essos.local", "ldap/MEEREEN/ESSOS", "ldap/9af48305-c121-46bb-9dcb-5b0cb66b99c4._msdcs.essos.local", "ldap/meereen.essos.local/ESSOS", "ldap/MEEREEN", "ldap/meereen.essos.local", "ldap/meereen.essos.local/essos.local"], "description": null, "operatingsystem": "Windows Server 2016 Standard Evaluation", "sidhistory": []}, "RemoteDesktopUsers": {"Collected": true, "FailureReason": null, "Results": [{"ObjectIdentifier": "S-1-5-21-254479581-914559915-1075136021-1106", "ObjectType": "Group"}]}, "DcomUsers": {"Collected": true, "FailureReason": null, "Results": []}, "AllowedToDelegate": [], "Sessions": {"Collected": true, "FailureReason": null, "Results": []}, "PrivilegedSessions": {"Collected": false, "FailureReason": null, "Results": []}, "RegistrySessions": {"Collected": false, "FailureReason": null, "Results": []}, "Aces": [{"RightName": "Owns", "IsInherited": false, "PrincipalSID": "S-1-5-21-254479581-914559915-1075136021-512", "PrincipalType": "Group"}, {"RightName": "GenericAll", "IsInherited": false, "PrincipalSID": "S-1-5-21-254479581-914559915-1075136021-512", "PrincipalType": "Group"}, {"RightName": "AddKeyCredentialLink", "IsInherited": true, "PrincipalSID": "S-1-5-21-254479581-914559915-1075136021-526", "PrincipalType": "Group"}, {"RightName": "AddKeyCredentialLink", "IsInherited": true, "PrincipalSID": "S-1-5-21-254479581-914559915-1075136021-527", "PrincipalType": "Group"}, {"RightName": "GenericAll", "IsInherited": true, "PrincipalSID": "S-1-5-21-254479581-914559915-1075136021-519", "PrincipalType": "Group"}, {"RightName": "GenericWrite", "IsInherited": true, "PrincipalSID": "ESSOS.LOCAL-S-1-5-32-544", "PrincipalType": "Group"}, {"RightName": "WriteOwner", "IsInherited": true, "PrincipalSID": "ESSOS.LOCAL-S-1-5-32-544", "PrincipalType": "Group"}, {"RightName": "WriteDacl", "IsInherited": true, "PrincipalSID": "ESSOS.LOCAL-S-1-5-32-544", "PrincipalType": "Group"}], "HasSIDHistory": [], "IsDeleted": false, "Status": null, "IsACLProtected": false},{"ObjectIdentifier": "S-1-5-21-254479581-914559915-1075136021-1104", "AllowedToAct": [], "PrimaryGroupSID": "S-1-5-21-254479581-914559915-1075136021-515", "LocalAdmins": {"Collected": true, "FailureReason": null, "Results": []}, "PSRemoteUsers": {"Collected": true, "FailureReason": null, "Results": []}, "Properties": {"name": "BRAAVOS.ESSOS.LOCAL", "domainsid": "S-1-5-21-254479581-914559915-1075136021", "domain": "ESSOS.LOCAL", "distinguishedname": "CN=BRAAVOS,OU=LAPS,DC=ESSOS,DC=LOCAL", "unconstraineddelegation": false, "enabled": true, "trustedtoauth": false, "samaccountname": "BRAAVOS$", "haslaps": true, "lastlogon": 1688728175, "lastlogontimestamp": 1688611827, "pwdlastset": 1688611827, "whencreated": 1688611827, "serviceprincipalnames": ["TERMSRV/BRAAVOS", "TERMSRV/braavos.essos.local", "RestrictedKrbHost/BRAAVOS", "HOST/BRAAVOS", "RestrictedKrbHost/braavos.essos.local", "HOST/braavos.essos.local"], "description": null, "operatingsystem": "Windows Server 2016 Standard Evaluation", "sidhistory": []}, "RemoteDesktopUsers": {"Collected": true, "FailureReason": null, "Results": []}, "DcomUsers": {"Collected": true, "FailureReason": null, "Results": []}, "AllowedToDelegate": [], "Sessions": {"Collected": true, "FailureReason": null, "Results": []}, "PrivilegedSessions": {"Collected": false, "FailureReason": null, "Results": []}, "RegistrySessions": {"Collected": false, "FailureReason": null, "Results": []}, "Aces": [{"RightName": "Owns", "IsInherited": false, "PrincipalSID": "S-1-5-21-254479581-914559915-1075136021-512", "PrincipalType": "Group"}, {"RightName": "GenericAll", "IsInherited": false, "PrincipalSID": "S-1-5-21-254479581-914559915-1075136021-512", "PrincipalType": "Group"}, {"RightName": "GenericAll", "IsInherited": false, "PrincipalSID": "ESSOS.LOCAL-S-1-5-32-548", "PrincipalType": "Group"}, {"RightName": "ReadLAPSPassword", "IsInherited": true, "PrincipalSID": "S-1-5-21-254479581-914559915-1075136021-1109", "PrincipalType": "Group"}, {"RightName": "ReadLAPSPassword", "IsInherited": true, "PrincipalSID": "S-1-5-21-254479581-914559915-1075136021-1113", "PrincipalType": "User"}, {"RightName": "AddKeyCredentialLink", "IsInherited": true, "PrincipalSID": "S-1-5-21-254479581-914559915-1075136021-526", "PrincipalType": "Group"}, {"RightName": "AddKeyCredentialLink", "IsInherited": true, "PrincipalSID": "S-1-5-21-254479581-914559915-1075136021-527", "PrincipalType": "Group"}, {"RightName": "GenericAll", "IsInherited": true, "PrincipalSID": "S-1-5-21-254479581-914559915-1075136021-519", "PrincipalType": "Group"}, {"RightName": "GenericWrite", "IsInherited": true, "PrincipalSID": "ESSOS.LOCAL-S-1-5-32-544", "PrincipalType": "Group"}, {"RightName": "WriteOwner", "IsInherited": true, "PrincipalSID": "ESSOS.LOCAL-S-1-5-32-544", "PrincipalType": "Group"}, {"RightName": "WriteDacl", "IsInherited": true, "PrincipalSID": "ESSOS.LOCAL-S-1-5-32-544", "PrincipalType": "Group"}], "HasSIDHistory": [], "IsDeleted": false, "Status": null, "IsACLProtected": false}],"meta":{"methods":0,"type":"computers","count":2, "version":5}}