{"data":[{"ObjectIdentifier": "CB70C2DB-2D20-402D-B697-94690FF5C3E0", "Properties": {"domain": "ESSOS.LOCAL", "name": "LAPS@ESSOS.LOCAL", "distinguishedname": "OU=LAPS,DC=ESSOS,DC=LOCAL", "domainsid": "S-1-5-21-254479581-914559915-1075136021", "highvalue": false, "blocksinheritance": false, "description": null, "whencreated": 1688613071}, "IsDeleted": false, "IsACLProtected": false, "Aces": [{"RightName": "GenericAll", "IsInherited": false, "PrincipalSID": "S-1-5-21-254479581-914559915-1075136021-512", "PrincipalType": "Group"}, {"RightName": "GenericAll", "IsInherited": true, "PrincipalSID": "S-1-5-21-254479581-914559915-1075136021-519", "PrincipalType": "Group"}, {"RightName": "WriteOwner", "IsInherited": true, "PrincipalSID": "ESSOS.LOCAL-S-1-5-32-544", "PrincipalType": "Group"}, {"RightName": "WriteDacl", "IsInherited": true, "PrincipalSID": "ESSOS.LOCAL-S-1-5-32-544", "PrincipalType": "Group"}], "Links": [{"IsEnforced": true, "GUID": "17713753-CA63-47A5-8B25-913089F0AF53"}], "ChildObjects": [{"ObjectIdentifier": "S-1-5-21-254479581-914559915-1075136021-1104", "ObjectType": "Computer"}], "GPOChanges": {"AffectedComputers": [], "DcomUsers": [], "LocalAdmins": [], "PSRemoteUsers": [], "RemoteDesktopUsers": []}},{"ObjectIdentifier": "2FEB43F0-4F74-455F-8EFD-0EB9FE5C5D12", "Properties": {"domain": "ESSOS.LOCAL", "name": "DOMAIN CONTROLLERS@ESSOS.LOCAL", "distinguishedname": "OU=DOMAIN CONTROLLERS,DC=ESSOS,DC=LOCAL", "domainsid": "S-1-5-21-254479581-914559915-1075136021", "highvalue": false, "blocksinheritance": false, "description": "Default container for domain controllers", "whencreated": 1688610520}, "IsDeleted": false, "IsACLProtected": false, "Aces": [{"RightName": "Owns", "IsInherited": false, "PrincipalSID": "S-1-5-21-254479581-914559915-1075136021-512", "PrincipalType": "Group"}, {"RightName": "WriteOwner", "IsInherited": false, "PrincipalSID": "S-1-5-21-254479581-914559915-1075136021-512", "PrincipalType": "Group"}, {"RightName": "WriteDacl", "IsInherited": false, "PrincipalSID": "S-1-5-21-254479581-914559915-1075136021-512", "PrincipalType": "Group"}, {"RightName": "GenericAll", "IsInherited": true, "PrincipalSID": "S-1-5-21-254479581-914559915-1075136021-519", "PrincipalType": "Group"}, {"RightName": "WriteOwner", "IsInherited": true, "PrincipalSID": "ESSOS.LOCAL-S-1-5-32-544", "PrincipalType": "Group"}, {"RightName": "WriteDacl", "IsInherited": true, "PrincipalSID": "ESSOS.LOCAL-S-1-5-32-544", "PrincipalType": "Group"}], "Links": [{"IsEnforced": false, "GUID": "13F691C9-F602-45D0-986D-77DA2FB2C785"}], "ChildObjects": [{"ObjectIdentifier": "S-1-5-21-254479581-914559915-1075136021-1001", "ObjectType": "Computer"}], "GPOChanges": {"AffectedComputers": [], "DcomUsers": [], "LocalAdmins": [], "PSRemoteUsers": [], "RemoteDesktopUsers": []}}],"meta":{"methods":0,"type":"ous","count":2, "version":5}}