{"data":[{"ObjectIdentifier": "17713753-CA63-47A5-8B25-913089F0AF53", "Properties": {"domain": "ESSOS.LOCAL", "name": "ANSIBLE-LAPS@ESSOS.LOCAL", "distinguishedname": "CN={2C8047E4-CD10-42AD-867F-197CAA073E37},CN=POLICIES,CN=SYSTEM,DC=ESSOS,DC=LOCAL", "domainsid": "S-1-5-21-254479581-914559915-1075136021", "highvalue": false, "gpcpath": "\\\\ESSOS.LOCAL\\SYSVOL\\ESSOS.LOCAL\\POLICIES\\{2C8047E4-CD10-42AD-867F-197CAA073E37}", "description": null, "whencreated": 1688613453}, "IsDeleted": false, "IsACLProtected": true, "Aces": [{"RightName": "Owns", "IsInherited": false, "PrincipalSID": "S-1-5-21-254479581-914559915-1075136021-1000", "PrincipalType": "User"}, {"RightName": "GenericWrite", "IsInherited": false, "PrincipalSID": "S-1-5-21-254479581-914559915-1075136021-1000", "PrincipalType": "User"}, {"RightName": "WriteOwner", "IsInherited": false, "PrincipalSID": "S-1-5-21-254479581-914559915-1075136021-1000", "PrincipalType": "User"}, {"RightName": "WriteDacl", "IsInherited": false, "PrincipalSID": "S-1-5-21-254479581-914559915-1075136021-1000", "PrincipalType": "User"}, {"RightName": "GenericWrite", "IsInherited": false, "PrincipalSID": "S-1-5-21-254479581-914559915-1075136021-512", "PrincipalType": "Group"}, {"RightName": "WriteOwner", "IsInherited": false, "PrincipalSID": "S-1-5-21-254479581-914559915-1075136021-512", "PrincipalType": "Group"}, {"RightName": "WriteDacl", "IsInherited": false, "PrincipalSID": "S-1-5-21-254479581-914559915-1075136021-512", "PrincipalType": "Group"}, {"RightName": "GenericWrite", "IsInherited": false, "PrincipalSID": "S-1-5-21-254479581-914559915-1075136021-519", "PrincipalType": "Group"}, {"RightName": "WriteOwner", "IsInherited": false, "PrincipalSID": "S-1-5-21-254479581-914559915-1075136021-519", "PrincipalType": "Group"}, {"RightName": "WriteDacl", "IsInherited": false, "PrincipalSID": "S-1-5-21-254479581-914559915-1075136021-519", "PrincipalType": "Group"}]},{"ObjectIdentifier": "13F691C9-F602-45D0-986D-77DA2FB2C785", "Properties": {"domain": "ESSOS.LOCAL", "name": "DEFAULT DOMAIN CONTROLLERS POLICY@ESSOS.LOCAL", "distinguishedname": "CN={6AC1786C-016F-11D2-945F-00C04FB984F9},CN=POLICIES,CN=SYSTEM,DC=ESSOS,DC=LOCAL", "domainsid": "S-1-5-21-254479581-914559915-1075136021", "highvalue": false, "gpcpath": "\\\\ESSOS.LOCAL\\SYSVOL\\ESSOS.LOCAL\\POLICIES\\{6AC1786C-016F-11D2-945F-00C04FB984F9}", "description": null, "whencreated": 1688610520}, "IsDeleted": false, "IsACLProtected": true, "Aces": [{"RightName": "Owns", "IsInherited": false, "PrincipalSID": "S-1-5-21-254479581-914559915-1075136021-512", "PrincipalType": "Group"}, {"RightName": "GenericWrite", "IsInherited": false, "PrincipalSID": "S-1-5-21-254479581-914559915-1075136021-512", "PrincipalType": "Group"}, {"RightName": "WriteOwner", "IsInherited": false, "PrincipalSID": "S-1-5-21-254479581-914559915-1075136021-512", "PrincipalType": "Group"}, {"RightName": "WriteDacl", "IsInherited": false, "PrincipalSID": "S-1-5-21-254479581-914559915-1075136021-512", "PrincipalType": "Group"}, {"RightName": "GenericWrite", "IsInherited": false, "PrincipalSID": "S-1-5-21-254479581-914559915-1075136021-519", "PrincipalType": "Group"}, {"RightName": "WriteOwner", "IsInherited": false, "PrincipalSID": "S-1-5-21-254479581-914559915-1075136021-519", "PrincipalType": "Group"}, {"RightName": "WriteDacl", "IsInherited": false, "PrincipalSID": "S-1-5-21-254479581-914559915-1075136021-519", "PrincipalType": "Group"}, {"RightName": "GenericWrite", "IsInherited": false, "PrincipalSID": "S-1-5-21-254479581-914559915-1075136021-512", "PrincipalType": "Group"}, {"RightName": "WriteOwner", "IsInherited": false, "PrincipalSID": "S-1-5-21-254479581-914559915-1075136021-512", "PrincipalType": "Group"}, {"RightName": "WriteDacl", "IsInherited": false, "PrincipalSID": "S-1-5-21-254479581-914559915-1075136021-512", "PrincipalType": "Group"}]},{"ObjectIdentifier": "B906EED6-9765-4F94-A48E-1BC78178DCAA", "Properties": {"domain": "ESSOS.LOCAL", "name": "DEFAULT DOMAIN POLICY@ESSOS.LOCAL", "distinguishedname": "CN={31B2F340-016D-11D2-945F-00C04FB984F9},CN=POLICIES,CN=SYSTEM,DC=ESSOS,DC=LOCAL", "domainsid": "S-1-5-21-254479581-914559915-1075136021", "highvalue": false, "gpcpath": "\\\\ESSOS.LOCAL\\SYSVOL\\ESSOS.LOCAL\\POLICIES\\{31B2F340-016D-11D2-945F-00C04FB984F9}", "description": null, "whencreated": 1688610520}, "IsDeleted": false, "IsACLProtected": true, "Aces": [{"RightName": "Owns", "IsInherited": false, "PrincipalSID": "S-1-5-21-254479581-914559915-1075136021-512", "PrincipalType": "Group"}, {"RightName": "GenericWrite", "IsInherited": false, "PrincipalSID": "S-1-5-21-254479581-914559915-1075136021-512", "PrincipalType": "Group"}, {"RightName": "WriteOwner", "IsInherited": false, "PrincipalSID": "S-1-5-21-254479581-914559915-1075136021-512", "PrincipalType": "Group"}, {"RightName": "WriteDacl", "IsInherited": false, "PrincipalSID": "S-1-5-21-254479581-914559915-1075136021-512", "PrincipalType": "Group"}, {"RightName": "GenericWrite", "IsInherited": false, "PrincipalSID": "S-1-5-21-254479581-914559915-1075136021-519", "PrincipalType": "Group"}, {"RightName": "WriteOwner", "IsInherited": false, "PrincipalSID": "S-1-5-21-254479581-914559915-1075136021-519", "PrincipalType": "Group"}, {"RightName": "WriteDacl", "IsInherited": false, "PrincipalSID": "S-1-5-21-254479581-914559915-1075136021-519", "PrincipalType": "Group"}, {"RightName": "GenericWrite", "IsInherited": false, "PrincipalSID": "S-1-5-21-254479581-914559915-1075136021-512", "PrincipalType": "Group"}, {"RightName": "WriteOwner", "IsInherited": false, "PrincipalSID": "S-1-5-21-254479581-914559915-1075136021-512", "PrincipalType": "Group"}, {"RightName": "WriteDacl", "IsInherited": false, "PrincipalSID": "S-1-5-21-254479581-914559915-1075136021-512", "PrincipalType": "Group"}]}],"meta":{"methods":0,"type":"gpos","count":3, "version":5}}