{"data": [{"ObjectIdentifier": "S-1-5-21-254479581-914559915-1075136021", "Properties": {"name": "ESSOS.LOCAL", "domain": "ESSOS.LOCAL", "domainsid": "S-1-5-21-254479581-914559915-1075136021", "distinguishedname": "DC=ESSOS,DC=LOCAL", "description": "", "functionallevel": "2016", "highvalue": true, "whencreated": 1688610514}, "Trusts": [{"TargetDomainName": "SEVENKINGDOMS.LOCAL", "TargetDomainSid": "S-1-5-21-3356225206-989342118-3217507422", "IsTransitive": true, "TrustDirection": "Bidirectional", "TrustType": "Forest", "SidFilteringEnabled": true}], "Aces": [{"RightName": "Owns", "IsInherited": false, "PrincipalSID": "ESSOS.LOCAL-S-1-5-32-544", "PrincipalType": "Group"}, {"RightName": "GetChanges", "IsInherited": false, "PrincipalSID": "S-1-5-21-254479581-914559915-1075136021-498", "PrincipalType": "Group"}, {"RightName": "GetChangesAll", "IsInherited": false, "PrincipalSID": "S-1-5-21-254479581-914559915-1075136021-516", "PrincipalType": "Group"}, {"RightName": "GetChangesInFilteredSet", "IsInherited": false, "PrincipalSID": "ESSOS.LOCAL-S-1-5-32-544", "PrincipalType": "Group"}, {"RightName": "GetChanges", "IsInherited": false, "PrincipalSID": "ESSOS.LOCAL-S-1-5-32-544", "PrincipalType": "Group"}, {"RightName": "GetChangesAll", "IsInherited": false, "PrincipalSID": "ESSOS.LOCAL-S-1-5-32-544", "PrincipalType": "Group"}, {"RightName": "GetChangesInFilteredSet", "IsInherited": false, "PrincipalSID": "ESSOS.LOCAL-S-1-5-9", "PrincipalType": "Group"}, {"RightName": "GetChanges", "IsInherited": false, "PrincipalSID": "ESSOS.LOCAL-S-1-5-9", "PrincipalType": "Group"}, {"RightName": "WriteOwner", "IsInherited": false, "PrincipalSID": "S-1-5-21-254479581-914559915-1075136021-512", "PrincipalType": "Group"}, {"RightName": "AllExtendedRights", "IsInherited": false, "PrincipalSID": "S-1-5-21-254479581-914559915-1075136021-512", "PrincipalType": "Group"}, {"RightName": "WriteDacl", "IsInherited": false, "PrincipalSID": "S-1-5-21-254479581-914559915-1075136021-512", "PrincipalType": "Group"}, {"RightName": "GenericAll", "IsInherited": false, "PrincipalSID": "S-1-5-21-254479581-914559915-1075136021-519", "PrincipalType": "Group"}, {"RightName": "WriteOwner", "IsInherited": false, "PrincipalSID": "ESSOS.LOCAL-S-1-5-32-544", "PrincipalType": "Group"}, {"RightName": "AllExtendedRights", "IsInherited": false, "PrincipalSID": "ESSOS.LOCAL-S-1-5-32-544", "PrincipalType": "Group"}, {"RightName": "WriteDacl", "IsInherited": false, "PrincipalSID": "ESSOS.LOCAL-S-1-5-32-544", "PrincipalType": "Group"}], "Links": [{"IsEnforced": false, "GUID": "B906EED6-9765-4F94-A48E-1BC78178DCAA"}], "ChildObjects": [{"ObjectIdentifier": "F6FAEF70-133A-46C0-9778-C4929320216C", "ObjectType": "Container"}, {"ObjectIdentifier": "E8469740-3661-447F-8D16-3C585D535468", "ObjectType": "Container"}, {"ObjectIdentifier": "CB70C2DB-2D20-402D-B697-94690FF5C3E0", "ObjectType": "OU"}, {"ObjectIdentifier": "7AC541F9-A881-4627-BA29-A237C2EF0739", "ObjectType": "Container"}, {"ObjectIdentifier": "2FEB43F0-4F74-455F-8EFD-0EB9FE5C5D12", "ObjectType": "OU"}, {"ObjectIdentifier": "EC0AEDB1-DDEC-4BEB-9276-D4D03A8349E3", "ObjectType": "Container"}], "GPOChanges": {"AffectedComputers": [], "DcomUsers": [], "LocalAdmins": [], "PSRemoteUsers": [], "RemoteDesktopUsers": []}, "IsDeleted": false, "IsACLProtected": false}], "meta": {"type": "domains", "count": 1, "version": 5}}