{"data":[{"ObjectIdentifier": "EDF85390-58DD-4BAF-8FED-C5CDD8E8CD4B", "Properties": {"domain": "NORTH.SEVENKINGDOMS.LOCAL", "name": "LAPS@NORTH.SEVENKINGDOMS.LOCAL", "distinguishedname": "OU=LAPS,DC=NORTH,DC=SEVENKINGDOMS,DC=LOCAL", "domainsid": "S-1-5-21-1741091980-3075726550-22591605", "highvalue": false, "blocksinheritance": false, "description": null, "whencreated": 1688613073}, "IsDeleted": false, "IsACLProtected": false, "Aces": [{"RightName": "GenericAll", "IsInherited": false, "PrincipalSID": "S-1-5-21-1741091980-3075726550-22591605-512", "PrincipalType": "Group"}, {"RightName": "GenericAll", "IsInherited": true, "PrincipalSID": "S-1-5-21-3356225206-989342118-3217507422-519", "PrincipalType": "Group"}, {"RightName": "WriteOwner", "IsInherited": true, "PrincipalSID": "NORTH.SEVENKINGDOMS.LOCAL-S-1-5-32-544", "PrincipalType": "Group"}, {"RightName": "WriteDacl", "IsInherited": true, "PrincipalSID": "NORTH.SEVENKINGDOMS.LOCAL-S-1-5-32-544", "PrincipalType": "Group"}], "Links": [{"IsEnforced": true, "GUID": "49FD6D51-6EF7-417E-9007-5072B2720071"}], "ChildObjects": [], "GPOChanges": {"AffectedComputers": [], "DcomUsers": [], "LocalAdmins": [], "PSRemoteUsers": [], "RemoteDesktopUsers": []}},{"ObjectIdentifier": "834A5D42-7B8B-4F49-A8B0-A661DD4076A7", "Properties": {"domain": "NORTH.SEVENKINGDOMS.LOCAL", "name": "DOMAIN CONTROLLERS@NORTH.SEVENKINGDOMS.LOCAL", "distinguishedname": "OU=DOMAIN CONTROLLERS,DC=NORTH,DC=SEVENKINGDOMS,DC=LOCAL", "domainsid": "S-1-5-21-1741091980-3075726550-22591605", "highvalue": false, "blocksinheritance": false, "description": "Default container for domain controllers", "whencreated": 1688611370}, "IsDeleted": false, "IsACLProtected": false, "Aces": [{"RightName": "Owns", "IsInherited": false, "PrincipalSID": "S-1-5-21-1741091980-3075726550-22591605-512", "PrincipalType": "Group"}, {"RightName": "WriteOwner", "IsInherited": false, "PrincipalSID": "S-1-5-21-1741091980-3075726550-22591605-512", "PrincipalType": "Group"}, {"RightName": "WriteDacl", "IsInherited": false, "PrincipalSID": "S-1-5-21-1741091980-3075726550-22591605-512", "PrincipalType": "Group"}, {"RightName": "GenericAll", "IsInherited": true, "PrincipalSID": "S-1-5-21-3356225206-989342118-3217507422-519", "PrincipalType": "Group"}, {"RightName": "WriteOwner", "IsInherited": true, "PrincipalSID": "NORTH.SEVENKINGDOMS.LOCAL-S-1-5-32-544", "PrincipalType": "Group"}, {"RightName": "WriteDacl", "IsInherited": true, "PrincipalSID": "NORTH.SEVENKINGDOMS.LOCAL-S-1-5-32-544", "PrincipalType": "Group"}], "Links": [{"IsEnforced": false, "GUID": "F0D5D977-C4DC-4671-A501-E9B1CE1D5191"}], "ChildObjects": [{"ObjectIdentifier": "S-1-5-21-1741091980-3075726550-22591605-1001", "ObjectType": "Computer"}], "GPOChanges": {"AffectedComputers": [], "DcomUsers": [], "LocalAdmins": [], "PSRemoteUsers": [], "RemoteDesktopUsers": []}}],"meta":{"methods":0,"type":"ous","count":2, "version":5}}