{"data":[{"ObjectIdentifier":"S-1-5-21-1741091980-3075726550-22591605-1104","IsDeleted":false,"IsACLProtected":false,"Properties":{"domain":"NORTH.SEVENKINGDOMS.LOCAL","name":"CASTELBLACK@NORTH.SEVENKINGDOMS.LOCAL","distinguishedname":"CN=CASTELBLACK,CN=COMPUTERS,DC=NORTH,DC=SEVENKINGDOMS,DC=LOCAL","highvalue":false,"samaccountname":null,"domainsid":"S-1-5-21-1741091980-3075726550-22591605","haslaps":false,"description":null,"whencreated":1688611827,"enabled":true,"unconstraineddelegation":false,"trustedtoauth":false,"lastlogon":-1,"lastlogontimestamp":1688611827,"pwdlastset":1688611827,"serviceprincipalnames":["HTTP/winterfell.north.sevenkingdoms.local","TERMSRV/CASTELBLACK","TERMSRV/castelblack.north.sevenkingdoms.local","RestrictedKrbHost/CASTELBLACK","HOST/CASTELBLACK","RestrictedKrbHost/castelblack.north.sevenkingdoms.local","HOST/castelblack.north.sevenkingdoms.local"],"operatingsystem":"Windows Server 2019 Datacenter Evaluation","sidhistory":[],"samaccoutname":"CASTELBLACK$","allowedtodelegate":["HTTP/winterfell","HTTP/winterfell.north.sevenkingdoms.local"]},"PrimaryGroupSID":"S-1-5-21-1741091980-3075726550-22591605-515","Aces":[{"RightName":"Owns","IsInherited":false,"PrincipalSID":"S-1-5-21-1741091980-3075726550-22591605-512","PrincipalType":"Group"},{"RightName":"GenericAll","IsInherited":false,"PrincipalSID":"S-1-5-21-1741091980-3075726550-22591605-512","PrincipalType":"Group"},{"RightName":"GenericAll","IsInherited":false,"PrincipalSID":"NORTH.SEVENKINGDOMS.LOCAL-S-1-5-32-548","PrincipalType":"Group"},{"RightName":"AddKeyCredentialLink","IsInherited":true,"PrincipalSID":"S-1-5-21-1741091980-3075726550-22591605-526","PrincipalType":"Group"},{"RightName":"AddKeyCredentialLink","IsInherited":true,"PrincipalSID":"S-1-5-21-3356225206-989342118-3217507422-527","PrincipalType":"Group"},{"RightName":"GenericAll","IsInherited":true,"PrincipalSID":"S-1-5-21-3356225206-989342118-3217507422-519","PrincipalType":"Group"},{"RightName":"GenericWrite","IsInherited":true,"PrincipalSID":"NORTH.SEVENKINGDOMS.LOCAL-S-1-5-32-544","PrincipalType":"Group"},{"RightName":"WriteOwner","IsInherited":true,"PrincipalSID":"NORTH.SEVENKINGDOMS.LOCAL-S-1-5-32-544","PrincipalType":"Group"},{"RightName":"WriteDacl","IsInherited":true,"PrincipalSID":"NORTH.SEVENKINGDOMS.LOCAL-S-1-5-32-544","PrincipalType":"Group"}],"AllowedToDelegate":[{"ObjectIdentifier":"WINTERFELL","ObjectType":"Computer"},{"ObjectIdentifier":"WINTERFELL.NORTH.SEVENKINGDOMS.LOCAL","ObjectType":"Computer"}],"AllowedToAct":[],"Status":null,"HasSIDHistory":[],"Sessions":{"Results":[],"Collected":false,"FailureReason":null},"PrivilegedSessions":{"Results":[],"Collected":false,"FailureReason":null},"RegistrySessions":{"Results":[],"Collected":false,"FailureReason":null},"LocalAdmins":{"Results":[],"Collected":false,"FailureReason":null},"RemoteDesktopUsers":{"Results":[],"Collected":false,"FailureReason":null},"DcomUsers":{"Results":[],"Collected":false,"FailureReason":null},"PSRemoteUsers":{"Results":[],"Collected":false,"FailureReason":null}},{"ObjectIdentifier":"S-1-5-21-1741091980-3075726550-22591605-1001","IsDeleted":false,"IsACLProtected":false,"Properties":{"domain":"NORTH.SEVENKINGDOMS.LOCAL","name":"WINTERFELL@NORTH.SEVENKINGDOMS.LOCAL","distinguishedname":"CN=WINTERFELL,OU=DOMAIN CONTROLLERS,DC=NORTH,DC=SEVENKINGDOMS,DC=LOCAL","highvalue":false,"samaccountname":null,"domainsid":"S-1-5-21-1741091980-3075726550-22591605","haslaps":false,"description":null,"whencreated":1688611408,"enabled":true,"unconstraineddelegation":true,"trustedtoauth":false,"lastlogon":-1,"lastlogontimestamp":1688611453,"pwdlastset":1688611430,"serviceprincipalnames":["ldap/winterfell.north.sevenkingdoms.local/DomainDnsZones.north.sevenkingdoms.local","ldap/winterfell.north.sevenkingdoms.local/ForestDnsZones.sevenkingdoms.local","Dfsr-12F9A27C-BF97-4787-9364-D31B6C55EB04/winterfell.north.sevenkingdoms.local","TERMSRV/WINTERFELL","TERMSRV/winterfell.north.sevenkingdoms.local","DNS/winterfell.north.sevenkingdoms.local","GC/winterfell.north.sevenkingdoms.local/sevenkingdoms.local","RestrictedKrbHost/winterfell.north.sevenkingdoms.local","RestrictedKrbHost/WINTERFELL","RPC/4a02dc74-f296-454e-a7c8-aa7c74f4e882._msdcs.sevenkingdoms.local","HOST/WINTERFELL/NORTH","HOST/winterfell.north.sevenkingdoms.local/NORTH","HOST/WINTERFELL","HOST/winterfell.north.sevenkingdoms.local","HOST/winterfell.north.sevenkingdoms.local/north.sevenkingdoms.local","E3514235-4B06-11D1-AB04-00C04FC2DCD2/4a02dc74-f296-454e-a7c8-aa7c74f4e882/north.sevenkingdoms.local","ldap/WINTERFELL/NORTH","ldap/4a02dc74-f296-454e-a7c8-aa7c74f4e882._msdcs.sevenkingdoms.local","ldap/winterfell.north.sevenkingdoms.local/NORTH","ldap/WINTERFELL","ldap/winterfell.north.sevenkingdoms.local","ldap/winterfell.north.sevenkingdoms.local/north.sevenkingdoms.local"],"operatingsystem":"Windows Server 2019 Datacenter Evaluation","sidhistory":[],"samaccoutname":"WINTERFELL$"},"PrimaryGroupSID":"S-1-5-21-1741091980-3075726550-22591605-516","Aces":[{"RightName":"Owns","IsInherited":false,"PrincipalSID":"S-1-5-21-1741091980-3075726550-22591605-512","PrincipalType":"Group"},{"RightName":"GenericAll","IsInherited":false,"PrincipalSID":"S-1-5-21-1741091980-3075726550-22591605-512","PrincipalType":"Group"},{"RightName":"AddKeyCredentialLink","IsInherited":true,"PrincipalSID":"S-1-5-21-1741091980-3075726550-22591605-526","PrincipalType":"Group"},{"RightName":"AddKeyCredentialLink","IsInherited":true,"PrincipalSID":"S-1-5-21-3356225206-989342118-3217507422-527","PrincipalType":"Group"},{"RightName":"GenericAll","IsInherited":true,"PrincipalSID":"S-1-5-21-3356225206-989342118-3217507422-519","PrincipalType":"Group"},{"RightName":"GenericWrite","IsInherited":true,"PrincipalSID":"NORTH.SEVENKINGDOMS.LOCAL-S-1-5-32-544","PrincipalType":"Group"},{"RightName":"WriteOwner","IsInherited":true,"PrincipalSID":"NORTH.SEVENKINGDOMS.LOCAL-S-1-5-32-544","PrincipalType":"Group"},{"RightName":"WriteDacl","IsInherited":true,"PrincipalSID":"NORTH.SEVENKINGDOMS.LOCAL-S-1-5-32-544","PrincipalType":"Group"}],"AllowedToDelegate":[],"AllowedToAct":[],"Status":null,"HasSIDHistory":[],"Sessions":{"Results":[],"Collected":false,"FailureReason":null},"PrivilegedSessions":{"Results":[],"Collected":false,"FailureReason":null},"RegistrySessions":{"Results":[],"Collected":false,"FailureReason":null},"LocalAdmins":{"Results":[],"Collected":false,"FailureReason":null},"RemoteDesktopUsers":{"Results":[],"Collected":false,"FailureReason":null},"DcomUsers":{"Results":[],"Collected":false,"FailureReason":null},"PSRemoteUsers":{"Results":[],"Collected":false,"FailureReason":null}}],"meta":{"methods":0,"type":"computers","count":2,"version":5}}