{"data":[{"ObjectIdentifier":"S-1-5-21-1741091980-3075726550-22591605-515","IsDeleted":false,"IsACLProtected":false,"Properties":{"domain":"NORTH.SEVENKINGDOMS.LOCAL","domainsid":"S-1-5-21-1741091980-3075726550-22591605","name":"DOMAIN COMPUTERS@NORTH.SEVENKINGDOMS.LOCAL","distinguishedname":"CN=DOMAIN COMPUTERS,CN=USERS,DC=NORTH,DC=SEVENKINGDOMS,DC=LOCAL","samaccountname":null,"highvalue":false,"admincount":false,"description":"All workstations and servers joined to the domain","whencreated":1688611408,"samaccoutname":"Domain Computers"},"Members":[],"Aces":[{"RightName":"Owns","IsInherited":false,"PrincipalSID":"S-1-5-21-1741091980-3075726550-22591605-512","PrincipalType":"Group"},{"RightName":"GenericAll","IsInherited":false,"PrincipalSID":"S-1-5-21-1741091980-3075726550-22591605-512","PrincipalType":"Group"},{"RightName":"GenericAll","IsInherited":false,"PrincipalSID":"NORTH.SEVENKINGDOMS.LOCAL-S-1-5-32-548","PrincipalType":"Group"},{"RightName":"GenericAll","IsInherited":true,"PrincipalSID":"S-1-5-21-3356225206-989342118-3217507422-519","PrincipalType":"Group"},{"RightName":"GenericWrite","IsInherited":true,"PrincipalSID":"NORTH.SEVENKINGDOMS.LOCAL-S-1-5-32-544","PrincipalType":"Group"},{"RightName":"WriteOwner","IsInherited":true,"PrincipalSID":"NORTH.SEVENKINGDOMS.LOCAL-S-1-5-32-544","PrincipalType":"Group"},{"RightName":"WriteDacl","IsInherited":true,"PrincipalSID":"NORTH.SEVENKINGDOMS.LOCAL-S-1-5-32-544","PrincipalType":"Group"}]},{"ObjectIdentifier":"S-1-5-21-1741091980-3075726550-22591605-516","IsDeleted":false,"IsACLProtected":true,"Properties":{"domain":"NORTH.SEVENKINGDOMS.LOCAL","domainsid":"S-1-5-21-1741091980-3075726550-22591605","name":"DOMAIN CONTROLLERS@NORTH.SEVENKINGDOMS.LOCAL","distinguishedname":"CN=DOMAIN CONTROLLERS,CN=USERS,DC=NORTH,DC=SEVENKINGDOMS,DC=LOCAL","samaccountname":null,"highvalue":true,"admincount":true,"description":"All domain controllers in the domain","whencreated":1688611408,"samaccoutname":"Domain Controllers"},"Members":[],"Aces":[{"RightName":"Owns","IsInherited":false,"PrincipalSID":"S-1-5-21-1741091980-3075726550-22591605-512","PrincipalType":"Group"},{"RightName":"GenericWrite","IsInherited":false,"PrincipalSID":"S-1-5-21-1741091980-3075726550-22591605-512","PrincipalType":"Group"},{"RightName":"WriteOwner","IsInherited":false,"PrincipalSID":"S-1-5-21-1741091980-3075726550-22591605-512","PrincipalType":"Group"},{"RightName":"WriteDacl","IsInherited":false,"PrincipalSID":"S-1-5-21-1741091980-3075726550-22591605-512","PrincipalType":"Group"},{"RightName":"GenericWrite","IsInherited":false,"PrincipalSID":"S-1-5-21-3356225206-989342118-3217507422-519","PrincipalType":"Group"},{"RightName":"WriteOwner","IsInherited":false,"PrincipalSID":"S-1-5-21-3356225206-989342118-3217507422-519","PrincipalType":"Group"},{"RightName":"WriteDacl","IsInherited":false,"PrincipalSID":"S-1-5-21-3356225206-989342118-3217507422-519","PrincipalType":"Group"},{"RightName":"GenericWrite","IsInherited":false,"PrincipalSID":"NORTH.SEVENKINGDOMS.LOCAL-S-1-5-32-544","PrincipalType":"Group"},{"RightName":"WriteOwner","IsInherited":false,"PrincipalSID":"NORTH.SEVENKINGDOMS.LOCAL-S-1-5-32-544","PrincipalType":"Group"},{"RightName":"WriteDacl","IsInherited":false,"PrincipalSID":"NORTH.SEVENKINGDOMS.LOCAL-S-1-5-32-544","PrincipalType":"Group"}]},{"ObjectIdentifier":"S-1-5-21-1741091980-3075726550-22591605-517","IsDeleted":false,"IsACLProtected":false,"Properties":{"domain":"NORTH.SEVENKINGDOMS.LOCAL","domainsid":"S-1-5-21-1741091980-3075726550-22591605","name":"CERT PUBLISHERS@NORTH.SEVENKINGDOMS.LOCAL","distinguishedname":"CN=CERT PUBLISHERS,CN=USERS,DC=NORTH,DC=SEVENKINGDOMS,DC=LOCAL","samaccountname":null,"highvalue":false,"admincount":false,"description":"Members of this group are permitted to publish certificates to the directory","whencreated":1688611408,"samaccoutname":"Cert Publishers"},"Members":[],"Aces":[{"RightName":"Owns","IsInherited":false,"PrincipalSID":"S-1-5-21-1741091980-3075726550-22591605-512","PrincipalType":"Group"},{"RightName":"GenericAll","IsInherited":false,"PrincipalSID":"S-1-5-21-1741091980-3075726550-22591605-512","PrincipalType":"Group"},{"RightName":"GenericAll","IsInherited":false,"PrincipalSID":"NORTH.SEVENKINGDOMS.LOCAL-S-1-5-32-548","PrincipalType":"Group"},{"RightName":"GenericAll","IsInherited":true,"PrincipalSID":"S-1-5-21-3356225206-989342118-3217507422-519","PrincipalType":"Group"},{"RightName":"GenericWrite","IsInherited":true,"PrincipalSID":"NORTH.SEVENKINGDOMS.LOCAL-S-1-5-32-544","PrincipalType":"Group"},{"RightName":"WriteOwner","IsInherited":true,"PrincipalSID":"NORTH.SEVENKINGDOMS.LOCAL-S-1-5-32-544","PrincipalType":"Group"},{"RightName":"WriteDacl","IsInherited":true,"PrincipalSID":"NORTH.SEVENKINGDOMS.LOCAL-S-1-5-32-544","PrincipalType":"Group"}]},{"ObjectIdentifier":"S-1-5-21-1741091980-3075726550-22591605-512","IsDeleted":false,"IsACLProtected":true,"Properties":{"domain":"NORTH.SEVENKINGDOMS.LOCAL","domainsid":"S-1-5-21-1741091980-3075726550-22591605","name":"DOMAIN ADMINS@NORTH.SEVENKINGDOMS.LOCAL","distinguishedname":"CN=DOMAIN ADMINS,CN=USERS,DC=NORTH,DC=SEVENKINGDOMS,DC=LOCAL","samaccountname":null,"highvalue":true,"admincount":true,"description":"Designated administrators of the domain","whencreated":1688611408,"samaccoutname":"Domain Admins"},"Members":[{"ObjectIdentifier":"S-1-5-21-1741091980-3075726550-22591605-1111","ObjectType":"User"},{"ObjectIdentifier":"S-1-5-21-1741091980-3075726550-22591605-500","ObjectType":"User"}],"Aces":[{"RightName":"Owns","IsInherited":false,"PrincipalSID":"S-1-5-21-1741091980-3075726550-22591605-512","PrincipalType":"Group"},{"RightName":"GenericWrite","IsInherited":false,"PrincipalSID":"S-1-5-21-1741091980-3075726550-22591605-512","PrincipalType":"Group"},{"RightName":"WriteOwner","IsInherited":false,"PrincipalSID":"S-1-5-21-1741091980-3075726550-22591605-512","PrincipalType":"Group"},{"RightName":"WriteDacl","IsInherited":false,"PrincipalSID":"S-1-5-21-1741091980-3075726550-22591605-512","PrincipalType":"Group"},{"RightName":"GenericWrite","IsInherited":false,"PrincipalSID":"S-1-5-21-3356225206-989342118-3217507422-519","PrincipalType":"Group"},{"RightName":"WriteOwner","IsInherited":false,"PrincipalSID":"S-1-5-21-3356225206-989342118-3217507422-519","PrincipalType":"Group"},{"RightName":"WriteDacl","IsInherited":false,"PrincipalSID":"S-1-5-21-3356225206-989342118-3217507422-519","PrincipalType":"Group"},{"RightName":"GenericWrite","IsInherited":false,"PrincipalSID":"NORTH.SEVENKINGDOMS.LOCAL-S-1-5-32-544","PrincipalType":"Group"},{"RightName":"WriteOwner","IsInherited":false,"PrincipalSID":"NORTH.SEVENKINGDOMS.LOCAL-S-1-5-32-544","PrincipalType":"Group"},{"RightName":"WriteDacl","IsInherited":false,"PrincipalSID":"NORTH.SEVENKINGDOMS.LOCAL-S-1-5-32-544","PrincipalType":"Group"}]},{"ObjectIdentifier":"S-1-5-21-1741091980-3075726550-22591605-513","IsDeleted":false,"IsACLProtected":false,"Properties":{"domain":"NORTH.SEVENKINGDOMS.LOCAL","domainsid":"S-1-5-21-1741091980-3075726550-22591605","name":"DOMAIN USERS@NORTH.SEVENKINGDOMS.LOCAL","distinguishedname":"CN=DOMAIN USERS,CN=USERS,DC=NORTH,DC=SEVENKINGDOMS,DC=LOCAL","samaccountname":null,"highvalue":false,"admincount":false,"description":"All domain users","whencreated":1688611408,"samaccoutname":"Domain Users"},"Members":[],"Aces":[{"RightName":"Owns","IsInherited":false,"PrincipalSID":"S-1-5-21-1741091980-3075726550-22591605-512","PrincipalType":"Group"},{"RightName":"GenericAll","IsInherited":false,"PrincipalSID":"S-1-5-21-1741091980-3075726550-22591605-512","PrincipalType":"Group"},{"RightName":"GenericAll","IsInherited":false,"PrincipalSID":"NORTH.SEVENKINGDOMS.LOCAL-S-1-5-32-548","PrincipalType":"Group"},{"RightName":"GenericAll","IsInherited":true,"PrincipalSID":"S-1-5-21-3356225206-989342118-3217507422-519","PrincipalType":"Group"},{"RightName":"GenericWrite","IsInherited":true,"PrincipalSID":"NORTH.SEVENKINGDOMS.LOCAL-S-1-5-32-544","PrincipalType":"Group"},{"RightName":"WriteOwner","IsInherited":true,"PrincipalSID":"NORTH.SEVENKINGDOMS.LOCAL-S-1-5-32-544","PrincipalType":"Group"},{"RightName":"WriteDacl","IsInherited":true,"PrincipalSID":"NORTH.SEVENKINGDOMS.LOCAL-S-1-5-32-544","PrincipalType":"Group"}]},{"ObjectIdentifier":"S-1-5-21-1741091980-3075726550-22591605-514","IsDeleted":false,"IsACLProtected":false,"Properties":{"domain":"NORTH.SEVENKINGDOMS.LOCAL","domainsid":"S-1-5-21-1741091980-3075726550-22591605","name":"DOMAIN GUESTS@NORTH.SEVENKINGDOMS.LOCAL","distinguishedname":"CN=DOMAIN GUESTS,CN=USERS,DC=NORTH,DC=SEVENKINGDOMS,DC=LOCAL","samaccountname":null,"highvalue":false,"admincount":false,"description":"All domain guests","whencreated":1688611408,"samaccoutname":"Domain Guests"},"Members":[],"Aces":[{"RightName":"Owns","IsInherited":false,"PrincipalSID":"S-1-5-21-1741091980-3075726550-22591605-512","PrincipalType":"Group"},{"RightName":"GenericAll","IsInherited":false,"PrincipalSID":"S-1-5-21-1741091980-3075726550-22591605-512","PrincipalType":"Group"},{"RightName":"GenericAll","IsInherited":false,"PrincipalSID":"NORTH.SEVENKINGDOMS.LOCAL-S-1-5-32-548","PrincipalType":"Group"},{"RightName":"GenericAll","IsInherited":true,"PrincipalSID":"S-1-5-21-3356225206-989342118-3217507422-519","PrincipalType":"Group"},{"RightName":"GenericWrite","IsInherited":true,"PrincipalSID":"NORTH.SEVENKINGDOMS.LOCAL-S-1-5-32-544","PrincipalType":"Group"},{"RightName":"WriteOwner","IsInherited":true,"PrincipalSID":"NORTH.SEVENKINGDOMS.LOCAL-S-1-5-32-544","PrincipalType":"Group"},{"RightName":"WriteDacl","IsInherited":true,"PrincipalSID":"NORTH.SEVENKINGDOMS.LOCAL-S-1-5-32-544","PrincipalType":"Group"}]},{"ObjectIdentifier":"S-1-5-21-1741091980-3075726550-22591605-520","IsDeleted":false,"IsACLProtected":false,"Properties":{"domain":"NORTH.SEVENKINGDOMS.LOCAL","domainsid":"S-1-5-21-1741091980-3075726550-22591605","name":"GROUP POLICY CREATOR OWNERS@NORTH.SEVENKINGDOMS.LOCAL","distinguishedname":"CN=GROUP POLICY CREATOR OWNERS,CN=USERS,DC=NORTH,DC=SEVENKINGDOMS,DC=LOCAL","samaccountname":null,"highvalue":true,"admincount":false,"description":"Members in this group can modify group policy for the domain","whencreated":1688611408,"samaccoutname":"Group Policy Creator Owners"},"Members":[{"ObjectIdentifier":"S-1-5-21-1741091980-3075726550-22591605-500","ObjectType":"User"}],"Aces":[{"RightName":"Owns","IsInherited":false,"PrincipalSID":"S-1-5-21-1741091980-3075726550-22591605-512","PrincipalType":"Group"},{"RightName":"GenericAll","IsInherited":false,"PrincipalSID":"S-1-5-21-1741091980-3075726550-22591605-512","PrincipalType":"Group"},{"RightName":"GenericAll","IsInherited":false,"PrincipalSID":"NORTH.SEVENKINGDOMS.LOCAL-S-1-5-32-548","PrincipalType":"Group"},{"RightName":"GenericAll","IsInherited":true,"PrincipalSID":"S-1-5-21-3356225206-989342118-3217507422-519","PrincipalType":"Group"},{"RightName":"GenericWrite","IsInherited":true,"PrincipalSID":"NORTH.SEVENKINGDOMS.LOCAL-S-1-5-32-544","PrincipalType":"Group"},{"RightName":"WriteOwner","IsInherited":true,"PrincipalSID":"NORTH.SEVENKINGDOMS.LOCAL-S-1-5-32-544","PrincipalType":"Group"},{"RightName":"WriteDacl","IsInherited":true,"PrincipalSID":"NORTH.SEVENKINGDOMS.LOCAL-S-1-5-32-544","PrincipalType":"Group"}]},{"ObjectIdentifier":"S-1-5-21-1741091980-3075726550-22591605-553","IsDeleted":false,"IsACLProtected":false,"Properties":{"domain":"NORTH.SEVENKINGDOMS.LOCAL","domainsid":"S-1-5-21-1741091980-3075726550-22591605","name":"RAS AND IAS SERVERS@NORTH.SEVENKINGDOMS.LOCAL","distinguishedname":"CN=RAS AND IAS SERVERS,CN=USERS,DC=NORTH,DC=SEVENKINGDOMS,DC=LOCAL","samaccountname":null,"highvalue":false,"admincount":false,"description":"Servers in this group can access remote access properties of users","whencreated":1688611408,"samaccoutname":"RAS and IAS Servers"},"Members":[],"Aces":[{"RightName":"Owns","IsInherited":false,"PrincipalSID":"S-1-5-21-1741091980-3075726550-22591605-512","PrincipalType":"Group"},{"RightName":"GenericAll","IsInherited":false,"PrincipalSID":"S-1-5-21-1741091980-3075726550-22591605-512","PrincipalType":"Group"},{"RightName":"GenericAll","IsInherited":false,"PrincipalSID":"NORTH.SEVENKINGDOMS.LOCAL-S-1-5-32-548","PrincipalType":"Group"},{"RightName":"GenericAll","IsInherited":true,"PrincipalSID":"S-1-5-21-3356225206-989342118-3217507422-519","PrincipalType":"Group"},{"RightName":"GenericWrite","IsInherited":true,"PrincipalSID":"NORTH.SEVENKINGDOMS.LOCAL-S-1-5-32-544","PrincipalType":"Group"},{"RightName":"WriteOwner","IsInherited":true,"PrincipalSID":"NORTH.SEVENKINGDOMS.LOCAL-S-1-5-32-544","PrincipalType":"Group"},{"RightName":"WriteDacl","IsInherited":true,"PrincipalSID":"NORTH.SEVENKINGDOMS.LOCAL-S-1-5-32-544","PrincipalType":"Group"}]},{"ObjectIdentifier":"S-1-5-21-1741091980-3075726550-22591605-571","IsDeleted":false,"IsACLProtected":false,"Properties":{"domain":"NORTH.SEVENKINGDOMS.LOCAL","domainsid":"S-1-5-21-1741091980-3075726550-22591605","name":"ALLOWED RODC PASSWORD REPLICATION GROUP@NORTH.SEVENKINGDOMS.LOCAL","distinguishedname":"CN=ALLOWED RODC PASSWORD REPLICATION GROUP,CN=USERS,DC=NORTH,DC=SEVENKINGDOMS,DC=LOCAL","samaccountname":null,"highvalue":false,"admincount":false,"description":"Members in this group can have their passwords replicated to all read-only domain controllers in the domain","whencreated":1688611408,"samaccoutname":"Allowed RODC Password Replication Group"},"Members":[],"Aces":[{"RightName":"Owns","IsInherited":false,"PrincipalSID":"S-1-5-21-1741091980-3075726550-22591605-512","PrincipalType":"Group"},{"RightName":"GenericAll","IsInherited":false,"PrincipalSID":"S-1-5-21-1741091980-3075726550-22591605-512","PrincipalType":"Group"},{"RightName":"GenericAll","IsInherited":false,"PrincipalSID":"NORTH.SEVENKINGDOMS.LOCAL-S-1-5-32-548","PrincipalType":"Group"},{"RightName":"GenericAll","IsInherited":true,"PrincipalSID":"S-1-5-21-3356225206-989342118-3217507422-519","PrincipalType":"Group"},{"RightName":"GenericWrite","IsInherited":true,"PrincipalSID":"NORTH.SEVENKINGDOMS.LOCAL-S-1-5-32-544","PrincipalType":"Group"},{"RightName":"WriteOwner","IsInherited":true,"PrincipalSID":"NORTH.SEVENKINGDOMS.LOCAL-S-1-5-32-544","PrincipalType":"Group"},{"RightName":"WriteDacl","IsInherited":true,"PrincipalSID":"NORTH.SEVENKINGDOMS.LOCAL-S-1-5-32-544","PrincipalType":"Group"}]},{"ObjectIdentifier":"S-1-5-21-1741091980-3075726550-22591605-572","IsDeleted":false,"IsACLProtected":false,"Properties":{"domain":"NORTH.SEVENKINGDOMS.LOCAL","domainsid":"S-1-5-21-1741091980-3075726550-22591605","name":"DENIED RODC PASSWORD REPLICATION GROUP@NORTH.SEVENKINGDOMS.LOCAL","distinguishedname":"CN=DENIED RODC PASSWORD REPLICATION GROUP,CN=USERS,DC=NORTH,DC=SEVENKINGDOMS,DC=LOCAL","samaccountname":null,"highvalue":false,"admincount":false,"description":"Members in this group cannot have their passwords replicated to any read-only domain controllers in the domain","whencreated":1688611408,"samaccoutname":"Denied RODC Password Replication Group"},"Members":[{"ObjectIdentifier":"S-1-5-21-3356225206-989342118-3217507422-519","ObjectType":"Group"},{"ObjectIdentifier":"S-1-5-21-3356225206-989342118-3217507422-518","ObjectType":"Group"},{"ObjectIdentifier":"S-1-5-21-1741091980-3075726550-22591605-521","ObjectType":"Group"},{"ObjectIdentifier":"S-1-5-21-1741091980-3075726550-22591605-520","ObjectType":"Group"},{"ObjectIdentifier":"S-1-5-21-1741091980-3075726550-22591605-512","ObjectType":"Group"},{"ObjectIdentifier":"S-1-5-21-1741091980-3075726550-22591605-517","ObjectType":"Group"},{"ObjectIdentifier":"S-1-5-21-1741091980-3075726550-22591605-516","ObjectType":"Group"},{"ObjectIdentifier":"S-1-5-21-1741091980-3075726550-22591605-502","ObjectType":"User"}],"Aces":[{"RightName":"Owns","IsInherited":false,"PrincipalSID":"S-1-5-21-1741091980-3075726550-22591605-512","PrincipalType":"Group"},{"RightName":"GenericAll","IsInherited":false,"PrincipalSID":"S-1-5-21-1741091980-3075726550-22591605-512","PrincipalType":"Group"},{"RightName":"GenericAll","IsInherited":false,"PrincipalSID":"NORTH.SEVENKINGDOMS.LOCAL-S-1-5-32-548","PrincipalType":"Group"},{"RightName":"GenericAll","IsInherited":true,"PrincipalSID":"S-1-5-21-3356225206-989342118-3217507422-519","PrincipalType":"Group"},{"RightName":"GenericWrite","IsInherited":true,"PrincipalSID":"NORTH.SEVENKINGDOMS.LOCAL-S-1-5-32-544","PrincipalType":"Group"},{"RightName":"WriteOwner","IsInherited":true,"PrincipalSID":"NORTH.SEVENKINGDOMS.LOCAL-S-1-5-32-544","PrincipalType":"Group"},{"RightName":"WriteDacl","IsInherited":true,"PrincipalSID":"NORTH.SEVENKINGDOMS.LOCAL-S-1-5-32-544","PrincipalType":"Group"}]},{"ObjectIdentifier":"S-1-5-21-1741091980-3075726550-22591605-521","IsDeleted":false,"IsACLProtected":true,"Properties":{"domain":"NORTH.SEVENKINGDOMS.LOCAL","domainsid":"S-1-5-21-1741091980-3075726550-22591605","name":"READ-ONLY DOMAIN CONTROLLERS@NORTH.SEVENKINGDOMS.LOCAL","distinguishedname":"CN=READ-ONLY DOMAIN CONTROLLERS,CN=USERS,DC=NORTH,DC=SEVENKINGDOMS,DC=LOCAL","samaccountname":null,"highvalue":false,"admincount":true,"description":"Members of this group are Read-Only Domain Controllers in the domain","whencreated":1688611408,"samaccoutname":"Read-only Domain Controllers"},"Members":[],"Aces":[{"RightName":"Owns","IsInherited":false,"PrincipalSID":"S-1-5-21-1741091980-3075726550-22591605-512","PrincipalType":"Group"},{"RightName":"GenericWrite","IsInherited":false,"PrincipalSID":"S-1-5-21-1741091980-3075726550-22591605-512","PrincipalType":"Group"},{"RightName":"WriteOwner","IsInherited":false,"PrincipalSID":"S-1-5-21-1741091980-3075726550-22591605-512","PrincipalType":"Group"},{"RightName":"WriteDacl","IsInherited":false,"PrincipalSID":"S-1-5-21-1741091980-3075726550-22591605-512","PrincipalType":"Group"},{"RightName":"GenericWrite","IsInherited":false,"PrincipalSID":"S-1-5-21-3356225206-989342118-3217507422-519","PrincipalType":"Group"},{"RightName":"WriteOwner","IsInherited":false,"PrincipalSID":"S-1-5-21-3356225206-989342118-3217507422-519","PrincipalType":"Group"},{"RightName":"WriteDacl","IsInherited":false,"PrincipalSID":"S-1-5-21-3356225206-989342118-3217507422-519","PrincipalType":"Group"},{"RightName":"GenericWrite","IsInherited":false,"PrincipalSID":"NORTH.SEVENKINGDOMS.LOCAL-S-1-5-32-544","PrincipalType":"Group"},{"RightName":"WriteOwner","IsInherited":false,"PrincipalSID":"NORTH.SEVENKINGDOMS.LOCAL-S-1-5-32-544","PrincipalType":"Group"},{"RightName":"WriteDacl","IsInherited":false,"PrincipalSID":"NORTH.SEVENKINGDOMS.LOCAL-S-1-5-32-544","PrincipalType":"Group"}]},{"ObjectIdentifier":"S-1-5-21-1741091980-3075726550-22591605-522","IsDeleted":false,"IsACLProtected":false,"Properties":{"domain":"NORTH.SEVENKINGDOMS.LOCAL","domainsid":"S-1-5-21-1741091980-3075726550-22591605","name":"CLONEABLE DOMAIN CONTROLLERS@NORTH.SEVENKINGDOMS.LOCAL","distinguishedname":"CN=CLONEABLE DOMAIN CONTROLLERS,CN=USERS,DC=NORTH,DC=SEVENKINGDOMS,DC=LOCAL","samaccountname":null,"highvalue":false,"admincount":false,"description":"Members of this group that are domain controllers may be cloned.","whencreated":1688611408,"samaccoutname":"Cloneable Domain Controllers"},"Members":[],"Aces":[{"RightName":"Owns","IsInherited":false,"PrincipalSID":"S-1-5-21-1741091980-3075726550-22591605-512","PrincipalType":"Group"},{"RightName":"GenericAll","IsInherited":false,"PrincipalSID":"S-1-5-21-1741091980-3075726550-22591605-512","PrincipalType":"Group"},{"RightName":"GenericAll","IsInherited":false,"PrincipalSID":"NORTH.SEVENKINGDOMS.LOCAL-S-1-5-32-548","PrincipalType":"Group"},{"RightName":"GenericAll","IsInherited":true,"PrincipalSID":"S-1-5-21-3356225206-989342118-3217507422-519","PrincipalType":"Group"},{"RightName":"GenericWrite","IsInherited":true,"PrincipalSID":"NORTH.SEVENKINGDOMS.LOCAL-S-1-5-32-544","PrincipalType":"Group"},{"RightName":"WriteOwner","IsInherited":true,"PrincipalSID":"NORTH.SEVENKINGDOMS.LOCAL-S-1-5-32-544","PrincipalType":"Group"},{"RightName":"WriteDacl","IsInherited":true,"PrincipalSID":"NORTH.SEVENKINGDOMS.LOCAL-S-1-5-32-544","PrincipalType":"Group"}]},{"ObjectIdentifier":"S-1-5-21-1741091980-3075726550-22591605-525","IsDeleted":false,"IsACLProtected":false,"Properties":{"domain":"NORTH.SEVENKINGDOMS.LOCAL","domainsid":"S-1-5-21-1741091980-3075726550-22591605","name":"PROTECTED USERS@NORTH.SEVENKINGDOMS.LOCAL","distinguishedname":"CN=PROTECTED USERS,CN=USERS,DC=NORTH,DC=SEVENKINGDOMS,DC=LOCAL","samaccountname":null,"highvalue":false,"admincount":false,"description":"Members of this group are afforded additional protections against authentication security threats. See http://go.microsoft.com/fwlink/?LinkId=298939 for more information.","whencreated":1688611408,"samaccoutname":"Protected Users"},"Members":[],"Aces":[{"RightName":"Owns","IsInherited":false,"PrincipalSID":"S-1-5-21-1741091980-3075726550-22591605-512","PrincipalType":"Group"},{"RightName":"GenericAll","IsInherited":false,"PrincipalSID":"S-1-5-21-1741091980-3075726550-22591605-512","PrincipalType":"Group"},{"RightName":"GenericAll","IsInherited":false,"PrincipalSID":"NORTH.SEVENKINGDOMS.LOCAL-S-1-5-32-548","PrincipalType":"Group"},{"RightName":"GenericAll","IsInherited":true,"PrincipalSID":"S-1-5-21-3356225206-989342118-3217507422-519","PrincipalType":"Group"},{"RightName":"GenericWrite","IsInherited":true,"PrincipalSID":"NORTH.SEVENKINGDOMS.LOCAL-S-1-5-32-544","PrincipalType":"Group"},{"RightName":"WriteOwner","IsInherited":true,"PrincipalSID":"NORTH.SEVENKINGDOMS.LOCAL-S-1-5-32-544","PrincipalType":"Group"},{"RightName":"WriteDacl","IsInherited":true,"PrincipalSID":"NORTH.SEVENKINGDOMS.LOCAL-S-1-5-32-544","PrincipalType":"Group"}]},{"ObjectIdentifier":"S-1-5-21-1741091980-3075726550-22591605-526","IsDeleted":false,"IsACLProtected":true,"Properties":{"domain":"NORTH.SEVENKINGDOMS.LOCAL","domainsid":"S-1-5-21-1741091980-3075726550-22591605","name":"KEY ADMINS@NORTH.SEVENKINGDOMS.LOCAL","distinguishedname":"CN=KEY ADMINS,CN=USERS,DC=NORTH,DC=SEVENKINGDOMS,DC=LOCAL","samaccountname":null,"highvalue":false,"admincount":true,"description":"Members of this group can perform administrative actions on key objects within the domain.","whencreated":1688611408,"samaccoutname":"Key Admins"},"Members":[],"Aces":[{"RightName":"Owns","IsInherited":false,"PrincipalSID":"S-1-5-21-1741091980-3075726550-22591605-512","PrincipalType":"Group"},{"RightName":"GenericWrite","IsInherited":false,"PrincipalSID":"S-1-5-21-1741091980-3075726550-22591605-512","PrincipalType":"Group"},{"RightName":"WriteOwner","IsInherited":false,"PrincipalSID":"S-1-5-21-1741091980-3075726550-22591605-512","PrincipalType":"Group"},{"RightName":"WriteDacl","IsInherited":false,"PrincipalSID":"S-1-5-21-1741091980-3075726550-22591605-512","PrincipalType":"Group"},{"RightName":"GenericWrite","IsInherited":false,"PrincipalSID":"S-1-5-21-3356225206-989342118-3217507422-519","PrincipalType":"Group"},{"RightName":"WriteOwner","IsInherited":false,"PrincipalSID":"S-1-5-21-3356225206-989342118-3217507422-519","PrincipalType":"Group"},{"RightName":"WriteDacl","IsInherited":false,"PrincipalSID":"S-1-5-21-3356225206-989342118-3217507422-519","PrincipalType":"Group"},{"RightName":"GenericWrite","IsInherited":false,"PrincipalSID":"NORTH.SEVENKINGDOMS.LOCAL-S-1-5-32-544","PrincipalType":"Group"},{"RightName":"WriteOwner","IsInherited":false,"PrincipalSID":"NORTH.SEVENKINGDOMS.LOCAL-S-1-5-32-544","PrincipalType":"Group"},{"RightName":"WriteDacl","IsInherited":false,"PrincipalSID":"NORTH.SEVENKINGDOMS.LOCAL-S-1-5-32-544","PrincipalType":"Group"}]},{"ObjectIdentifier":"S-1-5-21-1741091980-3075726550-22591605-1102","IsDeleted":false,"IsACLProtected":false,"Properties":{"domain":"NORTH.SEVENKINGDOMS.LOCAL","domainsid":"S-1-5-21-1741091980-3075726550-22591605","name":"DNSADMINS@NORTH.SEVENKINGDOMS.LOCAL","distinguishedname":"CN=DNSADMINS,CN=USERS,DC=NORTH,DC=SEVENKINGDOMS,DC=LOCAL","samaccountname":null,"highvalue":false,"admincount":false,"description":"DNS Administrators Group","whencreated":1688611453,"samaccoutname":"DnsAdmins"},"Members":[],"Aces":[{"RightName":"Owns","IsInherited":false,"PrincipalSID":"NORTH.SEVENKINGDOMS.LOCAL-S-1-5-18","PrincipalType":"Group"},{"RightName":"GenericAll","IsInherited":false,"PrincipalSID":"S-1-5-21-1741091980-3075726550-22591605-512","PrincipalType":"Group"},{"RightName":"GenericAll","IsInherited":false,"PrincipalSID":"NORTH.SEVENKINGDOMS.LOCAL-S-1-5-32-548","PrincipalType":"Group"},{"RightName":"GenericAll","IsInherited":true,"PrincipalSID":"S-1-5-21-3356225206-989342118-3217507422-519","PrincipalType":"Group"},{"RightName":"GenericWrite","IsInherited":true,"PrincipalSID":"NORTH.SEVENKINGDOMS.LOCAL-S-1-5-32-544","PrincipalType":"Group"},{"RightName":"WriteOwner","IsInherited":true,"PrincipalSID":"NORTH.SEVENKINGDOMS.LOCAL-S-1-5-32-544","PrincipalType":"Group"},{"RightName":"WriteDacl","IsInherited":true,"PrincipalSID":"NORTH.SEVENKINGDOMS.LOCAL-S-1-5-32-544","PrincipalType":"Group"}]},{"ObjectIdentifier":"S-1-5-21-1741091980-3075726550-22591605-1103","IsDeleted":false,"IsACLProtected":false,"Properties":{"domain":"NORTH.SEVENKINGDOMS.LOCAL","domainsid":"S-1-5-21-1741091980-3075726550-22591605","name":"DNSUPDATEPROXY@NORTH.SEVENKINGDOMS.LOCAL","distinguishedname":"CN=DNSUPDATEPROXY,CN=USERS,DC=NORTH,DC=SEVENKINGDOMS,DC=LOCAL","samaccountname":null,"highvalue":false,"admincount":false,"description":"DNS clients who are permitted to perform dynamic updates on behalf of some other clients (such as DHCP servers).","whencreated":1688611456,"samaccoutname":"DnsUpdateProxy"},"Members":[],"Aces":[{"RightName":"Owns","IsInherited":false,"PrincipalSID":"NORTH.SEVENKINGDOMS.LOCAL-S-1-5-18","PrincipalType":"Group"},{"RightName":"GenericAll","IsInherited":false,"PrincipalSID":"S-1-5-21-1741091980-3075726550-22591605-512","PrincipalType":"Group"},{"RightName":"GenericAll","IsInherited":false,"PrincipalSID":"NORTH.SEVENKINGDOMS.LOCAL-S-1-5-32-548","PrincipalType":"Group"},{"RightName":"GenericAll","IsInherited":true,"PrincipalSID":"S-1-5-21-3356225206-989342118-3217507422-519","PrincipalType":"Group"},{"RightName":"GenericWrite","IsInherited":true,"PrincipalSID":"NORTH.SEVENKINGDOMS.LOCAL-S-1-5-32-544","PrincipalType":"Group"},{"RightName":"WriteOwner","IsInherited":true,"PrincipalSID":"NORTH.SEVENKINGDOMS.LOCAL-S-1-5-32-544","PrincipalType":"Group"},{"RightName":"WriteDacl","IsInherited":true,"PrincipalSID":"NORTH.SEVENKINGDOMS.LOCAL-S-1-5-32-544","PrincipalType":"Group"}]},{"ObjectIdentifier":"S-1-5-21-1741091980-3075726550-22591605-1106","IsDeleted":false,"IsACLProtected":false,"Properties":{"domain":"NORTH.SEVENKINGDOMS.LOCAL","domainsid":"S-1-5-21-1741091980-3075726550-22591605","name":"STARK@NORTH.SEVENKINGDOMS.LOCAL","distinguishedname":"CN=STARK,CN=USERS,DC=NORTH,DC=SEVENKINGDOMS,DC=LOCAL","samaccountname":null,"highvalue":false,"admincount":false,"description":null,"whencreated":1688612983,"samaccoutname":"Stark"},"Members":[{"ObjectIdentifier":"S-1-5-21-1741091980-3075726550-22591605-1118","ObjectType":"User"},{"ObjectIdentifier":"S-1-5-21-1741091980-3075726550-22591605-1117","ObjectType":"User"},{"ObjectIdentifier":"S-1-5-21-1741091980-3075726550-22591605-1116","ObjectType":"User"},{"ObjectIdentifier":"S-1-5-21-1741091980-3075726550-22591605-1115","ObjectType":"User"},{"ObjectIdentifier":"S-1-5-21-1741091980-3075726550-22591605-1114","ObjectType":"User"},{"ObjectIdentifier":"S-1-5-21-1741091980-3075726550-22591605-1113","ObjectType":"User"},{"ObjectIdentifier":"S-1-5-21-1741091980-3075726550-22591605-1112","ObjectType":"User"},{"ObjectIdentifier":"S-1-5-21-1741091980-3075726550-22591605-1111","ObjectType":"User"},{"ObjectIdentifier":"S-1-5-21-1741091980-3075726550-22591605-1110","ObjectType":"User"}],"Aces":[{"RightName":"Owns","IsInherited":false,"PrincipalSID":"S-1-5-21-1741091980-3075726550-22591605-1000","PrincipalType":"User"},{"RightName":"GenericAll","IsInherited":false,"PrincipalSID":"S-1-5-21-1741091980-3075726550-22591605-512","PrincipalType":"Group"},{"RightName":"GenericAll","IsInherited":false,"PrincipalSID":"NORTH.SEVENKINGDOMS.LOCAL-S-1-5-32-548","PrincipalType":"Group"},{"RightName":"GenericAll","IsInherited":true,"PrincipalSID":"S-1-5-21-3356225206-989342118-3217507422-519","PrincipalType":"Group"},{"RightName":"GenericWrite","IsInherited":true,"PrincipalSID":"NORTH.SEVENKINGDOMS.LOCAL-S-1-5-32-544","PrincipalType":"Group"},{"RightName":"WriteOwner","IsInherited":true,"PrincipalSID":"NORTH.SEVENKINGDOMS.LOCAL-S-1-5-32-544","PrincipalType":"Group"},{"RightName":"WriteDacl","IsInherited":true,"PrincipalSID":"NORTH.SEVENKINGDOMS.LOCAL-S-1-5-32-544","PrincipalType":"Group"}]},{"ObjectIdentifier":"S-1-5-21-1741091980-3075726550-22591605-1107","IsDeleted":false,"IsACLProtected":false,"Properties":{"domain":"NORTH.SEVENKINGDOMS.LOCAL","domainsid":"S-1-5-21-1741091980-3075726550-22591605","name":"NIGHT WATCH@NORTH.SEVENKINGDOMS.LOCAL","distinguishedname":"CN=NIGHT WATCH,CN=USERS,DC=NORTH,DC=SEVENKINGDOMS,DC=LOCAL","samaccountname":null,"highvalue":false,"admincount":false,"description":null,"whencreated":1688612984,"samaccoutname":"Night Watch"},"Members":[{"ObjectIdentifier":"S-1-5-21-1741091980-3075726550-22591605-1120","ObjectType":"User"},{"ObjectIdentifier":"S-1-5-21-1741091980-3075726550-22591605-1119","ObjectType":"User"},{"ObjectIdentifier":"S-1-5-21-1741091980-3075726550-22591605-1118","ObjectType":"User"}],"Aces":[{"RightName":"Owns","IsInherited":false,"PrincipalSID":"S-1-5-21-1741091980-3075726550-22591605-1000","PrincipalType":"User"},{"RightName":"GenericAll","IsInherited":false,"PrincipalSID":"S-1-5-21-1741091980-3075726550-22591605-512","PrincipalType":"Group"},{"RightName":"GenericAll","IsInherited":false,"PrincipalSID":"NORTH.SEVENKINGDOMS.LOCAL-S-1-5-32-548","PrincipalType":"Group"},{"RightName":"GenericAll","IsInherited":true,"PrincipalSID":"S-1-5-21-3356225206-989342118-3217507422-519","PrincipalType":"Group"},{"RightName":"GenericWrite","IsInherited":true,"PrincipalSID":"NORTH.SEVENKINGDOMS.LOCAL-S-1-5-32-544","PrincipalType":"Group"},{"RightName":"WriteOwner","IsInherited":true,"PrincipalSID":"NORTH.SEVENKINGDOMS.LOCAL-S-1-5-32-544","PrincipalType":"Group"},{"RightName":"WriteDacl","IsInherited":true,"PrincipalSID":"NORTH.SEVENKINGDOMS.LOCAL-S-1-5-32-544","PrincipalType":"Group"}]},{"ObjectIdentifier":"S-1-5-21-1741091980-3075726550-22591605-1108","IsDeleted":false,"IsACLProtected":false,"Properties":{"domain":"NORTH.SEVENKINGDOMS.LOCAL","domainsid":"S-1-5-21-1741091980-3075726550-22591605","name":"MORMONT@NORTH.SEVENKINGDOMS.LOCAL","distinguishedname":"CN=MORMONT,CN=USERS,DC=NORTH,DC=SEVENKINGDOMS,DC=LOCAL","samaccountname":null,"highvalue":false,"admincount":false,"description":null,"whencreated":1688612985,"samaccoutname":"Mormont"},"Members":[{"ObjectIdentifier":"S-1-5-21-1741091980-3075726550-22591605-1120","ObjectType":"User"}],"Aces":[{"RightName":"Owns","IsInherited":false,"PrincipalSID":"S-1-5-21-1741091980-3075726550-22591605-1000","PrincipalType":"User"},{"RightName":"GenericAll","IsInherited":false,"PrincipalSID":"S-1-5-21-1741091980-3075726550-22591605-512","PrincipalType":"Group"},{"RightName":"GenericAll","IsInherited":false,"PrincipalSID":"NORTH.SEVENKINGDOMS.LOCAL-S-1-5-32-548","PrincipalType":"Group"},{"RightName":"GenericAll","IsInherited":true,"PrincipalSID":"S-1-5-21-3356225206-989342118-3217507422-519","PrincipalType":"Group"},{"RightName":"GenericWrite","IsInherited":true,"PrincipalSID":"NORTH.SEVENKINGDOMS.LOCAL-S-1-5-32-544","PrincipalType":"Group"},{"RightName":"WriteOwner","IsInherited":true,"PrincipalSID":"NORTH.SEVENKINGDOMS.LOCAL-S-1-5-32-544","PrincipalType":"Group"},{"RightName":"WriteDacl","IsInherited":true,"PrincipalSID":"NORTH.SEVENKINGDOMS.LOCAL-S-1-5-32-544","PrincipalType":"Group"}]},{"ObjectIdentifier":"S-1-5-21-1741091980-3075726550-22591605-1109","IsDeleted":false,"IsACLProtected":false,"Properties":{"domain":"NORTH.SEVENKINGDOMS.LOCAL","domainsid":"S-1-5-21-1741091980-3075726550-22591605","name":"ACROSSTHESEA@NORTH.SEVENKINGDOMS.LOCAL","distinguishedname":"CN=ACROSSTHESEA,CN=USERS,DC=NORTH,DC=SEVENKINGDOMS,DC=LOCAL","samaccountname":null,"highvalue":false,"admincount":false,"description":null,"whencreated":1688612990,"samaccoutname":"AcrossTheSea"},"Members":[],"Aces":[{"RightName":"Owns","IsInherited":false,"PrincipalSID":"S-1-5-21-1741091980-3075726550-22591605-1000","PrincipalType":"User"},{"RightName":"GenericAll","IsInherited":false,"PrincipalSID":"S-1-5-21-1741091980-3075726550-22591605-512","PrincipalType":"Group"},{"RightName":"GenericAll","IsInherited":false,"PrincipalSID":"NORTH.SEVENKINGDOMS.LOCAL-S-1-5-32-548","PrincipalType":"Group"},{"RightName":"GenericAll","IsInherited":true,"PrincipalSID":"S-1-5-21-3356225206-989342118-3217507422-519","PrincipalType":"Group"},{"RightName":"GenericWrite","IsInherited":true,"PrincipalSID":"NORTH.SEVENKINGDOMS.LOCAL-S-1-5-32-544","PrincipalType":"Group"},{"RightName":"WriteOwner","IsInherited":true,"PrincipalSID":"NORTH.SEVENKINGDOMS.LOCAL-S-1-5-32-544","PrincipalType":"Group"},{"RightName":"WriteDacl","IsInherited":true,"PrincipalSID":"NORTH.SEVENKINGDOMS.LOCAL-S-1-5-32-544","PrincipalType":"Group"}]},{"ObjectIdentifier":"NORTH.SEVENKINGDOMS.LOCAL-S-1-5-32-546","IsDeleted":false,"IsACLProtected":false,"Properties":{"domain":"NORTH.SEVENKINGDOMS.LOCAL","domainsid":"S-1-5-21-1741091980-3075726550-22591605","name":"GUESTS@NORTH.SEVENKINGDOMS.LOCAL","distinguishedname":"CN=GUESTS,CN=BUILTIN,DC=NORTH,DC=SEVENKINGDOMS,DC=LOCAL","samaccountname":null,"highvalue":false,"admincount":false,"description":"Guests have the same access as members of the Users group by default, except for the Guest account which is further restricted","whencreated":1688611371,"samaccoutname":"Guests"},"Members":[{"ObjectIdentifier":"S-1-5-21-1741091980-3075726550-22591605-514","ObjectType":"Group"},{"ObjectIdentifier":"S-1-5-21-1741091980-3075726550-22591605-501","ObjectType":"User"}],"Aces":[{"RightName":"Owns","IsInherited":false,"PrincipalSID":"NORTH.SEVENKINGDOMS.LOCAL-S-1-5-32-544","PrincipalType":"Group"},{"RightName":"GenericAll","IsInherited":false,"PrincipalSID":"S-1-5-21-1741091980-3075726550-22591605-512","PrincipalType":"Group"},{"RightName":"GenericAll","IsInherited":false,"PrincipalSID":"NORTH.SEVENKINGDOMS.LOCAL-S-1-5-32-548","PrincipalType":"Group"},{"RightName":"GenericAll","IsInherited":true,"PrincipalSID":"S-1-5-21-3356225206-989342118-3217507422-519","PrincipalType":"Group"},{"RightName":"GenericWrite","IsInherited":true,"PrincipalSID":"NORTH.SEVENKINGDOMS.LOCAL-S-1-5-32-544","PrincipalType":"Group"},{"RightName":"WriteOwner","IsInherited":true,"PrincipalSID":"NORTH.SEVENKINGDOMS.LOCAL-S-1-5-32-544","PrincipalType":"Group"},{"RightName":"WriteDacl","IsInherited":true,"PrincipalSID":"NORTH.SEVENKINGDOMS.LOCAL-S-1-5-32-544","PrincipalType":"Group"}]},{"ObjectIdentifier":"NORTH.SEVENKINGDOMS.LOCAL-S-1-5-32-550","IsDeleted":false,"IsACLProtected":true,"Properties":{"domain":"NORTH.SEVENKINGDOMS.LOCAL","domainsid":"S-1-5-21-1741091980-3075726550-22591605","name":"PRINT OPERATORS@NORTH.SEVENKINGDOMS.LOCAL","distinguishedname":"CN=PRINT OPERATORS,CN=BUILTIN,DC=NORTH,DC=SEVENKINGDOMS,DC=LOCAL","samaccountname":null,"highvalue":true,"admincount":true,"description":"Members can administer printers installed on domain controllers","whencreated":1688611371,"samaccoutname":"Print Operators"},"Members":[],"Aces":[{"RightName":"Owns","IsInherited":false,"PrincipalSID":"S-1-5-21-1741091980-3075726550-22591605-512","PrincipalType":"Group"},{"RightName":"GenericWrite","IsInherited":false,"PrincipalSID":"S-1-5-21-1741091980-3075726550-22591605-512","PrincipalType":"Group"},{"RightName":"WriteOwner","IsInherited":false,"PrincipalSID":"S-1-5-21-1741091980-3075726550-22591605-512","PrincipalType":"Group"},{"RightName":"WriteDacl","IsInherited":false,"PrincipalSID":"S-1-5-21-1741091980-3075726550-22591605-512","PrincipalType":"Group"},{"RightName":"GenericWrite","IsInherited":false,"PrincipalSID":"S-1-5-21-3356225206-989342118-3217507422-519","PrincipalType":"Group"},{"RightName":"WriteOwner","IsInherited":false,"PrincipalSID":"S-1-5-21-3356225206-989342118-3217507422-519","PrincipalType":"Group"},{"RightName":"WriteDacl","IsInherited":false,"PrincipalSID":"S-1-5-21-3356225206-989342118-3217507422-519","PrincipalType":"Group"},{"RightName":"GenericWrite","IsInherited":false,"PrincipalSID":"NORTH.SEVENKINGDOMS.LOCAL-S-1-5-32-544","PrincipalType":"Group"},{"RightName":"WriteOwner","IsInherited":false,"PrincipalSID":"NORTH.SEVENKINGDOMS.LOCAL-S-1-5-32-544","PrincipalType":"Group"},{"RightName":"WriteDacl","IsInherited":false,"PrincipalSID":"NORTH.SEVENKINGDOMS.LOCAL-S-1-5-32-544","PrincipalType":"Group"}]},{"ObjectIdentifier":"NORTH.SEVENKINGDOMS.LOCAL-S-1-5-32-551","IsDeleted":false,"IsACLProtected":true,"Properties":{"domain":"NORTH.SEVENKINGDOMS.LOCAL","domainsid":"S-1-5-21-1741091980-3075726550-22591605","name":"BACKUP OPERATORS@NORTH.SEVENKINGDOMS.LOCAL","distinguishedname":"CN=BACKUP OPERATORS,CN=BUILTIN,DC=NORTH,DC=SEVENKINGDOMS,DC=LOCAL","samaccountname":null,"highvalue":true,"admincount":true,"description":"Backup Operators can override security restrictions for the sole purpose of backing up or restoring files","whencreated":1688611371,"samaccoutname":"Backup Operators"},"Members":[],"Aces":[{"RightName":"Owns","IsInherited":false,"PrincipalSID":"S-1-5-21-1741091980-3075726550-22591605-512","PrincipalType":"Group"},{"RightName":"GenericWrite","IsInherited":false,"PrincipalSID":"S-1-5-21-1741091980-3075726550-22591605-512","PrincipalType":"Group"},{"RightName":"WriteOwner","IsInherited":false,"PrincipalSID":"S-1-5-21-1741091980-3075726550-22591605-512","PrincipalType":"Group"},{"RightName":"WriteDacl","IsInherited":false,"PrincipalSID":"S-1-5-21-1741091980-3075726550-22591605-512","PrincipalType":"Group"},{"RightName":"GenericWrite","IsInherited":false,"PrincipalSID":"S-1-5-21-3356225206-989342118-3217507422-519","PrincipalType":"Group"},{"RightName":"WriteOwner","IsInherited":false,"PrincipalSID":"S-1-5-21-3356225206-989342118-3217507422-519","PrincipalType":"Group"},{"RightName":"WriteDacl","IsInherited":false,"PrincipalSID":"S-1-5-21-3356225206-989342118-3217507422-519","PrincipalType":"Group"},{"RightName":"GenericWrite","IsInherited":false,"PrincipalSID":"NORTH.SEVENKINGDOMS.LOCAL-S-1-5-32-544","PrincipalType":"Group"},{"RightName":"WriteOwner","IsInherited":false,"PrincipalSID":"NORTH.SEVENKINGDOMS.LOCAL-S-1-5-32-544","PrincipalType":"Group"},{"RightName":"WriteDacl","IsInherited":false,"PrincipalSID":"NORTH.SEVENKINGDOMS.LOCAL-S-1-5-32-544","PrincipalType":"Group"}]},{"ObjectIdentifier":"NORTH.SEVENKINGDOMS.LOCAL-S-1-5-32-552","IsDeleted":false,"IsACLProtected":true,"Properties":{"domain":"NORTH.SEVENKINGDOMS.LOCAL","domainsid":"S-1-5-21-1741091980-3075726550-22591605","name":"REPLICATOR@NORTH.SEVENKINGDOMS.LOCAL","distinguishedname":"CN=REPLICATOR,CN=BUILTIN,DC=NORTH,DC=SEVENKINGDOMS,DC=LOCAL","samaccountname":null,"highvalue":false,"admincount":true,"description":"Supports file replication in a domain","whencreated":1688611371,"samaccoutname":"Replicator"},"Members":[],"Aces":[{"RightName":"Owns","IsInherited":false,"PrincipalSID":"S-1-5-21-1741091980-3075726550-22591605-512","PrincipalType":"Group"},{"RightName":"GenericWrite","IsInherited":false,"PrincipalSID":"S-1-5-21-1741091980-3075726550-22591605-512","PrincipalType":"Group"},{"RightName":"WriteOwner","IsInherited":false,"PrincipalSID":"S-1-5-21-1741091980-3075726550-22591605-512","PrincipalType":"Group"},{"RightName":"WriteDacl","IsInherited":false,"PrincipalSID":"S-1-5-21-1741091980-3075726550-22591605-512","PrincipalType":"Group"},{"RightName":"GenericWrite","IsInherited":false,"PrincipalSID":"S-1-5-21-3356225206-989342118-3217507422-519","PrincipalType":"Group"},{"RightName":"WriteOwner","IsInherited":false,"PrincipalSID":"S-1-5-21-3356225206-989342118-3217507422-519","PrincipalType":"Group"},{"RightName":"WriteDacl","IsInherited":false,"PrincipalSID":"S-1-5-21-3356225206-989342118-3217507422-519","PrincipalType":"Group"},{"RightName":"GenericWrite","IsInherited":false,"PrincipalSID":"NORTH.SEVENKINGDOMS.LOCAL-S-1-5-32-544","PrincipalType":"Group"},{"RightName":"WriteOwner","IsInherited":false,"PrincipalSID":"NORTH.SEVENKINGDOMS.LOCAL-S-1-5-32-544","PrincipalType":"Group"},{"RightName":"WriteDacl","IsInherited":false,"PrincipalSID":"NORTH.SEVENKINGDOMS.LOCAL-S-1-5-32-544","PrincipalType":"Group"}]},{"ObjectIdentifier":"NORTH.SEVENKINGDOMS.LOCAL-S-1-5-32-555","IsDeleted":false,"IsACLProtected":false,"Properties":{"domain":"NORTH.SEVENKINGDOMS.LOCAL","domainsid":"S-1-5-21-1741091980-3075726550-22591605","name":"REMOTE DESKTOP USERS@NORTH.SEVENKINGDOMS.LOCAL","distinguishedname":"CN=REMOTE DESKTOP USERS,CN=BUILTIN,DC=NORTH,DC=SEVENKINGDOMS,DC=LOCAL","samaccountname":null,"highvalue":false,"admincount":false,"description":"Members in this group are granted the right to logon remotely","whencreated":1688611371,"samaccoutname":"Remote Desktop Users"},"Members":[{"ObjectIdentifier":"S-1-5-21-1741091980-3075726550-22591605-1106","ObjectType":"Group"}],"Aces":[{"RightName":"Owns","IsInherited":false,"PrincipalSID":"NORTH.SEVENKINGDOMS.LOCAL-S-1-5-32-544","PrincipalType":"Group"},{"RightName":"GenericAll","IsInherited":false,"PrincipalSID":"S-1-5-21-1741091980-3075726550-22591605-512","PrincipalType":"Group"},{"RightName":"GenericAll","IsInherited":false,"PrincipalSID":"NORTH.SEVENKINGDOMS.LOCAL-S-1-5-32-548","PrincipalType":"Group"},{"RightName":"GenericAll","IsInherited":true,"PrincipalSID":"S-1-5-21-3356225206-989342118-3217507422-519","PrincipalType":"Group"},{"RightName":"GenericWrite","IsInherited":true,"PrincipalSID":"NORTH.SEVENKINGDOMS.LOCAL-S-1-5-32-544","PrincipalType":"Group"},{"RightName":"WriteOwner","IsInherited":true,"PrincipalSID":"NORTH.SEVENKINGDOMS.LOCAL-S-1-5-32-544","PrincipalType":"Group"},{"RightName":"WriteDacl","IsInherited":true,"PrincipalSID":"NORTH.SEVENKINGDOMS.LOCAL-S-1-5-32-544","PrincipalType":"Group"}]},{"ObjectIdentifier":"NORTH.SEVENKINGDOMS.LOCAL-S-1-5-32-556","IsDeleted":false,"IsACLProtected":false,"Properties":{"domain":"NORTH.SEVENKINGDOMS.LOCAL","domainsid":"S-1-5-21-1741091980-3075726550-22591605","name":"NETWORK CONFIGURATION OPERATORS@NORTH.SEVENKINGDOMS.LOCAL","distinguishedname":"CN=NETWORK CONFIGURATION OPERATORS,CN=BUILTIN,DC=NORTH,DC=SEVENKINGDOMS,DC=LOCAL","samaccountname":null,"highvalue":false,"admincount":false,"description":"Members in this group can have some administrative privileges to manage configuration of networking features","whencreated":1688611371,"samaccoutname":"Network Configuration Operators"},"Members":[],"Aces":[{"RightName":"Owns","IsInherited":false,"PrincipalSID":"NORTH.SEVENKINGDOMS.LOCAL-S-1-5-32-544","PrincipalType":"Group"},{"RightName":"GenericAll","IsInherited":false,"PrincipalSID":"S-1-5-21-1741091980-3075726550-22591605-512","PrincipalType":"Group"},{"RightName":"GenericAll","IsInherited":false,"PrincipalSID":"NORTH.SEVENKINGDOMS.LOCAL-S-1-5-32-548","PrincipalType":"Group"},{"RightName":"GenericAll","IsInherited":true,"PrincipalSID":"S-1-5-21-3356225206-989342118-3217507422-519","PrincipalType":"Group"},{"RightName":"GenericWrite","IsInherited":true,"PrincipalSID":"NORTH.SEVENKINGDOMS.LOCAL-S-1-5-32-544","PrincipalType":"Group"},{"RightName":"WriteOwner","IsInherited":true,"PrincipalSID":"NORTH.SEVENKINGDOMS.LOCAL-S-1-5-32-544","PrincipalType":"Group"},{"RightName":"WriteDacl","IsInherited":true,"PrincipalSID":"NORTH.SEVENKINGDOMS.LOCAL-S-1-5-32-544","PrincipalType":"Group"}]},{"ObjectIdentifier":"NORTH.SEVENKINGDOMS.LOCAL-S-1-5-32-558","IsDeleted":false,"IsACLProtected":false,"Properties":{"domain":"NORTH.SEVENKINGDOMS.LOCAL","domainsid":"S-1-5-21-1741091980-3075726550-22591605","name":"PERFORMANCE MONITOR USERS@NORTH.SEVENKINGDOMS.LOCAL","distinguishedname":"CN=PERFORMANCE MONITOR USERS,CN=BUILTIN,DC=NORTH,DC=SEVENKINGDOMS,DC=LOCAL","samaccountname":null,"highvalue":false,"admincount":false,"description":"Members of this group can access performance counter data locally and remotely","whencreated":1688611371,"samaccoutname":"Performance Monitor Users"},"Members":[],"Aces":[{"RightName":"Owns","IsInherited":false,"PrincipalSID":"NORTH.SEVENKINGDOMS.LOCAL-S-1-5-32-544","PrincipalType":"Group"},{"RightName":"GenericAll","IsInherited":false,"PrincipalSID":"S-1-5-21-1741091980-3075726550-22591605-512","PrincipalType":"Group"},{"RightName":"GenericAll","IsInherited":false,"PrincipalSID":"NORTH.SEVENKINGDOMS.LOCAL-S-1-5-32-548","PrincipalType":"Group"},{"RightName":"GenericAll","IsInherited":true,"PrincipalSID":"S-1-5-21-3356225206-989342118-3217507422-519","PrincipalType":"Group"},{"RightName":"GenericWrite","IsInherited":true,"PrincipalSID":"NORTH.SEVENKINGDOMS.LOCAL-S-1-5-32-544","PrincipalType":"Group"},{"RightName":"WriteOwner","IsInherited":true,"PrincipalSID":"NORTH.SEVENKINGDOMS.LOCAL-S-1-5-32-544","PrincipalType":"Group"},{"RightName":"WriteDacl","IsInherited":true,"PrincipalSID":"NORTH.SEVENKINGDOMS.LOCAL-S-1-5-32-544","PrincipalType":"Group"}]},{"ObjectIdentifier":"NORTH.SEVENKINGDOMS.LOCAL-S-1-5-32-559","IsDeleted":false,"IsACLProtected":false,"Properties":{"domain":"NORTH.SEVENKINGDOMS.LOCAL","domainsid":"S-1-5-21-1741091980-3075726550-22591605","name":"PERFORMANCE LOG USERS@NORTH.SEVENKINGDOMS.LOCAL","distinguishedname":"CN=PERFORMANCE LOG USERS,CN=BUILTIN,DC=NORTH,DC=SEVENKINGDOMS,DC=LOCAL","samaccountname":null,"highvalue":false,"admincount":false,"description":"Members of this group may schedule logging of performance counters, enable trace providers, and collect event traces both locally and via remote access to this computer","whencreated":1688611371,"samaccoutname":"Performance Log Users"},"Members":[],"Aces":[{"RightName":"Owns","IsInherited":false,"PrincipalSID":"NORTH.SEVENKINGDOMS.LOCAL-S-1-5-32-544","PrincipalType":"Group"},{"RightName":"GenericAll","IsInherited":false,"PrincipalSID":"S-1-5-21-1741091980-3075726550-22591605-512","PrincipalType":"Group"},{"RightName":"GenericAll","IsInherited":false,"PrincipalSID":"NORTH.SEVENKINGDOMS.LOCAL-S-1-5-32-548","PrincipalType":"Group"},{"RightName":"GenericAll","IsInherited":true,"PrincipalSID":"S-1-5-21-3356225206-989342118-3217507422-519","PrincipalType":"Group"},{"RightName":"GenericWrite","IsInherited":true,"PrincipalSID":"NORTH.SEVENKINGDOMS.LOCAL-S-1-5-32-544","PrincipalType":"Group"},{"RightName":"WriteOwner","IsInherited":true,"PrincipalSID":"NORTH.SEVENKINGDOMS.LOCAL-S-1-5-32-544","PrincipalType":"Group"},{"RightName":"WriteDacl","IsInherited":true,"PrincipalSID":"NORTH.SEVENKINGDOMS.LOCAL-S-1-5-32-544","PrincipalType":"Group"}]},{"ObjectIdentifier":"NORTH.SEVENKINGDOMS.LOCAL-S-1-5-32-562","IsDeleted":false,"IsACLProtected":false,"Properties":{"domain":"NORTH.SEVENKINGDOMS.LOCAL","domainsid":"S-1-5-21-1741091980-3075726550-22591605","name":"DISTRIBUTED COM USERS@NORTH.SEVENKINGDOMS.LOCAL","distinguishedname":"CN=DISTRIBUTED COM USERS,CN=BUILTIN,DC=NORTH,DC=SEVENKINGDOMS,DC=LOCAL","samaccountname":null,"highvalue":false,"admincount":false,"description":"Members are allowed to launch, activate and use Distributed COM objects on this machine.","whencreated":1688611371,"samaccoutname":"Distributed COM Users"},"Members":[],"Aces":[{"RightName":"Owns","IsInherited":false,"PrincipalSID":"NORTH.SEVENKINGDOMS.LOCAL-S-1-5-32-544","PrincipalType":"Group"},{"RightName":"GenericAll","IsInherited":false,"PrincipalSID":"S-1-5-21-1741091980-3075726550-22591605-512","PrincipalType":"Group"},{"RightName":"GenericAll","IsInherited":false,"PrincipalSID":"NORTH.SEVENKINGDOMS.LOCAL-S-1-5-32-548","PrincipalType":"Group"},{"RightName":"GenericAll","IsInherited":true,"PrincipalSID":"S-1-5-21-3356225206-989342118-3217507422-519","PrincipalType":"Group"},{"RightName":"GenericWrite","IsInherited":true,"PrincipalSID":"NORTH.SEVENKINGDOMS.LOCAL-S-1-5-32-544","PrincipalType":"Group"},{"RightName":"WriteOwner","IsInherited":true,"PrincipalSID":"NORTH.SEVENKINGDOMS.LOCAL-S-1-5-32-544","PrincipalType":"Group"},{"RightName":"WriteDacl","IsInherited":true,"PrincipalSID":"NORTH.SEVENKINGDOMS.LOCAL-S-1-5-32-544","PrincipalType":"Group"}]},{"ObjectIdentifier":"NORTH.SEVENKINGDOMS.LOCAL-S-1-5-32-568","IsDeleted":false,"IsACLProtected":false,"Properties":{"domain":"NORTH.SEVENKINGDOMS.LOCAL","domainsid":"S-1-5-21-1741091980-3075726550-22591605","name":"IIS_IUSRS@NORTH.SEVENKINGDOMS.LOCAL","distinguishedname":"CN=IIS_IUSRS,CN=BUILTIN,DC=NORTH,DC=SEVENKINGDOMS,DC=LOCAL","samaccountname":null,"highvalue":false,"admincount":false,"description":"Built-in group used by Internet Information Services.","whencreated":1688611371,"samaccoutname":"IIS_IUSRS"},"Members":[{"ObjectIdentifier":"NORTH.SEVENKINGDOMS.LOCAL-S-1-5-17","ObjectType":"User"}],"Aces":[{"RightName":"Owns","IsInherited":false,"PrincipalSID":"NORTH.SEVENKINGDOMS.LOCAL-S-1-5-32-544","PrincipalType":"Group"},{"RightName":"GenericAll","IsInherited":false,"PrincipalSID":"S-1-5-21-1741091980-3075726550-22591605-512","PrincipalType":"Group"},{"RightName":"GenericAll","IsInherited":false,"PrincipalSID":"NORTH.SEVENKINGDOMS.LOCAL-S-1-5-32-548","PrincipalType":"Group"},{"RightName":"GenericAll","IsInherited":true,"PrincipalSID":"S-1-5-21-3356225206-989342118-3217507422-519","PrincipalType":"Group"},{"RightName":"GenericWrite","IsInherited":true,"PrincipalSID":"NORTH.SEVENKINGDOMS.LOCAL-S-1-5-32-544","PrincipalType":"Group"},{"RightName":"WriteOwner","IsInherited":true,"PrincipalSID":"NORTH.SEVENKINGDOMS.LOCAL-S-1-5-32-544","PrincipalType":"Group"},{"RightName":"WriteDacl","IsInherited":true,"PrincipalSID":"NORTH.SEVENKINGDOMS.LOCAL-S-1-5-32-544","PrincipalType":"Group"}]},{"ObjectIdentifier":"NORTH.SEVENKINGDOMS.LOCAL-S-1-5-32-569","IsDeleted":false,"IsACLProtected":false,"Properties":{"domain":"NORTH.SEVENKINGDOMS.LOCAL","domainsid":"S-1-5-21-1741091980-3075726550-22591605","name":"CRYPTOGRAPHIC OPERATORS@NORTH.SEVENKINGDOMS.LOCAL","distinguishedname":"CN=CRYPTOGRAPHIC OPERATORS,CN=BUILTIN,DC=NORTH,DC=SEVENKINGDOMS,DC=LOCAL","samaccountname":null,"highvalue":false,"admincount":false,"description":"Members are authorized to perform cryptographic operations.","whencreated":1688611371,"samaccoutname":"Cryptographic Operators"},"Members":[],"Aces":[{"RightName":"Owns","IsInherited":false,"PrincipalSID":"NORTH.SEVENKINGDOMS.LOCAL-S-1-5-32-544","PrincipalType":"Group"},{"RightName":"GenericAll","IsInherited":false,"PrincipalSID":"S-1-5-21-1741091980-3075726550-22591605-512","PrincipalType":"Group"},{"RightName":"GenericAll","IsInherited":false,"PrincipalSID":"NORTH.SEVENKINGDOMS.LOCAL-S-1-5-32-548","PrincipalType":"Group"},{"RightName":"GenericAll","IsInherited":true,"PrincipalSID":"S-1-5-21-3356225206-989342118-3217507422-519","PrincipalType":"Group"},{"RightName":"GenericWrite","IsInherited":true,"PrincipalSID":"NORTH.SEVENKINGDOMS.LOCAL-S-1-5-32-544","PrincipalType":"Group"},{"RightName":"WriteOwner","IsInherited":true,"PrincipalSID":"NORTH.SEVENKINGDOMS.LOCAL-S-1-5-32-544","PrincipalType":"Group"},{"RightName":"WriteDacl","IsInherited":true,"PrincipalSID":"NORTH.SEVENKINGDOMS.LOCAL-S-1-5-32-544","PrincipalType":"Group"}]},{"ObjectIdentifier":"NORTH.SEVENKINGDOMS.LOCAL-S-1-5-32-573","IsDeleted":false,"IsACLProtected":false,"Properties":{"domain":"NORTH.SEVENKINGDOMS.LOCAL","domainsid":"S-1-5-21-1741091980-3075726550-22591605","name":"EVENT LOG READERS@NORTH.SEVENKINGDOMS.LOCAL","distinguishedname":"CN=EVENT LOG READERS,CN=BUILTIN,DC=NORTH,DC=SEVENKINGDOMS,DC=LOCAL","samaccountname":null,"highvalue":false,"admincount":false,"description":"Members of this group can read event logs from local machine","whencreated":1688611371,"samaccoutname":"Event Log Readers"},"Members":[],"Aces":[{"RightName":"Owns","IsInherited":false,"PrincipalSID":"NORTH.SEVENKINGDOMS.LOCAL-S-1-5-32-544","PrincipalType":"Group"},{"RightName":"GenericAll","IsInherited":false,"PrincipalSID":"S-1-5-21-1741091980-3075726550-22591605-512","PrincipalType":"Group"},{"RightName":"GenericAll","IsInherited":false,"PrincipalSID":"NORTH.SEVENKINGDOMS.LOCAL-S-1-5-32-548","PrincipalType":"Group"},{"RightName":"GenericAll","IsInherited":true,"PrincipalSID":"S-1-5-21-3356225206-989342118-3217507422-519","PrincipalType":"Group"},{"RightName":"GenericWrite","IsInherited":true,"PrincipalSID":"NORTH.SEVENKINGDOMS.LOCAL-S-1-5-32-544","PrincipalType":"Group"},{"RightName":"WriteOwner","IsInherited":true,"PrincipalSID":"NORTH.SEVENKINGDOMS.LOCAL-S-1-5-32-544","PrincipalType":"Group"},{"RightName":"WriteDacl","IsInherited":true,"PrincipalSID":"NORTH.SEVENKINGDOMS.LOCAL-S-1-5-32-544","PrincipalType":"Group"}]},{"ObjectIdentifier":"NORTH.SEVENKINGDOMS.LOCAL-S-1-5-32-574","IsDeleted":false,"IsACLProtected":false,"Properties":{"domain":"NORTH.SEVENKINGDOMS.LOCAL","domainsid":"S-1-5-21-1741091980-3075726550-22591605","name":"CERTIFICATE SERVICE DCOM ACCESS@NORTH.SEVENKINGDOMS.LOCAL","distinguishedname":"CN=CERTIFICATE SERVICE DCOM ACCESS,CN=BUILTIN,DC=NORTH,DC=SEVENKINGDOMS,DC=LOCAL","samaccountname":null,"highvalue":false,"admincount":false,"description":"Members of this group are allowed to connect to Certification Authorities in the enterprise","whencreated":1688611371,"samaccoutname":"Certificate Service DCOM Access"},"Members":[],"Aces":[{"RightName":"Owns","IsInherited":false,"PrincipalSID":"NORTH.SEVENKINGDOMS.LOCAL-S-1-5-32-544","PrincipalType":"Group"},{"RightName":"GenericAll","IsInherited":false,"PrincipalSID":"S-1-5-21-1741091980-3075726550-22591605-512","PrincipalType":"Group"},{"RightName":"GenericAll","IsInherited":false,"PrincipalSID":"NORTH.SEVENKINGDOMS.LOCAL-S-1-5-32-548","PrincipalType":"Group"},{"RightName":"GenericAll","IsInherited":true,"PrincipalSID":"S-1-5-21-3356225206-989342118-3217507422-519","PrincipalType":"Group"},{"RightName":"GenericWrite","IsInherited":true,"PrincipalSID":"NORTH.SEVENKINGDOMS.LOCAL-S-1-5-32-544","PrincipalType":"Group"},{"RightName":"WriteOwner","IsInherited":true,"PrincipalSID":"NORTH.SEVENKINGDOMS.LOCAL-S-1-5-32-544","PrincipalType":"Group"},{"RightName":"WriteDacl","IsInherited":true,"PrincipalSID":"NORTH.SEVENKINGDOMS.LOCAL-S-1-5-32-544","PrincipalType":"Group"}]},{"ObjectIdentifier":"NORTH.SEVENKINGDOMS.LOCAL-S-1-5-32-575","IsDeleted":false,"IsACLProtected":false,"Properties":{"domain":"NORTH.SEVENKINGDOMS.LOCAL","domainsid":"S-1-5-21-1741091980-3075726550-22591605","name":"RDS REMOTE ACCESS SERVERS@NORTH.SEVENKINGDOMS.LOCAL","distinguishedname":"CN=RDS REMOTE ACCESS SERVERS,CN=BUILTIN,DC=NORTH,DC=SEVENKINGDOMS,DC=LOCAL","samaccountname":null,"highvalue":false,"admincount":false,"description":"Servers in this group enable users of RemoteApp programs and personal virtual desktops access to these resources. In Internet-facing deployments, these servers are typically deployed in an edge network. This group needs to be populated on servers running RD Connection Broker. RD Gateway servers and RD Web Access servers used in the deployment need to be in this group.","whencreated":1688611371,"samaccoutname":"RDS Remote Access Servers"},"Members":[],"Aces":[{"RightName":"Owns","IsInherited":false,"PrincipalSID":"NORTH.SEVENKINGDOMS.LOCAL-S-1-5-32-544","PrincipalType":"Group"},{"RightName":"GenericAll","IsInherited":false,"PrincipalSID":"S-1-5-21-1741091980-3075726550-22591605-512","PrincipalType":"Group"},{"RightName":"GenericAll","IsInherited":false,"PrincipalSID":"NORTH.SEVENKINGDOMS.LOCAL-S-1-5-32-548","PrincipalType":"Group"},{"RightName":"GenericAll","IsInherited":true,"PrincipalSID":"S-1-5-21-3356225206-989342118-3217507422-519","PrincipalType":"Group"},{"RightName":"GenericWrite","IsInherited":true,"PrincipalSID":"NORTH.SEVENKINGDOMS.LOCAL-S-1-5-32-544","PrincipalType":"Group"},{"RightName":"WriteOwner","IsInherited":true,"PrincipalSID":"NORTH.SEVENKINGDOMS.LOCAL-S-1-5-32-544","PrincipalType":"Group"},{"RightName":"WriteDacl","IsInherited":true,"PrincipalSID":"NORTH.SEVENKINGDOMS.LOCAL-S-1-5-32-544","PrincipalType":"Group"}]},{"ObjectIdentifier":"NORTH.SEVENKINGDOMS.LOCAL-S-1-5-32-576","IsDeleted":false,"IsACLProtected":false,"Properties":{"domain":"NORTH.SEVENKINGDOMS.LOCAL","domainsid":"S-1-5-21-1741091980-3075726550-22591605","name":"RDS ENDPOINT SERVERS@NORTH.SEVENKINGDOMS.LOCAL","distinguishedname":"CN=RDS ENDPOINT SERVERS,CN=BUILTIN,DC=NORTH,DC=SEVENKINGDOMS,DC=LOCAL","samaccountname":null,"highvalue":false,"admincount":false,"description":"Servers in this group run virtual machines and host sessions where users RemoteApp programs and personal virtual desktops run. This group needs to be populated on servers running RD Connection Broker. RD Session Host servers and RD Virtualization Host servers used in the deployment need to be in this group.","whencreated":1688611371,"samaccoutname":"RDS Endpoint Servers"},"Members":[],"Aces":[{"RightName":"Owns","IsInherited":false,"PrincipalSID":"NORTH.SEVENKINGDOMS.LOCAL-S-1-5-32-544","PrincipalType":"Group"},{"RightName":"GenericAll","IsInherited":false,"PrincipalSID":"S-1-5-21-1741091980-3075726550-22591605-512","PrincipalType":"Group"},{"RightName":"GenericAll","IsInherited":false,"PrincipalSID":"NORTH.SEVENKINGDOMS.LOCAL-S-1-5-32-548","PrincipalType":"Group"},{"RightName":"GenericAll","IsInherited":true,"PrincipalSID":"S-1-5-21-3356225206-989342118-3217507422-519","PrincipalType":"Group"},{"RightName":"GenericWrite","IsInherited":true,"PrincipalSID":"NORTH.SEVENKINGDOMS.LOCAL-S-1-5-32-544","PrincipalType":"Group"},{"RightName":"WriteOwner","IsInherited":true,"PrincipalSID":"NORTH.SEVENKINGDOMS.LOCAL-S-1-5-32-544","PrincipalType":"Group"},{"RightName":"WriteDacl","IsInherited":true,"PrincipalSID":"NORTH.SEVENKINGDOMS.LOCAL-S-1-5-32-544","PrincipalType":"Group"}]},{"ObjectIdentifier":"NORTH.SEVENKINGDOMS.LOCAL-S-1-5-32-577","IsDeleted":false,"IsACLProtected":false,"Properties":{"domain":"NORTH.SEVENKINGDOMS.LOCAL","domainsid":"S-1-5-21-1741091980-3075726550-22591605","name":"RDS MANAGEMENT SERVERS@NORTH.SEVENKINGDOMS.LOCAL","distinguishedname":"CN=RDS MANAGEMENT SERVERS,CN=BUILTIN,DC=NORTH,DC=SEVENKINGDOMS,DC=LOCAL","samaccountname":null,"highvalue":false,"admincount":false,"description":"Servers in this group can perform routine administrative actions on servers running Remote Desktop Services. This group needs to be populated on all servers in a Remote Desktop Services deployment. The servers running the RDS Central Management service must be included in this group.","whencreated":1688611371,"samaccoutname":"RDS Management Servers"},"Members":[],"Aces":[{"RightName":"Owns","IsInherited":false,"PrincipalSID":"NORTH.SEVENKINGDOMS.LOCAL-S-1-5-32-544","PrincipalType":"Group"},{"RightName":"GenericAll","IsInherited":false,"PrincipalSID":"S-1-5-21-1741091980-3075726550-22591605-512","PrincipalType":"Group"},{"RightName":"GenericAll","IsInherited":false,"PrincipalSID":"NORTH.SEVENKINGDOMS.LOCAL-S-1-5-32-548","PrincipalType":"Group"},{"RightName":"GenericAll","IsInherited":true,"PrincipalSID":"S-1-5-21-3356225206-989342118-3217507422-519","PrincipalType":"Group"},{"RightName":"GenericWrite","IsInherited":true,"PrincipalSID":"NORTH.SEVENKINGDOMS.LOCAL-S-1-5-32-544","PrincipalType":"Group"},{"RightName":"WriteOwner","IsInherited":true,"PrincipalSID":"NORTH.SEVENKINGDOMS.LOCAL-S-1-5-32-544","PrincipalType":"Group"},{"RightName":"WriteDacl","IsInherited":true,"PrincipalSID":"NORTH.SEVENKINGDOMS.LOCAL-S-1-5-32-544","PrincipalType":"Group"}]},{"ObjectIdentifier":"NORTH.SEVENKINGDOMS.LOCAL-S-1-5-32-578","IsDeleted":false,"IsACLProtected":false,"Properties":{"domain":"NORTH.SEVENKINGDOMS.LOCAL","domainsid":"S-1-5-21-1741091980-3075726550-22591605","name":"HYPER-V ADMINISTRATORS@NORTH.SEVENKINGDOMS.LOCAL","distinguishedname":"CN=HYPER-V ADMINISTRATORS,CN=BUILTIN,DC=NORTH,DC=SEVENKINGDOMS,DC=LOCAL","samaccountname":null,"highvalue":false,"admincount":false,"description":"Members of this group have complete and unrestricted access to all features of Hyper-V.","whencreated":1688611371,"samaccoutname":"Hyper-V Administrators"},"Members":[],"Aces":[{"RightName":"Owns","IsInherited":false,"PrincipalSID":"NORTH.SEVENKINGDOMS.LOCAL-S-1-5-32-544","PrincipalType":"Group"},{"RightName":"GenericAll","IsInherited":false,"PrincipalSID":"S-1-5-21-1741091980-3075726550-22591605-512","PrincipalType":"Group"},{"RightName":"GenericAll","IsInherited":false,"PrincipalSID":"NORTH.SEVENKINGDOMS.LOCAL-S-1-5-32-548","PrincipalType":"Group"},{"RightName":"GenericAll","IsInherited":true,"PrincipalSID":"S-1-5-21-3356225206-989342118-3217507422-519","PrincipalType":"Group"},{"RightName":"GenericWrite","IsInherited":true,"PrincipalSID":"NORTH.SEVENKINGDOMS.LOCAL-S-1-5-32-544","PrincipalType":"Group"},{"RightName":"WriteOwner","IsInherited":true,"PrincipalSID":"NORTH.SEVENKINGDOMS.LOCAL-S-1-5-32-544","PrincipalType":"Group"},{"RightName":"WriteDacl","IsInherited":true,"PrincipalSID":"NORTH.SEVENKINGDOMS.LOCAL-S-1-5-32-544","PrincipalType":"Group"}]},{"ObjectIdentifier":"NORTH.SEVENKINGDOMS.LOCAL-S-1-5-32-579","IsDeleted":false,"IsACLProtected":false,"Properties":{"domain":"NORTH.SEVENKINGDOMS.LOCAL","domainsid":"S-1-5-21-1741091980-3075726550-22591605","name":"ACCESS CONTROL ASSISTANCE OPERATORS@NORTH.SEVENKINGDOMS.LOCAL","distinguishedname":"CN=ACCESS CONTROL ASSISTANCE OPERATORS,CN=BUILTIN,DC=NORTH,DC=SEVENKINGDOMS,DC=LOCAL","samaccountname":null,"highvalue":false,"admincount":false,"description":"Members of this group can remotely query authorization attributes and permissions for resources on this computer.","whencreated":1688611371,"samaccoutname":"Access Control Assistance Operators"},"Members":[],"Aces":[{"RightName":"Owns","IsInherited":false,"PrincipalSID":"NORTH.SEVENKINGDOMS.LOCAL-S-1-5-32-544","PrincipalType":"Group"},{"RightName":"GenericAll","IsInherited":false,"PrincipalSID":"S-1-5-21-1741091980-3075726550-22591605-512","PrincipalType":"Group"},{"RightName":"GenericAll","IsInherited":false,"PrincipalSID":"NORTH.SEVENKINGDOMS.LOCAL-S-1-5-32-548","PrincipalType":"Group"},{"RightName":"GenericAll","IsInherited":true,"PrincipalSID":"S-1-5-21-3356225206-989342118-3217507422-519","PrincipalType":"Group"},{"RightName":"GenericWrite","IsInherited":true,"PrincipalSID":"NORTH.SEVENKINGDOMS.LOCAL-S-1-5-32-544","PrincipalType":"Group"},{"RightName":"WriteOwner","IsInherited":true,"PrincipalSID":"NORTH.SEVENKINGDOMS.LOCAL-S-1-5-32-544","PrincipalType":"Group"},{"RightName":"WriteDacl","IsInherited":true,"PrincipalSID":"NORTH.SEVENKINGDOMS.LOCAL-S-1-5-32-544","PrincipalType":"Group"}]},{"ObjectIdentifier":"NORTH.SEVENKINGDOMS.LOCAL-S-1-5-32-580","IsDeleted":false,"IsACLProtected":false,"Properties":{"domain":"NORTH.SEVENKINGDOMS.LOCAL","domainsid":"S-1-5-21-1741091980-3075726550-22591605","name":"REMOTE MANAGEMENT USERS@NORTH.SEVENKINGDOMS.LOCAL","distinguishedname":"CN=REMOTE MANAGEMENT USERS,CN=BUILTIN,DC=NORTH,DC=SEVENKINGDOMS,DC=LOCAL","samaccountname":null,"highvalue":false,"admincount":false,"description":"Members of this group can access WMI resources over management protocols (such as WS-Management via the Windows Remote Management service). This applies only to WMI namespaces that grant access to the user.","whencreated":1688611371,"samaccoutname":"Remote Management Users"},"Members":[],"Aces":[{"RightName":"Owns","IsInherited":false,"PrincipalSID":"NORTH.SEVENKINGDOMS.LOCAL-S-1-5-32-544","PrincipalType":"Group"},{"RightName":"GenericAll","IsInherited":false,"PrincipalSID":"S-1-5-21-1741091980-3075726550-22591605-512","PrincipalType":"Group"},{"RightName":"GenericAll","IsInherited":false,"PrincipalSID":"NORTH.SEVENKINGDOMS.LOCAL-S-1-5-32-548","PrincipalType":"Group"},{"RightName":"GenericAll","IsInherited":true,"PrincipalSID":"S-1-5-21-3356225206-989342118-3217507422-519","PrincipalType":"Group"},{"RightName":"GenericWrite","IsInherited":true,"PrincipalSID":"NORTH.SEVENKINGDOMS.LOCAL-S-1-5-32-544","PrincipalType":"Group"},{"RightName":"WriteOwner","IsInherited":true,"PrincipalSID":"NORTH.SEVENKINGDOMS.LOCAL-S-1-5-32-544","PrincipalType":"Group"},{"RightName":"WriteDacl","IsInherited":true,"PrincipalSID":"NORTH.SEVENKINGDOMS.LOCAL-S-1-5-32-544","PrincipalType":"Group"}]},{"ObjectIdentifier":"NORTH.SEVENKINGDOMS.LOCAL-S-1-5-32-582","IsDeleted":false,"IsACLProtected":false,"Properties":{"domain":"NORTH.SEVENKINGDOMS.LOCAL","domainsid":"S-1-5-21-1741091980-3075726550-22591605","name":"STORAGE REPLICA ADMINISTRATORS@NORTH.SEVENKINGDOMS.LOCAL","distinguishedname":"CN=STORAGE REPLICA ADMINISTRATORS,CN=BUILTIN,DC=NORTH,DC=SEVENKINGDOMS,DC=LOCAL","samaccountname":null,"highvalue":false,"admincount":false,"description":"Members of this group have complete and unrestricted access to all features of Storage Replica.","whencreated":1688611371,"samaccoutname":"Storage Replica Administrators"},"Members":[],"Aces":[{"RightName":"Owns","IsInherited":false,"PrincipalSID":"NORTH.SEVENKINGDOMS.LOCAL-S-1-5-32-544","PrincipalType":"Group"},{"RightName":"GenericAll","IsInherited":false,"PrincipalSID":"S-1-5-21-1741091980-3075726550-22591605-512","PrincipalType":"Group"},{"RightName":"GenericAll","IsInherited":false,"PrincipalSID":"NORTH.SEVENKINGDOMS.LOCAL-S-1-5-32-548","PrincipalType":"Group"},{"RightName":"GenericAll","IsInherited":true,"PrincipalSID":"S-1-5-21-3356225206-989342118-3217507422-519","PrincipalType":"Group"},{"RightName":"GenericWrite","IsInherited":true,"PrincipalSID":"NORTH.SEVENKINGDOMS.LOCAL-S-1-5-32-544","PrincipalType":"Group"},{"RightName":"WriteOwner","IsInherited":true,"PrincipalSID":"NORTH.SEVENKINGDOMS.LOCAL-S-1-5-32-544","PrincipalType":"Group"},{"RightName":"WriteDacl","IsInherited":true,"PrincipalSID":"NORTH.SEVENKINGDOMS.LOCAL-S-1-5-32-544","PrincipalType":"Group"}]},{"ObjectIdentifier":"NORTH.SEVENKINGDOMS.LOCAL-S-1-5-32-549","IsDeleted":false,"IsACLProtected":true,"Properties":{"domain":"NORTH.SEVENKINGDOMS.LOCAL","domainsid":"S-1-5-21-1741091980-3075726550-22591605","name":"SERVER OPERATORS@NORTH.SEVENKINGDOMS.LOCAL","distinguishedname":"CN=SERVER OPERATORS,CN=BUILTIN,DC=NORTH,DC=SEVENKINGDOMS,DC=LOCAL","samaccountname":null,"highvalue":true,"admincount":true,"description":"Members can administer domain servers","whencreated":1688611408,"samaccoutname":"Server Operators"},"Members":[],"Aces":[{"RightName":"Owns","IsInherited":false,"PrincipalSID":"S-1-5-21-1741091980-3075726550-22591605-512","PrincipalType":"Group"},{"RightName":"GenericWrite","IsInherited":false,"PrincipalSID":"S-1-5-21-1741091980-3075726550-22591605-512","PrincipalType":"Group"},{"RightName":"WriteOwner","IsInherited":false,"PrincipalSID":"S-1-5-21-1741091980-3075726550-22591605-512","PrincipalType":"Group"},{"RightName":"WriteDacl","IsInherited":false,"PrincipalSID":"S-1-5-21-1741091980-3075726550-22591605-512","PrincipalType":"Group"},{"RightName":"GenericWrite","IsInherited":false,"PrincipalSID":"S-1-5-21-3356225206-989342118-3217507422-519","PrincipalType":"Group"},{"RightName":"WriteOwner","IsInherited":false,"PrincipalSID":"S-1-5-21-3356225206-989342118-3217507422-519","PrincipalType":"Group"},{"RightName":"WriteDacl","IsInherited":false,"PrincipalSID":"S-1-5-21-3356225206-989342118-3217507422-519","PrincipalType":"Group"},{"RightName":"GenericWrite","IsInherited":false,"PrincipalSID":"NORTH.SEVENKINGDOMS.LOCAL-S-1-5-32-544","PrincipalType":"Group"},{"RightName":"WriteOwner","IsInherited":false,"PrincipalSID":"NORTH.SEVENKINGDOMS.LOCAL-S-1-5-32-544","PrincipalType":"Group"},{"RightName":"WriteDacl","IsInherited":false,"PrincipalSID":"NORTH.SEVENKINGDOMS.LOCAL-S-1-5-32-544","PrincipalType":"Group"}]},{"ObjectIdentifier":"NORTH.SEVENKINGDOMS.LOCAL-S-1-5-32-548","IsDeleted":false,"IsACLProtected":true,"Properties":{"domain":"NORTH.SEVENKINGDOMS.LOCAL","domainsid":"S-1-5-21-1741091980-3075726550-22591605","name":"ACCOUNT OPERATORS@NORTH.SEVENKINGDOMS.LOCAL","distinguishedname":"CN=ACCOUNT OPERATORS,CN=BUILTIN,DC=NORTH,DC=SEVENKINGDOMS,DC=LOCAL","samaccountname":null,"highvalue":true,"admincount":true,"description":"Members can administer domain user and group accounts","whencreated":1688611408,"samaccoutname":"Account Operators"},"Members":[],"Aces":[{"RightName":"Owns","IsInherited":false,"PrincipalSID":"S-1-5-21-1741091980-3075726550-22591605-512","PrincipalType":"Group"},{"RightName":"GenericWrite","IsInherited":false,"PrincipalSID":"S-1-5-21-1741091980-3075726550-22591605-512","PrincipalType":"Group"},{"RightName":"WriteOwner","IsInherited":false,"PrincipalSID":"S-1-5-21-1741091980-3075726550-22591605-512","PrincipalType":"Group"},{"RightName":"WriteDacl","IsInherited":false,"PrincipalSID":"S-1-5-21-1741091980-3075726550-22591605-512","PrincipalType":"Group"},{"RightName":"GenericWrite","IsInherited":false,"PrincipalSID":"S-1-5-21-3356225206-989342118-3217507422-519","PrincipalType":"Group"},{"RightName":"WriteOwner","IsInherited":false,"PrincipalSID":"S-1-5-21-3356225206-989342118-3217507422-519","PrincipalType":"Group"},{"RightName":"WriteDacl","IsInherited":false,"PrincipalSID":"S-1-5-21-3356225206-989342118-3217507422-519","PrincipalType":"Group"},{"RightName":"GenericWrite","IsInherited":false,"PrincipalSID":"NORTH.SEVENKINGDOMS.LOCAL-S-1-5-32-544","PrincipalType":"Group"},{"RightName":"WriteOwner","IsInherited":false,"PrincipalSID":"NORTH.SEVENKINGDOMS.LOCAL-S-1-5-32-544","PrincipalType":"Group"},{"RightName":"WriteDacl","IsInherited":false,"PrincipalSID":"NORTH.SEVENKINGDOMS.LOCAL-S-1-5-32-544","PrincipalType":"Group"}]},{"ObjectIdentifier":"NORTH.SEVENKINGDOMS.LOCAL-S-1-5-32-554","IsDeleted":false,"IsACLProtected":false,"Properties":{"domain":"NORTH.SEVENKINGDOMS.LOCAL","domainsid":"S-1-5-21-1741091980-3075726550-22591605","name":"PRE-WINDOWS 2000 COMPATIBLE ACCESS@NORTH.SEVENKINGDOMS.LOCAL","distinguishedname":"CN=PRE-WINDOWS 2000 COMPATIBLE ACCESS,CN=BUILTIN,DC=NORTH,DC=SEVENKINGDOMS,DC=LOCAL","samaccountname":null,"highvalue":false,"admincount":false,"description":"A backward compatibility group which allows read access on all users and groups in the domain","whencreated":1688611408,"samaccoutname":"Pre-Windows 2000 Compatible Access"},"Members":[{"ObjectIdentifier":"NORTH.SEVENKINGDOMS.LOCAL-S-1-5-11","ObjectType":"Group"}],"Aces":[{"RightName":"Owns","IsInherited":false,"PrincipalSID":"S-1-5-21-1741091980-3075726550-22591605-512","PrincipalType":"Group"},{"RightName":"GenericAll","IsInherited":false,"PrincipalSID":"S-1-5-21-1741091980-3075726550-22591605-512","PrincipalType":"Group"},{"RightName":"GenericAll","IsInherited":false,"PrincipalSID":"NORTH.SEVENKINGDOMS.LOCAL-S-1-5-32-548","PrincipalType":"Group"},{"RightName":"GenericAll","IsInherited":true,"PrincipalSID":"S-1-5-21-3356225206-989342118-3217507422-519","PrincipalType":"Group"},{"RightName":"GenericWrite","IsInherited":true,"PrincipalSID":"NORTH.SEVENKINGDOMS.LOCAL-S-1-5-32-544","PrincipalType":"Group"},{"RightName":"WriteOwner","IsInherited":true,"PrincipalSID":"NORTH.SEVENKINGDOMS.LOCAL-S-1-5-32-544","PrincipalType":"Group"},{"RightName":"WriteDacl","IsInherited":true,"PrincipalSID":"NORTH.SEVENKINGDOMS.LOCAL-S-1-5-32-544","PrincipalType":"Group"}]},{"ObjectIdentifier":"NORTH.SEVENKINGDOMS.LOCAL-S-1-5-32-560","IsDeleted":false,"IsACLProtected":false,"Properties":{"domain":"NORTH.SEVENKINGDOMS.LOCAL","domainsid":"S-1-5-21-1741091980-3075726550-22591605","name":"WINDOWS AUTHORIZATION ACCESS GROUP@NORTH.SEVENKINGDOMS.LOCAL","distinguishedname":"CN=WINDOWS AUTHORIZATION ACCESS GROUP,CN=BUILTIN,DC=NORTH,DC=SEVENKINGDOMS,DC=LOCAL","samaccountname":null,"highvalue":false,"admincount":false,"description":"Members of this group have access to the computed tokenGroupsGlobalAndUniversal attribute on User objects","whencreated":1688611408,"samaccoutname":"Windows Authorization Access Group"},"Members":[{"ObjectIdentifier":"NORTH.SEVENKINGDOMS.LOCAL-S-1-5-9","ObjectType":"Group"}],"Aces":[{"RightName":"Owns","IsInherited":false,"PrincipalSID":"S-1-5-21-1741091980-3075726550-22591605-512","PrincipalType":"Group"},{"RightName":"GenericAll","IsInherited":false,"PrincipalSID":"S-1-5-21-1741091980-3075726550-22591605-512","PrincipalType":"Group"},{"RightName":"GenericAll","IsInherited":false,"PrincipalSID":"NORTH.SEVENKINGDOMS.LOCAL-S-1-5-32-548","PrincipalType":"Group"},{"RightName":"GenericAll","IsInherited":true,"PrincipalSID":"S-1-5-21-3356225206-989342118-3217507422-519","PrincipalType":"Group"},{"RightName":"GenericWrite","IsInherited":true,"PrincipalSID":"NORTH.SEVENKINGDOMS.LOCAL-S-1-5-32-544","PrincipalType":"Group"},{"RightName":"WriteOwner","IsInherited":true,"PrincipalSID":"NORTH.SEVENKINGDOMS.LOCAL-S-1-5-32-544","PrincipalType":"Group"},{"RightName":"WriteDacl","IsInherited":true,"PrincipalSID":"NORTH.SEVENKINGDOMS.LOCAL-S-1-5-32-544","PrincipalType":"Group"}]},{"ObjectIdentifier":"NORTH.SEVENKINGDOMS.LOCAL-S-1-5-32-561","IsDeleted":false,"IsACLProtected":false,"Properties":{"domain":"NORTH.SEVENKINGDOMS.LOCAL","domainsid":"S-1-5-21-1741091980-3075726550-22591605","name":"TERMINAL SERVER LICENSE SERVERS@NORTH.SEVENKINGDOMS.LOCAL","distinguishedname":"CN=TERMINAL SERVER LICENSE SERVERS,CN=BUILTIN,DC=NORTH,DC=SEVENKINGDOMS,DC=LOCAL","samaccountname":null,"highvalue":false,"admincount":false,"description":"Members of this group can update user accounts in Active Directory with information about license issuance, for the purpose of tracking and reporting TS Per User CAL usage","whencreated":1688611408,"samaccoutname":"Terminal Server License Servers"},"Members":[],"Aces":[{"RightName":"Owns","IsInherited":false,"PrincipalSID":"S-1-5-21-1741091980-3075726550-22591605-512","PrincipalType":"Group"},{"RightName":"GenericAll","IsInherited":false,"PrincipalSID":"S-1-5-21-1741091980-3075726550-22591605-512","PrincipalType":"Group"},{"RightName":"GenericAll","IsInherited":false,"PrincipalSID":"NORTH.SEVENKINGDOMS.LOCAL-S-1-5-32-548","PrincipalType":"Group"},{"RightName":"GenericAll","IsInherited":true,"PrincipalSID":"S-1-5-21-3356225206-989342118-3217507422-519","PrincipalType":"Group"},{"RightName":"GenericWrite","IsInherited":true,"PrincipalSID":"NORTH.SEVENKINGDOMS.LOCAL-S-1-5-32-544","PrincipalType":"Group"},{"RightName":"WriteOwner","IsInherited":true,"PrincipalSID":"NORTH.SEVENKINGDOMS.LOCAL-S-1-5-32-544","PrincipalType":"Group"},{"RightName":"WriteDacl","IsInherited":true,"PrincipalSID":"NORTH.SEVENKINGDOMS.LOCAL-S-1-5-32-544","PrincipalType":"Group"}]},{"ObjectIdentifier":"NORTH.SEVENKINGDOMS.LOCAL-S-1-5-32-544","IsDeleted":false,"IsACLProtected":true,"Properties":{"domain":"NORTH.SEVENKINGDOMS.LOCAL","domainsid":"S-1-5-21-1741091980-3075726550-22591605","name":"ADMINISTRATORS@NORTH.SEVENKINGDOMS.LOCAL","distinguishedname":"CN=ADMINISTRATORS,CN=BUILTIN,DC=NORTH,DC=SEVENKINGDOMS,DC=LOCAL","samaccountname":null,"highvalue":true,"admincount":true,"description":"Administrators have complete and unrestricted access to the computer/domain","whencreated":1688611371,"samaccoutname":"Administrators"},"Members":[{"ObjectIdentifier":"S-1-5-21-1741091980-3075726550-22591605-1113","ObjectType":"User"},{"ObjectIdentifier":"S-1-5-21-1741091980-3075726550-22591605-1112","ObjectType":"User"},{"ObjectIdentifier":"S-1-5-21-1741091980-3075726550-22591605-1111","ObjectType":"User"},{"ObjectIdentifier":"S-1-5-21-3356225206-989342118-3217507422-519","ObjectType":"Group"},{"ObjectIdentifier":"S-1-5-21-1741091980-3075726550-22591605-512","ObjectType":"Group"},{"ObjectIdentifier":"S-1-5-21-1741091980-3075726550-22591605-1000","ObjectType":"User"},{"ObjectIdentifier":"S-1-5-21-1741091980-3075726550-22591605-500","ObjectType":"User"}],"Aces":[{"RightName":"Owns","IsInherited":false,"PrincipalSID":"S-1-5-21-1741091980-3075726550-22591605-512","PrincipalType":"Group"},{"RightName":"GenericWrite","IsInherited":false,"PrincipalSID":"S-1-5-21-1741091980-3075726550-22591605-512","PrincipalType":"Group"},{"RightName":"WriteOwner","IsInherited":false,"PrincipalSID":"S-1-5-21-1741091980-3075726550-22591605-512","PrincipalType":"Group"},{"RightName":"WriteDacl","IsInherited":false,"PrincipalSID":"S-1-5-21-1741091980-3075726550-22591605-512","PrincipalType":"Group"},{"RightName":"GenericWrite","IsInherited":false,"PrincipalSID":"S-1-5-21-3356225206-989342118-3217507422-519","PrincipalType":"Group"},{"RightName":"WriteOwner","IsInherited":false,"PrincipalSID":"S-1-5-21-3356225206-989342118-3217507422-519","PrincipalType":"Group"},{"RightName":"WriteDacl","IsInherited":false,"PrincipalSID":"S-1-5-21-3356225206-989342118-3217507422-519","PrincipalType":"Group"},{"RightName":"GenericWrite","IsInherited":false,"PrincipalSID":"NORTH.SEVENKINGDOMS.LOCAL-S-1-5-32-544","PrincipalType":"Group"},{"RightName":"WriteOwner","IsInherited":false,"PrincipalSID":"NORTH.SEVENKINGDOMS.LOCAL-S-1-5-32-544","PrincipalType":"Group"},{"RightName":"WriteDacl","IsInherited":false,"PrincipalSID":"NORTH.SEVENKINGDOMS.LOCAL-S-1-5-32-544","PrincipalType":"Group"}]},{"ObjectIdentifier":"NORTH.SEVENKINGDOMS.LOCAL-S-1-5-32-545","IsDeleted":false,"IsACLProtected":false,"Properties":{"domain":"NORTH.SEVENKINGDOMS.LOCAL","domainsid":"S-1-5-21-1741091980-3075726550-22591605","name":"USERS@NORTH.SEVENKINGDOMS.LOCAL","distinguishedname":"CN=USERS,CN=BUILTIN,DC=NORTH,DC=SEVENKINGDOMS,DC=LOCAL","samaccountname":null,"highvalue":false,"admincount":false,"description":"Users are prevented from making accidental or intentional system-wide changes and can run most applications","whencreated":1688611371,"samaccoutname":"Users"},"Members":[{"ObjectIdentifier":"S-1-5-21-1741091980-3075726550-22591605-513","ObjectType":"Group"},{"ObjectIdentifier":"NORTH.SEVENKINGDOMS.LOCAL-S-1-5-11","ObjectType":"Group"},{"ObjectIdentifier":"NORTH.SEVENKINGDOMS.LOCAL-S-1-5-4","ObjectType":"Group"},{"ObjectIdentifier":"S-1-5-21-1741091980-3075726550-22591605-1000","ObjectType":"User"}],"Aces":[{"RightName":"Owns","IsInherited":false,"PrincipalSID":"NORTH.SEVENKINGDOMS.LOCAL-S-1-5-32-544","PrincipalType":"Group"},{"RightName":"GenericAll","IsInherited":false,"PrincipalSID":"S-1-5-21-1741091980-3075726550-22591605-512","PrincipalType":"Group"},{"RightName":"GenericAll","IsInherited":false,"PrincipalSID":"NORTH.SEVENKINGDOMS.LOCAL-S-1-5-32-548","PrincipalType":"Group"},{"RightName":"GenericAll","IsInherited":true,"PrincipalSID":"S-1-5-21-3356225206-989342118-3217507422-519","PrincipalType":"Group"},{"RightName":"GenericWrite","IsInherited":true,"PrincipalSID":"NORTH.SEVENKINGDOMS.LOCAL-S-1-5-32-544","PrincipalType":"Group"},{"RightName":"WriteOwner","IsInherited":true,"PrincipalSID":"NORTH.SEVENKINGDOMS.LOCAL-S-1-5-32-544","PrincipalType":"Group"},{"RightName":"WriteDacl","IsInherited":true,"PrincipalSID":"NORTH.SEVENKINGDOMS.LOCAL-S-1-5-32-544","PrincipalType":"Group"}]},{"Members":[{"ObjectIdentifier":"S-1-5-21-1741091980-3075726550-22591605-1001","ObjectType":"Computer"}],"Aces":[],"ObjectIdentifier":"NORTH.SEVENKINGDOMS.LOCAL-S-1-5-9","IsDeleted":false,"IsACLProtected":false,"Properties":{"name":"ENTERPRISE DOMAIN CONTROLLERS@NORTH.SEVENKINGDOMS.LOCAL","domainsid":"S-1-5-21-1741091980-3075726550-22591605","domain":"NORTH.SEVENKINGDOMS.LOCAL","highvalue":false}},{"Members":[],"Aces":[],"ObjectIdentifier":"NORTH.SEVENKINGDOMS.LOCAL-S-1-5-32-548","IsDeleted":false,"IsACLProtected":false,"Properties":{"name":"ACCOUNT OPERATORS@NORTH.SEVENKINGDOMS.LOCAL","domainsid":"S-1-5-21-1741091980-3075726550-22591605","domain":"NORTH.SEVENKINGDOMS.LOCAL","highvalue":true}},{"Members":[],"Aces":[],"ObjectIdentifier":"NORTH.SEVENKINGDOMS.LOCAL-S-1-5-32-560","IsDeleted":false,"IsACLProtected":false,"Properties":{"name":"WINDOWS AUTHORIZATION ACCESS GROUP@NORTH.SEVENKINGDOMS.LOCAL","domainsid":"S-1-5-21-1741091980-3075726550-22591605","domain":"NORTH.SEVENKINGDOMS.LOCAL","highvalue":false}},{"Members":[{"ObjectIdentifier":"S-1-5-21-1741091980-3075726550-22591605-515","ObjectType":"Group"},{"ObjectIdentifier":"S-1-5-21-1741091980-3075726550-22591605-513","ObjectType":"Group"}],"Aces":[],"ObjectIdentifier":"NORTH.SEVENKINGDOMS.LOCAL-S-1-1-0","IsDeleted":false,"IsACLProtected":false,"Properties":{"name":"EVERYONE@NORTH.SEVENKINGDOMS.LOCAL","domainsid":"S-1-5-21-1741091980-3075726550-22591605","domain":"NORTH.SEVENKINGDOMS.LOCAL","highvalue":false}},{"Members":[{"ObjectIdentifier":"S-1-5-21-1741091980-3075726550-22591605-515","ObjectType":"Group"},{"ObjectIdentifier":"S-1-5-21-1741091980-3075726550-22591605-513","ObjectType":"Group"}],"Aces":[],"ObjectIdentifier":"NORTH.SEVENKINGDOMS.LOCAL-S-1-5-11","IsDeleted":false,"IsACLProtected":false,"Properties":{"name":"AUTHENTICATED USERS@NORTH.SEVENKINGDOMS.LOCAL","domainsid":"S-1-5-21-1741091980-3075726550-22591605","domain":"NORTH.SEVENKINGDOMS.LOCAL","highvalue":false}},{"Members":[],"Aces":[],"ObjectIdentifier":"NORTH.SEVENKINGDOMS.LOCAL-S-1-5-32-544","IsDeleted":false,"IsACLProtected":false,"Properties":{"name":"ADMINISTRATORS@NORTH.SEVENKINGDOMS.LOCAL","domainsid":"S-1-5-21-1741091980-3075726550-22591605","domain":"NORTH.SEVENKINGDOMS.LOCAL","highvalue":true}},{"Members":[],"Aces":[],"ObjectIdentifier":"NORTH.SEVENKINGDOMS.LOCAL-S-1-5-32-554","IsDeleted":false,"IsACLProtected":false,"Properties":{"name":"PRE-WINDOWS 2000 COMPATIBLE ACCESS@NORTH.SEVENKINGDOMS.LOCAL","domainsid":"S-1-5-21-1741091980-3075726550-22591605","domain":"NORTH.SEVENKINGDOMS.LOCAL","highvalue":false}},{"Members":[],"Aces":[],"ObjectIdentifier":"NORTH.SEVENKINGDOMS.LOCAL-S-1-5-4","IsDeleted":false,"IsACLProtected":false,"Properties":{"name":"INTERACTIVE@NORTH.SEVENKINGDOMS.LOCAL","domainsid":"S-1-5-21-1741091980-3075726550-22591605","domain":"NORTH.SEVENKINGDOMS.LOCAL","highvalue":false}},{"Members":[],"Aces":[],"ObjectIdentifier":"NORTH.SEVENKINGDOMS.LOCAL-S-1-5-32-550","IsDeleted":false,"IsACLProtected":false,"Properties":{"name":"PRINT OPERATORS@NORTH.SEVENKINGDOMS.LOCAL","domainsid":"S-1-5-21-1741091980-3075726550-22591605","domain":"NORTH.SEVENKINGDOMS.LOCAL","highvalue":true}},{"Members":[],"Aces":[],"ObjectIdentifier":"NORTH.SEVENKINGDOMS.LOCAL-S-1-5-32-561","IsDeleted":false,"IsACLProtected":false,"Properties":{"name":"TERMINAL SERVER LICENSE SERVERS@NORTH.SEVENKINGDOMS.LOCAL","domainsid":"S-1-5-21-1741091980-3075726550-22591605","domain":"NORTH.SEVENKINGDOMS.LOCAL","highvalue":false}},{"Members":[],"Aces":[],"ObjectIdentifier":"NORTH.SEVENKINGDOMS.LOCAL-S-1-5-32-557","IsDeleted":false,"IsACLProtected":false,"Properties":{"name":"INCOMING FOREST TRUST BUILDERS@NORTH.SEVENKINGDOMS.LOCAL","domainsid":"S-1-5-21-1741091980-3075726550-22591605","domain":"NORTH.SEVENKINGDOMS.LOCAL","highvalue":false}},{"Members":[],"Aces":[],"ObjectIdentifier":"NORTH.SEVENKINGDOMS.LOCAL-S-1-5-15","IsDeleted":false,"IsACLProtected":false,"Properties":{"name":"THIS ORGANIZATION@NORTH.SEVENKINGDOMS.LOCAL","domainsid":"S-1-5-21-1741091980-3075726550-22591605","domain":"NORTH.SEVENKINGDOMS.LOCAL","highvalue":false}}],"meta":{"methods":0,"type":"groups","count":59,"version":5}}