{"data":[{"ObjectIdentifier":"834A5D42-7B8B-4F49-A8B0-A661DD4076A7","IsDeleted":false,"IsACLProtected":false,"Properties":{"name":"DOMAIN CONTROLLERS@NORTH.SEVENKINGDOMS.LOCAL","domain":"NORTH.SEVENKINGDOMS.LOCAL","domainsid":"S-1-5-21-1741091980-3075726550-22591605","distinguishedname":"OU=DOMAIN CONTROLLERS,DC=NORTH,DC=SEVENKINGDOMS,DC=LOCAL","highvalue":false,"description":"Default container for domain controllers","blocksinheritance":false,"whencreated":1688611370},"ACLProtected":false,"Links":[{"IsEnforced":false,"GUID":"6AC1786C-016F-11D2-945F-00C04fB984F9"}],"ChildObjects":[{"ObjectIdentifier":"S-1-5-21-1741091980-3075726550-22591605-1001","ObjectType":"Computer"}],"Aces":[{"RightName":"Owns","IsInherited":false,"PrincipalSID":"S-1-5-21-1741091980-3075726550-22591605-512","PrincipalType":"Group"},{"RightName":"GenericWrite","IsInherited":false,"PrincipalSID":"S-1-5-21-1741091980-3075726550-22591605-512","PrincipalType":"Group"},{"RightName":"WriteOwner","IsInherited":false,"PrincipalSID":"S-1-5-21-1741091980-3075726550-22591605-512","PrincipalType":"Group"},{"RightName":"WriteDacl","IsInherited":false,"PrincipalSID":"S-1-5-21-1741091980-3075726550-22591605-512","PrincipalType":"Group"},{"RightName":"GenericAll","IsInherited":true,"PrincipalSID":"S-1-5-21-3356225206-989342118-3217507422-519","PrincipalType":"Group"},{"RightName":"GenericWrite","IsInherited":true,"PrincipalSID":"NORTH.SEVENKINGDOMS.LOCAL-S-1-5-32-544","PrincipalType":"Group"},{"RightName":"WriteOwner","IsInherited":true,"PrincipalSID":"NORTH.SEVENKINGDOMS.LOCAL-S-1-5-32-544","PrincipalType":"Group"},{"RightName":"WriteDacl","IsInherited":true,"PrincipalSID":"NORTH.SEVENKINGDOMS.LOCAL-S-1-5-32-544","PrincipalType":"Group"}],"GPOChanges":{"LocalAdmins":[],"RemoteDesktopUsers":[],"DcomUsers":[],"PSRemoteUsers":[],"AffectedComputers":[{"ObjectIdentifier":"S-1-5-21-1741091980-3075726550-22591605-1001","ObjectType":"Computer"}]}},{"ObjectIdentifier":"EDF85390-58DD-4BAF-8FED-C5CDD8E8CD4B","IsDeleted":false,"IsACLProtected":false,"Properties":{"name":"LAPS@NORTH.SEVENKINGDOMS.LOCAL","domain":"NORTH.SEVENKINGDOMS.LOCAL","domainsid":"S-1-5-21-1741091980-3075726550-22591605","distinguishedname":"OU=LAPS,DC=NORTH,DC=SEVENKINGDOMS,DC=LOCAL","highvalue":false,"description":null,"blocksinheritance":false,"whencreated":1688613073},"ACLProtected":false,"Links":[{"IsEnforced":true,"GUID":"49FD6D51-6EF7-417E-9007-5072B2720071"}],"ChildObjects":[],"Aces":[{"RightName":"Owns","IsInherited":false,"PrincipalSID":"NORTH.SEVENKINGDOMS.LOCAL-S-1-5-18","PrincipalType":"Group"},{"RightName":"GenericAll","IsInherited":false,"PrincipalSID":"S-1-5-21-1741091980-3075726550-22591605-512","PrincipalType":"Group"},{"RightName":"GenericAll","IsInherited":true,"PrincipalSID":"S-1-5-21-3356225206-989342118-3217507422-519","PrincipalType":"Group"},{"RightName":"GenericWrite","IsInherited":true,"PrincipalSID":"NORTH.SEVENKINGDOMS.LOCAL-S-1-5-32-544","PrincipalType":"Group"},{"RightName":"WriteOwner","IsInherited":true,"PrincipalSID":"NORTH.SEVENKINGDOMS.LOCAL-S-1-5-32-544","PrincipalType":"Group"},{"RightName":"WriteDacl","IsInherited":true,"PrincipalSID":"NORTH.SEVENKINGDOMS.LOCAL-S-1-5-32-544","PrincipalType":"Group"}],"GPOChanges":{"LocalAdmins":[],"RemoteDesktopUsers":[],"DcomUsers":[],"PSRemoteUsers":[],"AffectedComputers":[]}}],"meta":{"methods":0,"type":"ous","count":2,"version":5}}