{"data":[{"ObjectIdentifier":"S-1-5-21-1741091980-3075726550-22591605-502","IsDeleted":false,"IsACLProtected":true,"Properties":{"domain":"NORTH.SEVENKINGDOMS.LOCAL","name":"KRBTGT@NORTH.SEVENKINGDOMS.LOCAL","domainsid":"S-1-5-21-1741091980-3075726550-22591605","distinguishedname":"CN=KRBTGT,CN=USERS,DC=NORTH,DC=SEVENKINGDOMS,DC=LOCAL","highvalue":false,"description":"Key Distribution Center Service Account","whencreated":1688611408,"sensitive":false,"dontreqpreauth":false,"passwordnotreqd":false,"unconstraineddelegation":false,"pwdneverexpires":false,"enabled":false,"trustedtoauth":false,"lastlogon":-1,"lastlogontimestamp":-1,"pwdlastset":1688611408,"serviceprincipalnames":["kadmin/changepw"],"hasspn":true,"displayname":null,"email":null,"title":null,"homedirectory":null,"logonscript":null,"samaccountname":"krbtgt","userpassword":null,"unixpassword":null,"unicodepassword":null,"sfupassword":null,"admincount":true,"sidhistory":[],"allowedtodelegate":[]},"PrimaryGroupSID":"S-1-5-21-1741091980-3075726550-22591605-513","SPNTargets":[],"Aces":[{"RightName":"Owns","IsInherited":false,"PrincipalSID":"S-1-5-21-1741091980-3075726550-22591605-512","PrincipalType":"Group"},{"RightName":"GenericWrite","IsInherited":false,"PrincipalSID":"S-1-5-21-1741091980-3075726550-22591605-512","PrincipalType":"Group"},{"RightName":"WriteOwner","IsInherited":false,"PrincipalSID":"S-1-5-21-1741091980-3075726550-22591605-512","PrincipalType":"Group"},{"RightName":"AllExtendedRights","IsInherited":false,"PrincipalSID":"S-1-5-21-1741091980-3075726550-22591605-512","PrincipalType":"Group"},{"RightName":"WriteDacl","IsInherited":false,"PrincipalSID":"S-1-5-21-1741091980-3075726550-22591605-512","PrincipalType":"Group"},{"RightName":"GenericWrite","IsInherited":false,"PrincipalSID":"S-1-5-21-3356225206-989342118-3217507422-519","PrincipalType":"Group"},{"RightName":"WriteOwner","IsInherited":false,"PrincipalSID":"S-1-5-21-3356225206-989342118-3217507422-519","PrincipalType":"Group"},{"RightName":"AllExtendedRights","IsInherited":false,"PrincipalSID":"S-1-5-21-3356225206-989342118-3217507422-519","PrincipalType":"Group"},{"RightName":"WriteDacl","IsInherited":false,"PrincipalSID":"S-1-5-21-3356225206-989342118-3217507422-519","PrincipalType":"Group"},{"RightName":"GenericWrite","IsInherited":false,"PrincipalSID":"NORTH.SEVENKINGDOMS.LOCAL-S-1-5-32-544","PrincipalType":"Group"},{"RightName":"WriteOwner","IsInherited":false,"PrincipalSID":"NORTH.SEVENKINGDOMS.LOCAL-S-1-5-32-544","PrincipalType":"Group"},{"RightName":"AllExtendedRights","IsInherited":false,"PrincipalSID":"NORTH.SEVENKINGDOMS.LOCAL-S-1-5-32-544","PrincipalType":"Group"},{"RightName":"WriteDacl","IsInherited":false,"PrincipalSID":"NORTH.SEVENKINGDOMS.LOCAL-S-1-5-32-544","PrincipalType":"Group"}],"AllowedToDelegate":[],"HasSIDHistory":[]},{"ObjectIdentifier":"S-1-5-21-1741091980-3075726550-22591605-1105","IsDeleted":false,"IsACLProtected":false,"Properties":{"domain":"NORTH.SEVENKINGDOMS.LOCAL","name":"SEVENKINGDOMS$@NORTH.SEVENKINGDOMS.LOCAL","domainsid":"S-1-5-21-1741091980-3075726550-22591605","distinguishedname":"CN=SEVENKINGDOMS$,CN=USERS,DC=NORTH,DC=SEVENKINGDOMS,DC=LOCAL","highvalue":false,"description":null,"whencreated":1688612009,"sensitive":false,"dontreqpreauth":false,"passwordnotreqd":true,"unconstraineddelegation":false,"pwdneverexpires":false,"enabled":true,"trustedtoauth":false,"lastlogon":-1,"lastlogontimestamp":-1,"pwdlastset":1688612009,"serviceprincipalnames":[],"hasspn":false,"displayname":null,"email":null,"title":null,"homedirectory":null,"logonscript":null,"samaccountname":"SEVENKINGDOMS$","userpassword":null,"unixpassword":null,"unicodepassword":null,"sfupassword":null,"admincount":false,"sidhistory":[],"allowedtodelegate":[]},"PrimaryGroupSID":"S-1-5-21-1741091980-3075726550-22591605-513","SPNTargets":[],"Aces":[{"RightName":"Owns","IsInherited":false,"PrincipalSID":"S-1-5-21-1741091980-3075726550-22591605-512","PrincipalType":"Group"},{"RightName":"AllExtendedRights","IsInherited":false,"PrincipalSID":"S-1-5-21-1741091980-3075726550-22591605-512","PrincipalType":"Group"},{"RightName":"GenericAll","IsInherited":false,"PrincipalSID":"S-1-5-21-1741091980-3075726550-22591605-512","PrincipalType":"Group"},{"RightName":"GenericAll","IsInherited":false,"PrincipalSID":"NORTH.SEVENKINGDOMS.LOCAL-S-1-5-32-548","PrincipalType":"Group"},{"RightName":"AddKeyCredentialLink","IsInherited":true,"PrincipalSID":"S-1-5-21-1741091980-3075726550-22591605-526","PrincipalType":"Group"},{"RightName":"AddKeyCredentialLink","IsInherited":true,"PrincipalSID":"S-1-5-21-3356225206-989342118-3217507422-527","PrincipalType":"Group"},{"RightName":"GenericAll","IsInherited":true,"PrincipalSID":"S-1-5-21-3356225206-989342118-3217507422-519","PrincipalType":"Group"},{"RightName":"GenericWrite","IsInherited":true,"PrincipalSID":"NORTH.SEVENKINGDOMS.LOCAL-S-1-5-32-544","PrincipalType":"Group"},{"RightName":"WriteOwner","IsInherited":true,"PrincipalSID":"NORTH.SEVENKINGDOMS.LOCAL-S-1-5-32-544","PrincipalType":"Group"},{"RightName":"AllExtendedRights","IsInherited":true,"PrincipalSID":"NORTH.SEVENKINGDOMS.LOCAL-S-1-5-32-544","PrincipalType":"Group"},{"RightName":"WriteDacl","IsInherited":true,"PrincipalSID":"NORTH.SEVENKINGDOMS.LOCAL-S-1-5-32-544","PrincipalType":"Group"}],"AllowedToDelegate":[],"HasSIDHistory":[]},{"ObjectIdentifier":"S-1-5-21-1741091980-3075726550-22591605-1110","IsDeleted":false,"IsACLProtected":false,"Properties":{"domain":"NORTH.SEVENKINGDOMS.LOCAL","name":"ARYA.STARK@NORTH.SEVENKINGDOMS.LOCAL","domainsid":"S-1-5-21-1741091980-3075726550-22591605","distinguishedname":"CN=ARYA.STARK,CN=USERS,DC=NORTH,DC=SEVENKINGDOMS,DC=LOCAL","highvalue":false,"description":"Arya Stark","whencreated":1688612994,"sensitive":false,"dontreqpreauth":false,"passwordnotreqd":false,"unconstraineddelegation":false,"pwdneverexpires":true,"enabled":true,"trustedtoauth":false,"lastlogon":-1,"lastlogontimestamp":-1,"pwdlastset":1688632534,"serviceprincipalnames":[],"hasspn":false,"displayname":null,"email":null,"title":null,"homedirectory":null,"logonscript":null,"samaccountname":"arya.stark","userpassword":null,"unixpassword":null,"unicodepassword":null,"sfupassword":null,"admincount":false,"sidhistory":[],"allowedtodelegate":[]},"PrimaryGroupSID":"S-1-5-21-1741091980-3075726550-22591605-513","SPNTargets":[],"Aces":[{"RightName":"Owns","IsInherited":false,"PrincipalSID":"S-1-5-21-1741091980-3075726550-22591605-512","PrincipalType":"Group"},{"RightName":"GenericAll","IsInherited":false,"PrincipalSID":"S-1-5-21-1741091980-3075726550-22591605-512","PrincipalType":"Group"},{"RightName":"GenericAll","IsInherited":false,"PrincipalSID":"NORTH.SEVENKINGDOMS.LOCAL-S-1-5-32-548","PrincipalType":"Group"},{"RightName":"AddKeyCredentialLink","IsInherited":true,"PrincipalSID":"S-1-5-21-1741091980-3075726550-22591605-526","PrincipalType":"Group"},{"RightName":"AddKeyCredentialLink","IsInherited":true,"PrincipalSID":"S-1-5-21-3356225206-989342118-3217507422-527","PrincipalType":"Group"},{"RightName":"GenericAll","IsInherited":true,"PrincipalSID":"S-1-5-21-3356225206-989342118-3217507422-519","PrincipalType":"Group"},{"RightName":"GenericWrite","IsInherited":true,"PrincipalSID":"NORTH.SEVENKINGDOMS.LOCAL-S-1-5-32-544","PrincipalType":"Group"},{"RightName":"WriteOwner","IsInherited":true,"PrincipalSID":"NORTH.SEVENKINGDOMS.LOCAL-S-1-5-32-544","PrincipalType":"Group"},{"RightName":"AllExtendedRights","IsInherited":true,"PrincipalSID":"NORTH.SEVENKINGDOMS.LOCAL-S-1-5-32-544","PrincipalType":"Group"},{"RightName":"WriteDacl","IsInherited":true,"PrincipalSID":"NORTH.SEVENKINGDOMS.LOCAL-S-1-5-32-544","PrincipalType":"Group"}],"AllowedToDelegate":[],"HasSIDHistory":[]},{"ObjectIdentifier":"S-1-5-21-1741091980-3075726550-22591605-1111","IsDeleted":false,"IsACLProtected":true,"Properties":{"domain":"NORTH.SEVENKINGDOMS.LOCAL","name":"EDDARD.STARK@NORTH.SEVENKINGDOMS.LOCAL","domainsid":"S-1-5-21-1741091980-3075726550-22591605","distinguishedname":"CN=EDDARD.STARK,CN=USERS,DC=NORTH,DC=SEVENKINGDOMS,DC=LOCAL","highvalue":false,"description":"Eddard Stark","whencreated":1688612998,"sensitive":false,"dontreqpreauth":false,"passwordnotreqd":false,"unconstraineddelegation":false,"pwdneverexpires":true,"enabled":true,"trustedtoauth":false,"lastlogon":1688745660,"lastlogontimestamp":1688634060,"pwdlastset":1688632536,"serviceprincipalnames":[],"hasspn":false,"displayname":null,"email":null,"title":null,"homedirectory":null,"logonscript":null,"samaccountname":"eddard.stark","userpassword":null,"unixpassword":null,"unicodepassword":null,"sfupassword":null,"admincount":true,"sidhistory":[],"allowedtodelegate":[]},"PrimaryGroupSID":"S-1-5-21-1741091980-3075726550-22591605-513","SPNTargets":[],"Aces":[{"RightName":"Owns","IsInherited":false,"PrincipalSID":"S-1-5-21-1741091980-3075726550-22591605-512","PrincipalType":"Group"},{"RightName":"GenericWrite","IsInherited":false,"PrincipalSID":"S-1-5-21-1741091980-3075726550-22591605-512","PrincipalType":"Group"},{"RightName":"WriteOwner","IsInherited":false,"PrincipalSID":"S-1-5-21-1741091980-3075726550-22591605-512","PrincipalType":"Group"},{"RightName":"AllExtendedRights","IsInherited":false,"PrincipalSID":"S-1-5-21-1741091980-3075726550-22591605-512","PrincipalType":"Group"},{"RightName":"WriteDacl","IsInherited":false,"PrincipalSID":"S-1-5-21-1741091980-3075726550-22591605-512","PrincipalType":"Group"},{"RightName":"GenericWrite","IsInherited":false,"PrincipalSID":"S-1-5-21-3356225206-989342118-3217507422-519","PrincipalType":"Group"},{"RightName":"WriteOwner","IsInherited":false,"PrincipalSID":"S-1-5-21-3356225206-989342118-3217507422-519","PrincipalType":"Group"},{"RightName":"AllExtendedRights","IsInherited":false,"PrincipalSID":"S-1-5-21-3356225206-989342118-3217507422-519","PrincipalType":"Group"},{"RightName":"WriteDacl","IsInherited":false,"PrincipalSID":"S-1-5-21-3356225206-989342118-3217507422-519","PrincipalType":"Group"},{"RightName":"GenericWrite","IsInherited":false,"PrincipalSID":"NORTH.SEVENKINGDOMS.LOCAL-S-1-5-32-544","PrincipalType":"Group"},{"RightName":"WriteOwner","IsInherited":false,"PrincipalSID":"NORTH.SEVENKINGDOMS.LOCAL-S-1-5-32-544","PrincipalType":"Group"},{"RightName":"AllExtendedRights","IsInherited":false,"PrincipalSID":"NORTH.SEVENKINGDOMS.LOCAL-S-1-5-32-544","PrincipalType":"Group"},{"RightName":"WriteDacl","IsInherited":false,"PrincipalSID":"NORTH.SEVENKINGDOMS.LOCAL-S-1-5-32-544","PrincipalType":"Group"}],"AllowedToDelegate":[],"HasSIDHistory":[]},{"ObjectIdentifier":"S-1-5-21-1741091980-3075726550-22591605-1112","IsDeleted":false,"IsACLProtected":true,"Properties":{"domain":"NORTH.SEVENKINGDOMS.LOCAL","name":"CATELYN.STARK@NORTH.SEVENKINGDOMS.LOCAL","domainsid":"S-1-5-21-1741091980-3075726550-22591605","distinguishedname":"CN=CATELYN.STARK,CN=USERS,DC=NORTH,DC=SEVENKINGDOMS,DC=LOCAL","highvalue":false,"description":"Catelyn Stark","whencreated":1688613003,"sensitive":false,"dontreqpreauth":false,"passwordnotreqd":false,"unconstraineddelegation":false,"pwdneverexpires":true,"enabled":true,"trustedtoauth":false,"lastlogon":-1,"lastlogontimestamp":-1,"pwdlastset":1688632538,"serviceprincipalnames":[],"hasspn":false,"displayname":null,"email":null,"title":null,"homedirectory":null,"logonscript":null,"samaccountname":"catelyn.stark","userpassword":null,"unixpassword":null,"unicodepassword":null,"sfupassword":null,"admincount":true,"sidhistory":[],"allowedtodelegate":[]},"PrimaryGroupSID":"S-1-5-21-1741091980-3075726550-22591605-513","SPNTargets":[],"Aces":[{"RightName":"Owns","IsInherited":false,"PrincipalSID":"S-1-5-21-1741091980-3075726550-22591605-512","PrincipalType":"Group"},{"RightName":"GenericWrite","IsInherited":false,"PrincipalSID":"S-1-5-21-1741091980-3075726550-22591605-512","PrincipalType":"Group"},{"RightName":"WriteOwner","IsInherited":false,"PrincipalSID":"S-1-5-21-1741091980-3075726550-22591605-512","PrincipalType":"Group"},{"RightName":"AllExtendedRights","IsInherited":false,"PrincipalSID":"S-1-5-21-1741091980-3075726550-22591605-512","PrincipalType":"Group"},{"RightName":"WriteDacl","IsInherited":false,"PrincipalSID":"S-1-5-21-1741091980-3075726550-22591605-512","PrincipalType":"Group"},{"RightName":"GenericWrite","IsInherited":false,"PrincipalSID":"S-1-5-21-3356225206-989342118-3217507422-519","PrincipalType":"Group"},{"RightName":"WriteOwner","IsInherited":false,"PrincipalSID":"S-1-5-21-3356225206-989342118-3217507422-519","PrincipalType":"Group"},{"RightName":"AllExtendedRights","IsInherited":false,"PrincipalSID":"S-1-5-21-3356225206-989342118-3217507422-519","PrincipalType":"Group"},{"RightName":"WriteDacl","IsInherited":false,"PrincipalSID":"S-1-5-21-3356225206-989342118-3217507422-519","PrincipalType":"Group"},{"RightName":"GenericWrite","IsInherited":false,"PrincipalSID":"NORTH.SEVENKINGDOMS.LOCAL-S-1-5-32-544","PrincipalType":"Group"},{"RightName":"WriteOwner","IsInherited":false,"PrincipalSID":"NORTH.SEVENKINGDOMS.LOCAL-S-1-5-32-544","PrincipalType":"Group"},{"RightName":"AllExtendedRights","IsInherited":false,"PrincipalSID":"NORTH.SEVENKINGDOMS.LOCAL-S-1-5-32-544","PrincipalType":"Group"},{"RightName":"WriteDacl","IsInherited":false,"PrincipalSID":"NORTH.SEVENKINGDOMS.LOCAL-S-1-5-32-544","PrincipalType":"Group"}],"AllowedToDelegate":[],"HasSIDHistory":[]},{"ObjectIdentifier":"S-1-5-21-1741091980-3075726550-22591605-1113","IsDeleted":false,"IsACLProtected":true,"Properties":{"domain":"NORTH.SEVENKINGDOMS.LOCAL","name":"ROBB.STARK@NORTH.SEVENKINGDOMS.LOCAL","domainsid":"S-1-5-21-1741091980-3075726550-22591605","distinguishedname":"CN=ROBB.STARK,CN=USERS,DC=NORTH,DC=SEVENKINGDOMS,DC=LOCAL","highvalue":false,"description":"Robb Stark","whencreated":1688613007,"sensitive":false,"dontreqpreauth":false,"passwordnotreqd":false,"unconstraineddelegation":false,"pwdneverexpires":true,"enabled":true,"trustedtoauth":false,"lastlogon":1688745782,"lastlogontimestamp":1688634033,"pwdlastset":1688632540,"serviceprincipalnames":[],"hasspn":false,"displayname":null,"email":null,"title":null,"homedirectory":null,"logonscript":null,"samaccountname":"robb.stark","userpassword":null,"unixpassword":null,"unicodepassword":null,"sfupassword":null,"admincount":true,"sidhistory":[],"allowedtodelegate":[]},"PrimaryGroupSID":"S-1-5-21-1741091980-3075726550-22591605-513","SPNTargets":[],"Aces":[{"RightName":"Owns","IsInherited":false,"PrincipalSID":"S-1-5-21-1741091980-3075726550-22591605-512","PrincipalType":"Group"},{"RightName":"GenericWrite","IsInherited":false,"PrincipalSID":"S-1-5-21-1741091980-3075726550-22591605-512","PrincipalType":"Group"},{"RightName":"WriteOwner","IsInherited":false,"PrincipalSID":"S-1-5-21-1741091980-3075726550-22591605-512","PrincipalType":"Group"},{"RightName":"AllExtendedRights","IsInherited":false,"PrincipalSID":"S-1-5-21-1741091980-3075726550-22591605-512","PrincipalType":"Group"},{"RightName":"WriteDacl","IsInherited":false,"PrincipalSID":"S-1-5-21-1741091980-3075726550-22591605-512","PrincipalType":"Group"},{"RightName":"GenericWrite","IsInherited":false,"PrincipalSID":"S-1-5-21-3356225206-989342118-3217507422-519","PrincipalType":"Group"},{"RightName":"WriteOwner","IsInherited":false,"PrincipalSID":"S-1-5-21-3356225206-989342118-3217507422-519","PrincipalType":"Group"},{"RightName":"AllExtendedRights","IsInherited":false,"PrincipalSID":"S-1-5-21-3356225206-989342118-3217507422-519","PrincipalType":"Group"},{"RightName":"WriteDacl","IsInherited":false,"PrincipalSID":"S-1-5-21-3356225206-989342118-3217507422-519","PrincipalType":"Group"},{"RightName":"GenericWrite","IsInherited":false,"PrincipalSID":"NORTH.SEVENKINGDOMS.LOCAL-S-1-5-32-544","PrincipalType":"Group"},{"RightName":"WriteOwner","IsInherited":false,"PrincipalSID":"NORTH.SEVENKINGDOMS.LOCAL-S-1-5-32-544","PrincipalType":"Group"},{"RightName":"AllExtendedRights","IsInherited":false,"PrincipalSID":"NORTH.SEVENKINGDOMS.LOCAL-S-1-5-32-544","PrincipalType":"Group"},{"RightName":"WriteDacl","IsInherited":false,"PrincipalSID":"NORTH.SEVENKINGDOMS.LOCAL-S-1-5-32-544","PrincipalType":"Group"}],"AllowedToDelegate":[],"HasSIDHistory":[]},{"ObjectIdentifier":"S-1-5-21-1741091980-3075726550-22591605-1114","IsDeleted":false,"IsACLProtected":false,"Properties":{"domain":"NORTH.SEVENKINGDOMS.LOCAL","name":"SANSA.STARK@NORTH.SEVENKINGDOMS.LOCAL","domainsid":"S-1-5-21-1741091980-3075726550-22591605","distinguishedname":"CN=SANSA.STARK,CN=USERS,DC=NORTH,DC=SEVENKINGDOMS,DC=LOCAL","highvalue":false,"description":"Sansa Stark","whencreated":1688613011,"sensitive":false,"dontreqpreauth":false,"passwordnotreqd":false,"unconstraineddelegation":false,"pwdneverexpires":true,"enabled":true,"trustedtoauth":false,"lastlogon":-1,"lastlogontimestamp":-1,"pwdlastset":1688632541,"serviceprincipalnames":[],"hasspn":false,"displayname":null,"email":null,"title":null,"homedirectory":null,"logonscript":null,"samaccountname":"sansa.stark","userpassword":null,"unixpassword":null,"unicodepassword":null,"sfupassword":null,"admincount":false,"sidhistory":[],"allowedtodelegate":[]},"PrimaryGroupSID":"S-1-5-21-1741091980-3075726550-22591605-513","SPNTargets":[],"Aces":[{"RightName":"Owns","IsInherited":false,"PrincipalSID":"S-1-5-21-1741091980-3075726550-22591605-512","PrincipalType":"Group"},{"RightName":"GenericAll","IsInherited":false,"PrincipalSID":"S-1-5-21-1741091980-3075726550-22591605-512","PrincipalType":"Group"},{"RightName":"GenericAll","IsInherited":false,"PrincipalSID":"NORTH.SEVENKINGDOMS.LOCAL-S-1-5-32-548","PrincipalType":"Group"},{"RightName":"AddKeyCredentialLink","IsInherited":true,"PrincipalSID":"S-1-5-21-1741091980-3075726550-22591605-526","PrincipalType":"Group"},{"RightName":"AddKeyCredentialLink","IsInherited":true,"PrincipalSID":"S-1-5-21-3356225206-989342118-3217507422-527","PrincipalType":"Group"},{"RightName":"GenericAll","IsInherited":true,"PrincipalSID":"S-1-5-21-3356225206-989342118-3217507422-519","PrincipalType":"Group"},{"RightName":"GenericWrite","IsInherited":true,"PrincipalSID":"NORTH.SEVENKINGDOMS.LOCAL-S-1-5-32-544","PrincipalType":"Group"},{"RightName":"WriteOwner","IsInherited":true,"PrincipalSID":"NORTH.SEVENKINGDOMS.LOCAL-S-1-5-32-544","PrincipalType":"Group"},{"RightName":"AllExtendedRights","IsInherited":true,"PrincipalSID":"NORTH.SEVENKINGDOMS.LOCAL-S-1-5-32-544","PrincipalType":"Group"},{"RightName":"WriteDacl","IsInherited":true,"PrincipalSID":"NORTH.SEVENKINGDOMS.LOCAL-S-1-5-32-544","PrincipalType":"Group"}],"AllowedToDelegate":[],"HasSIDHistory":[]},{"ObjectIdentifier":"S-1-5-21-1741091980-3075726550-22591605-1115","IsDeleted":false,"IsACLProtected":false,"Properties":{"domain":"NORTH.SEVENKINGDOMS.LOCAL","name":"BRANDON.STARK@NORTH.SEVENKINGDOMS.LOCAL","domainsid":"S-1-5-21-1741091980-3075726550-22591605","distinguishedname":"CN=BRANDON.STARK,CN=USERS,DC=NORTH,DC=SEVENKINGDOMS,DC=LOCAL","highvalue":false,"description":"Brandon Stark","whencreated":1688613016,"sensitive":false,"dontreqpreauth":true,"passwordnotreqd":false,"unconstraineddelegation":false,"pwdneverexpires":true,"enabled":true,"trustedtoauth":false,"lastlogon":1688729049,"lastlogontimestamp":1688729040,"pwdlastset":1688632543,"serviceprincipalnames":[],"hasspn":false,"displayname":null,"email":null,"title":null,"homedirectory":null,"logonscript":null,"samaccountname":"brandon.stark","userpassword":null,"unixpassword":null,"unicodepassword":null,"sfupassword":null,"admincount":false,"sidhistory":[],"allowedtodelegate":[]},"PrimaryGroupSID":"S-1-5-21-1741091980-3075726550-22591605-513","SPNTargets":[],"Aces":[{"RightName":"Owns","IsInherited":false,"PrincipalSID":"S-1-5-21-1741091980-3075726550-22591605-512","PrincipalType":"Group"},{"RightName":"GenericAll","IsInherited":false,"PrincipalSID":"S-1-5-21-1741091980-3075726550-22591605-512","PrincipalType":"Group"},{"RightName":"GenericAll","IsInherited":false,"PrincipalSID":"NORTH.SEVENKINGDOMS.LOCAL-S-1-5-32-548","PrincipalType":"Group"},{"RightName":"AddKeyCredentialLink","IsInherited":true,"PrincipalSID":"S-1-5-21-1741091980-3075726550-22591605-526","PrincipalType":"Group"},{"RightName":"AddKeyCredentialLink","IsInherited":true,"PrincipalSID":"S-1-5-21-3356225206-989342118-3217507422-527","PrincipalType":"Group"},{"RightName":"GenericAll","IsInherited":true,"PrincipalSID":"S-1-5-21-3356225206-989342118-3217507422-519","PrincipalType":"Group"},{"RightName":"GenericWrite","IsInherited":true,"PrincipalSID":"NORTH.SEVENKINGDOMS.LOCAL-S-1-5-32-544","PrincipalType":"Group"},{"RightName":"WriteOwner","IsInherited":true,"PrincipalSID":"NORTH.SEVENKINGDOMS.LOCAL-S-1-5-32-544","PrincipalType":"Group"},{"RightName":"AllExtendedRights","IsInherited":true,"PrincipalSID":"NORTH.SEVENKINGDOMS.LOCAL-S-1-5-32-544","PrincipalType":"Group"},{"RightName":"WriteDacl","IsInherited":true,"PrincipalSID":"NORTH.SEVENKINGDOMS.LOCAL-S-1-5-32-544","PrincipalType":"Group"}],"AllowedToDelegate":[],"HasSIDHistory":[]},{"ObjectIdentifier":"S-1-5-21-1741091980-3075726550-22591605-1116","IsDeleted":false,"IsACLProtected":false,"Properties":{"domain":"NORTH.SEVENKINGDOMS.LOCAL","name":"RICKON.STARK@NORTH.SEVENKINGDOMS.LOCAL","domainsid":"S-1-5-21-1741091980-3075726550-22591605","distinguishedname":"CN=RICKON.STARK,CN=USERS,DC=NORTH,DC=SEVENKINGDOMS,DC=LOCAL","highvalue":false,"description":"Rickon Stark","whencreated":1688613020,"sensitive":false,"dontreqpreauth":false,"passwordnotreqd":false,"unconstraineddelegation":false,"pwdneverexpires":true,"enabled":true,"trustedtoauth":false,"lastlogon":-1,"lastlogontimestamp":-1,"pwdlastset":1688632544,"serviceprincipalnames":[],"hasspn":false,"displayname":null,"email":null,"title":null,"homedirectory":null,"logonscript":null,"samaccountname":"rickon.stark","userpassword":null,"unixpassword":null,"unicodepassword":null,"sfupassword":null,"admincount":false,"sidhistory":[],"allowedtodelegate":[]},"PrimaryGroupSID":"S-1-5-21-1741091980-3075726550-22591605-513","SPNTargets":[],"Aces":[{"RightName":"Owns","IsInherited":false,"PrincipalSID":"S-1-5-21-1741091980-3075726550-22591605-512","PrincipalType":"Group"},{"RightName":"GenericAll","IsInherited":false,"PrincipalSID":"S-1-5-21-1741091980-3075726550-22591605-512","PrincipalType":"Group"},{"RightName":"GenericAll","IsInherited":false,"PrincipalSID":"NORTH.SEVENKINGDOMS.LOCAL-S-1-5-32-548","PrincipalType":"Group"},{"RightName":"AddKeyCredentialLink","IsInherited":true,"PrincipalSID":"S-1-5-21-1741091980-3075726550-22591605-526","PrincipalType":"Group"},{"RightName":"AddKeyCredentialLink","IsInherited":true,"PrincipalSID":"S-1-5-21-3356225206-989342118-3217507422-527","PrincipalType":"Group"},{"RightName":"GenericAll","IsInherited":true,"PrincipalSID":"S-1-5-21-3356225206-989342118-3217507422-519","PrincipalType":"Group"},{"RightName":"GenericWrite","IsInherited":true,"PrincipalSID":"NORTH.SEVENKINGDOMS.LOCAL-S-1-5-32-544","PrincipalType":"Group"},{"RightName":"WriteOwner","IsInherited":true,"PrincipalSID":"NORTH.SEVENKINGDOMS.LOCAL-S-1-5-32-544","PrincipalType":"Group"},{"RightName":"AllExtendedRights","IsInherited":true,"PrincipalSID":"NORTH.SEVENKINGDOMS.LOCAL-S-1-5-32-544","PrincipalType":"Group"},{"RightName":"WriteDacl","IsInherited":true,"PrincipalSID":"NORTH.SEVENKINGDOMS.LOCAL-S-1-5-32-544","PrincipalType":"Group"}],"AllowedToDelegate":[],"HasSIDHistory":[]},{"ObjectIdentifier":"S-1-5-21-1741091980-3075726550-22591605-1117","IsDeleted":false,"IsACLProtected":false,"Properties":{"domain":"NORTH.SEVENKINGDOMS.LOCAL","name":"HODOR@NORTH.SEVENKINGDOMS.LOCAL","domainsid":"S-1-5-21-1741091980-3075726550-22591605","distinguishedname":"CN=HODOR,CN=USERS,DC=NORTH,DC=SEVENKINGDOMS,DC=LOCAL","highvalue":false,"description":"Brainless Giant","whencreated":1688613024,"sensitive":false,"dontreqpreauth":false,"passwordnotreqd":false,"unconstraineddelegation":false,"pwdneverexpires":true,"enabled":true,"trustedtoauth":false,"lastlogon":-1,"lastlogontimestamp":-1,"pwdlastset":1688632546,"serviceprincipalnames":[],"hasspn":false,"displayname":null,"email":null,"title":null,"homedirectory":null,"logonscript":null,"samaccountname":"hodor","userpassword":null,"unixpassword":null,"unicodepassword":null,"sfupassword":null,"admincount":false,"sidhistory":[],"allowedtodelegate":[]},"PrimaryGroupSID":"S-1-5-21-1741091980-3075726550-22591605-513","SPNTargets":[],"Aces":[{"RightName":"Owns","IsInherited":false,"PrincipalSID":"S-1-5-21-1741091980-3075726550-22591605-512","PrincipalType":"Group"},{"RightName":"GenericAll","IsInherited":false,"PrincipalSID":"S-1-5-21-1741091980-3075726550-22591605-512","PrincipalType":"Group"},{"RightName":"GenericAll","IsInherited":false,"PrincipalSID":"NORTH.SEVENKINGDOMS.LOCAL-S-1-5-32-548","PrincipalType":"Group"},{"RightName":"AddKeyCredentialLink","IsInherited":true,"PrincipalSID":"S-1-5-21-1741091980-3075726550-22591605-526","PrincipalType":"Group"},{"RightName":"AddKeyCredentialLink","IsInherited":true,"PrincipalSID":"S-1-5-21-3356225206-989342118-3217507422-527","PrincipalType":"Group"},{"RightName":"GenericAll","IsInherited":true,"PrincipalSID":"S-1-5-21-3356225206-989342118-3217507422-519","PrincipalType":"Group"},{"RightName":"GenericWrite","IsInherited":true,"PrincipalSID":"NORTH.SEVENKINGDOMS.LOCAL-S-1-5-32-544","PrincipalType":"Group"},{"RightName":"WriteOwner","IsInherited":true,"PrincipalSID":"NORTH.SEVENKINGDOMS.LOCAL-S-1-5-32-544","PrincipalType":"Group"},{"RightName":"AllExtendedRights","IsInherited":true,"PrincipalSID":"NORTH.SEVENKINGDOMS.LOCAL-S-1-5-32-544","PrincipalType":"Group"},{"RightName":"WriteDacl","IsInherited":true,"PrincipalSID":"NORTH.SEVENKINGDOMS.LOCAL-S-1-5-32-544","PrincipalType":"Group"}],"AllowedToDelegate":[],"HasSIDHistory":[]},{"ObjectIdentifier":"S-1-5-21-1741091980-3075726550-22591605-1118","IsDeleted":false,"IsACLProtected":false,"Properties":{"domain":"NORTH.SEVENKINGDOMS.LOCAL","name":"JON.SNOW@NORTH.SEVENKINGDOMS.LOCAL","domainsid":"S-1-5-21-1741091980-3075726550-22591605","distinguishedname":"CN=JON.SNOW,CN=USERS,DC=NORTH,DC=SEVENKINGDOMS,DC=LOCAL","highvalue":false,"description":"Jon Snow","whencreated":1688613028,"sensitive":false,"dontreqpreauth":false,"passwordnotreqd":false,"unconstraineddelegation":false,"pwdneverexpires":true,"enabled":true,"trustedtoauth":true,"lastlogon":-1,"lastlogontimestamp":-1,"pwdlastset":1688632548,"serviceprincipalnames":["CIFS/winterfell.north.sevenkingdoms.local","HTTP/thewall.north.sevenkingdoms.local"],"hasspn":true,"displayname":null,"email":null,"title":null,"homedirectory":null,"logonscript":null,"samaccountname":"jon.snow","userpassword":null,"unixpassword":null,"unicodepassword":null,"sfupassword":null,"admincount":false,"sidhistory":[],"allowedtodelegate":["CIFS/winterfell","CIFS/winterfell.north.sevenkingdoms.local"]},"PrimaryGroupSID":"S-1-5-21-1741091980-3075726550-22591605-513","SPNTargets":[],"Aces":[{"RightName":"Owns","IsInherited":false,"PrincipalSID":"S-1-5-21-1741091980-3075726550-22591605-512","PrincipalType":"Group"},{"RightName":"GenericAll","IsInherited":false,"PrincipalSID":"S-1-5-21-1741091980-3075726550-22591605-512","PrincipalType":"Group"},{"RightName":"GenericAll","IsInherited":false,"PrincipalSID":"NORTH.SEVENKINGDOMS.LOCAL-S-1-5-32-548","PrincipalType":"Group"},{"RightName":"AddKeyCredentialLink","IsInherited":true,"PrincipalSID":"S-1-5-21-1741091980-3075726550-22591605-526","PrincipalType":"Group"},{"RightName":"AddKeyCredentialLink","IsInherited":true,"PrincipalSID":"S-1-5-21-3356225206-989342118-3217507422-527","PrincipalType":"Group"},{"RightName":"GenericAll","IsInherited":true,"PrincipalSID":"S-1-5-21-3356225206-989342118-3217507422-519","PrincipalType":"Group"},{"RightName":"GenericWrite","IsInherited":true,"PrincipalSID":"NORTH.SEVENKINGDOMS.LOCAL-S-1-5-32-544","PrincipalType":"Group"},{"RightName":"WriteOwner","IsInherited":true,"PrincipalSID":"NORTH.SEVENKINGDOMS.LOCAL-S-1-5-32-544","PrincipalType":"Group"},{"RightName":"AllExtendedRights","IsInherited":true,"PrincipalSID":"NORTH.SEVENKINGDOMS.LOCAL-S-1-5-32-544","PrincipalType":"Group"},{"RightName":"WriteDacl","IsInherited":true,"PrincipalSID":"NORTH.SEVENKINGDOMS.LOCAL-S-1-5-32-544","PrincipalType":"Group"}],"AllowedToDelegate":[{"ObjectIdentifier":"WINTERFELL","ObjectType":"Computer"},{"ObjectIdentifier":"WINTERFELL.NORTH.SEVENKINGDOMS.LOCAL","ObjectType":"Computer"}],"HasSIDHistory":[]},{"ObjectIdentifier":"S-1-5-21-1741091980-3075726550-22591605-1119","IsDeleted":false,"IsACLProtected":false,"Properties":{"domain":"NORTH.SEVENKINGDOMS.LOCAL","name":"SAMWELL.TARLY@NORTH.SEVENKINGDOMS.LOCAL","domainsid":"S-1-5-21-1741091980-3075726550-22591605","distinguishedname":"CN=SAMWELL.TARLY,CN=USERS,DC=NORTH,DC=SEVENKINGDOMS,DC=LOCAL","highvalue":false,"description":"Samwell Tarly (Password : Heartsbane)","whencreated":1688613032,"sensitive":false,"dontreqpreauth":false,"passwordnotreqd":false,"unconstraineddelegation":false,"pwdneverexpires":true,"enabled":true,"trustedtoauth":false,"lastlogon":-1,"lastlogontimestamp":-1,"pwdlastset":1688632549,"serviceprincipalnames":[],"hasspn":false,"displayname":null,"email":null,"title":null,"homedirectory":null,"logonscript":null,"samaccountname":"samwell.tarly","userpassword":null,"unixpassword":null,"unicodepassword":null,"sfupassword":null,"admincount":false,"sidhistory":[],"allowedtodelegate":[]},"PrimaryGroupSID":"S-1-5-21-1741091980-3075726550-22591605-513","SPNTargets":[],"Aces":[{"RightName":"Owns","IsInherited":false,"PrincipalSID":"S-1-5-21-1741091980-3075726550-22591605-512","PrincipalType":"Group"},{"RightName":"GenericAll","IsInherited":false,"PrincipalSID":"S-1-5-21-1741091980-3075726550-22591605-512","PrincipalType":"Group"},{"RightName":"GenericAll","IsInherited":false,"PrincipalSID":"NORTH.SEVENKINGDOMS.LOCAL-S-1-5-32-548","PrincipalType":"Group"},{"RightName":"AddKeyCredentialLink","IsInherited":true,"PrincipalSID":"S-1-5-21-1741091980-3075726550-22591605-526","PrincipalType":"Group"},{"RightName":"AddKeyCredentialLink","IsInherited":true,"PrincipalSID":"S-1-5-21-3356225206-989342118-3217507422-527","PrincipalType":"Group"},{"RightName":"GenericAll","IsInherited":true,"PrincipalSID":"S-1-5-21-3356225206-989342118-3217507422-519","PrincipalType":"Group"},{"RightName":"GenericWrite","IsInherited":true,"PrincipalSID":"NORTH.SEVENKINGDOMS.LOCAL-S-1-5-32-544","PrincipalType":"Group"},{"RightName":"WriteOwner","IsInherited":true,"PrincipalSID":"NORTH.SEVENKINGDOMS.LOCAL-S-1-5-32-544","PrincipalType":"Group"},{"RightName":"AllExtendedRights","IsInherited":true,"PrincipalSID":"NORTH.SEVENKINGDOMS.LOCAL-S-1-5-32-544","PrincipalType":"Group"},{"RightName":"WriteDacl","IsInherited":true,"PrincipalSID":"NORTH.SEVENKINGDOMS.LOCAL-S-1-5-32-544","PrincipalType":"Group"}],"AllowedToDelegate":[],"HasSIDHistory":[]},{"ObjectIdentifier":"S-1-5-21-1741091980-3075726550-22591605-1120","IsDeleted":false,"IsACLProtected":false,"Properties":{"domain":"NORTH.SEVENKINGDOMS.LOCAL","name":"JEOR.MORMONT@NORTH.SEVENKINGDOMS.LOCAL","domainsid":"S-1-5-21-1741091980-3075726550-22591605","distinguishedname":"CN=JEOR.MORMONT,CN=USERS,DC=NORTH,DC=SEVENKINGDOMS,DC=LOCAL","highvalue":false,"description":"Jeor Mormont","whencreated":1688613036,"sensitive":false,"dontreqpreauth":false,"passwordnotreqd":false,"unconstraineddelegation":false,"pwdneverexpires":true,"enabled":true,"trustedtoauth":false,"lastlogon":-1,"lastlogontimestamp":-1,"pwdlastset":1688632551,"serviceprincipalnames":[],"hasspn":false,"displayname":null,"email":null,"title":null,"homedirectory":null,"logonscript":null,"samaccountname":"jeor.mormont","userpassword":null,"unixpassword":null,"unicodepassword":null,"sfupassword":null,"admincount":false,"sidhistory":[],"allowedtodelegate":[]},"PrimaryGroupSID":"S-1-5-21-1741091980-3075726550-22591605-513","SPNTargets":[],"Aces":[{"RightName":"Owns","IsInherited":false,"PrincipalSID":"S-1-5-21-1741091980-3075726550-22591605-512","PrincipalType":"Group"},{"RightName":"GenericAll","IsInherited":false,"PrincipalSID":"S-1-5-21-1741091980-3075726550-22591605-512","PrincipalType":"Group"},{"RightName":"GenericAll","IsInherited":false,"PrincipalSID":"NORTH.SEVENKINGDOMS.LOCAL-S-1-5-32-548","PrincipalType":"Group"},{"RightName":"AddKeyCredentialLink","IsInherited":true,"PrincipalSID":"S-1-5-21-1741091980-3075726550-22591605-526","PrincipalType":"Group"},{"RightName":"AddKeyCredentialLink","IsInherited":true,"PrincipalSID":"S-1-5-21-3356225206-989342118-3217507422-527","PrincipalType":"Group"},{"RightName":"GenericAll","IsInherited":true,"PrincipalSID":"S-1-5-21-3356225206-989342118-3217507422-519","PrincipalType":"Group"},{"RightName":"GenericWrite","IsInherited":true,"PrincipalSID":"NORTH.SEVENKINGDOMS.LOCAL-S-1-5-32-544","PrincipalType":"Group"},{"RightName":"WriteOwner","IsInherited":true,"PrincipalSID":"NORTH.SEVENKINGDOMS.LOCAL-S-1-5-32-544","PrincipalType":"Group"},{"RightName":"AllExtendedRights","IsInherited":true,"PrincipalSID":"NORTH.SEVENKINGDOMS.LOCAL-S-1-5-32-544","PrincipalType":"Group"},{"RightName":"WriteDacl","IsInherited":true,"PrincipalSID":"NORTH.SEVENKINGDOMS.LOCAL-S-1-5-32-544","PrincipalType":"Group"}],"AllowedToDelegate":[],"HasSIDHistory":[]},{"ObjectIdentifier":"S-1-5-21-1741091980-3075726550-22591605-1121","IsDeleted":false,"IsACLProtected":false,"Properties":{"domain":"NORTH.SEVENKINGDOMS.LOCAL","name":"SQL_SVC@NORTH.SEVENKINGDOMS.LOCAL","domainsid":"S-1-5-21-1741091980-3075726550-22591605","distinguishedname":"CN=SQL_SVC,CN=USERS,DC=NORTH,DC=SEVENKINGDOMS,DC=LOCAL","highvalue":false,"description":"sql service","whencreated":1688613040,"sensitive":false,"dontreqpreauth":false,"passwordnotreqd":false,"unconstraineddelegation":false,"pwdneverexpires":true,"enabled":true,"trustedtoauth":false,"lastlogon":1688745651,"lastlogontimestamp":1688633573,"pwdlastset":1688632553,"serviceprincipalnames":["MSSQLSvc/castelblack.north.sevenkingdoms.local","MSSQLSvc/castelblack.north.sevenkingdoms.local:1433"],"hasspn":true,"displayname":null,"email":null,"title":null,"homedirectory":null,"logonscript":null,"samaccountname":"sql_svc","userpassword":null,"unixpassword":null,"unicodepassword":null,"sfupassword":null,"admincount":false,"sidhistory":[],"allowedtodelegate":[]},"PrimaryGroupSID":"S-1-5-21-1741091980-3075726550-22591605-513","SPNTargets":[{"ComputerSID":"CASTELBLACK.NORTH.SEVENKINGDOMS.LOCAL","Port":1433,"Service":"SQLAdmin"}],"Aces":[{"RightName":"Owns","IsInherited":false,"PrincipalSID":"S-1-5-21-1741091980-3075726550-22591605-512","PrincipalType":"Group"},{"RightName":"GenericAll","IsInherited":false,"PrincipalSID":"S-1-5-21-1741091980-3075726550-22591605-512","PrincipalType":"Group"},{"RightName":"GenericAll","IsInherited":false,"PrincipalSID":"NORTH.SEVENKINGDOMS.LOCAL-S-1-5-32-548","PrincipalType":"Group"},{"RightName":"AddKeyCredentialLink","IsInherited":true,"PrincipalSID":"S-1-5-21-1741091980-3075726550-22591605-526","PrincipalType":"Group"},{"RightName":"AddKeyCredentialLink","IsInherited":true,"PrincipalSID":"S-1-5-21-3356225206-989342118-3217507422-527","PrincipalType":"Group"},{"RightName":"GenericAll","IsInherited":true,"PrincipalSID":"S-1-5-21-3356225206-989342118-3217507422-519","PrincipalType":"Group"},{"RightName":"GenericWrite","IsInherited":true,"PrincipalSID":"NORTH.SEVENKINGDOMS.LOCAL-S-1-5-32-544","PrincipalType":"Group"},{"RightName":"WriteOwner","IsInherited":true,"PrincipalSID":"NORTH.SEVENKINGDOMS.LOCAL-S-1-5-32-544","PrincipalType":"Group"},{"RightName":"AllExtendedRights","IsInherited":true,"PrincipalSID":"NORTH.SEVENKINGDOMS.LOCAL-S-1-5-32-544","PrincipalType":"Group"},{"RightName":"WriteDacl","IsInherited":true,"PrincipalSID":"NORTH.SEVENKINGDOMS.LOCAL-S-1-5-32-544","PrincipalType":"Group"}],"AllowedToDelegate":[],"HasSIDHistory":[]},{"ObjectIdentifier":"S-1-5-21-1741091980-3075726550-22591605-500","IsDeleted":false,"IsACLProtected":true,"Properties":{"domain":"NORTH.SEVENKINGDOMS.LOCAL","name":"ADMINISTRATOR@NORTH.SEVENKINGDOMS.LOCAL","domainsid":"S-1-5-21-1741091980-3075726550-22591605","distinguishedname":"CN=ADMINISTRATOR,CN=USERS,DC=NORTH,DC=SEVENKINGDOMS,DC=LOCAL","highvalue":false,"description":"Built-in account for administering the computer/domain","whencreated":1688611371,"sensitive":false,"dontreqpreauth":false,"passwordnotreqd":false,"unconstraineddelegation":false,"pwdneverexpires":true,"enabled":true,"trustedtoauth":false,"lastlogon":1688633573,"lastlogontimestamp":1688611827,"pwdlastset":1688610400,"serviceprincipalnames":[],"hasspn":false,"displayname":null,"email":null,"title":null,"homedirectory":null,"logonscript":null,"samaccountname":"Administrator","userpassword":null,"unixpassword":null,"unicodepassword":null,"sfupassword":null,"admincount":true,"sidhistory":[],"allowedtodelegate":[]},"PrimaryGroupSID":"S-1-5-21-1741091980-3075726550-22591605-513","SPNTargets":[],"Aces":[{"RightName":"Owns","IsInherited":false,"PrincipalSID":"S-1-5-21-1741091980-3075726550-22591605-512","PrincipalType":"Group"},{"RightName":"GenericWrite","IsInherited":false,"PrincipalSID":"S-1-5-21-1741091980-3075726550-22591605-512","PrincipalType":"Group"},{"RightName":"WriteOwner","IsInherited":false,"PrincipalSID":"S-1-5-21-1741091980-3075726550-22591605-512","PrincipalType":"Group"},{"RightName":"AllExtendedRights","IsInherited":false,"PrincipalSID":"S-1-5-21-1741091980-3075726550-22591605-512","PrincipalType":"Group"},{"RightName":"WriteDacl","IsInherited":false,"PrincipalSID":"S-1-5-21-1741091980-3075726550-22591605-512","PrincipalType":"Group"},{"RightName":"GenericWrite","IsInherited":false,"PrincipalSID":"S-1-5-21-3356225206-989342118-3217507422-519","PrincipalType":"Group"},{"RightName":"WriteOwner","IsInherited":false,"PrincipalSID":"S-1-5-21-3356225206-989342118-3217507422-519","PrincipalType":"Group"},{"RightName":"AllExtendedRights","IsInherited":false,"PrincipalSID":"S-1-5-21-3356225206-989342118-3217507422-519","PrincipalType":"Group"},{"RightName":"WriteDacl","IsInherited":false,"PrincipalSID":"S-1-5-21-3356225206-989342118-3217507422-519","PrincipalType":"Group"},{"RightName":"GenericWrite","IsInherited":false,"PrincipalSID":"NORTH.SEVENKINGDOMS.LOCAL-S-1-5-32-544","PrincipalType":"Group"},{"RightName":"WriteOwner","IsInherited":false,"PrincipalSID":"NORTH.SEVENKINGDOMS.LOCAL-S-1-5-32-544","PrincipalType":"Group"},{"RightName":"AllExtendedRights","IsInherited":false,"PrincipalSID":"NORTH.SEVENKINGDOMS.LOCAL-S-1-5-32-544","PrincipalType":"Group"},{"RightName":"WriteDacl","IsInherited":false,"PrincipalSID":"NORTH.SEVENKINGDOMS.LOCAL-S-1-5-32-544","PrincipalType":"Group"}],"AllowedToDelegate":[],"HasSIDHistory":[]},{"ObjectIdentifier":"S-1-5-21-1741091980-3075726550-22591605-501","IsDeleted":false,"IsACLProtected":false,"Properties":{"domain":"NORTH.SEVENKINGDOMS.LOCAL","name":"GUEST@NORTH.SEVENKINGDOMS.LOCAL","domainsid":"S-1-5-21-1741091980-3075726550-22591605","distinguishedname":"CN=GUEST,CN=USERS,DC=NORTH,DC=SEVENKINGDOMS,DC=LOCAL","highvalue":false,"description":"Built-in account for guest access to the computer/domain","whencreated":1688611371,"sensitive":false,"dontreqpreauth":false,"passwordnotreqd":true,"unconstraineddelegation":false,"pwdneverexpires":true,"enabled":false,"trustedtoauth":false,"lastlogon":-1,"lastlogontimestamp":-1,"pwdlastset":-1,"serviceprincipalnames":[],"hasspn":false,"displayname":null,"email":null,"title":null,"homedirectory":null,"logonscript":null,"samaccountname":"Guest","userpassword":null,"unixpassword":null,"unicodepassword":null,"sfupassword":null,"admincount":false,"sidhistory":[],"allowedtodelegate":[]},"PrimaryGroupSID":"S-1-5-21-1741091980-3075726550-22591605-514","SPNTargets":[],"Aces":[{"RightName":"Owns","IsInherited":false,"PrincipalSID":"NORTH.SEVENKINGDOMS.LOCAL-S-1-5-32-544","PrincipalType":"Group"},{"RightName":"GenericAll","IsInherited":false,"PrincipalSID":"S-1-5-21-1741091980-3075726550-22591605-512","PrincipalType":"Group"},{"RightName":"GenericAll","IsInherited":false,"PrincipalSID":"NORTH.SEVENKINGDOMS.LOCAL-S-1-5-32-548","PrincipalType":"Group"},{"RightName":"AddKeyCredentialLink","IsInherited":true,"PrincipalSID":"S-1-5-21-1741091980-3075726550-22591605-526","PrincipalType":"Group"},{"RightName":"AddKeyCredentialLink","IsInherited":true,"PrincipalSID":"S-1-5-21-3356225206-989342118-3217507422-527","PrincipalType":"Group"},{"RightName":"GenericAll","IsInherited":true,"PrincipalSID":"S-1-5-21-3356225206-989342118-3217507422-519","PrincipalType":"Group"},{"RightName":"GenericWrite","IsInherited":true,"PrincipalSID":"NORTH.SEVENKINGDOMS.LOCAL-S-1-5-32-544","PrincipalType":"Group"},{"RightName":"WriteOwner","IsInherited":true,"PrincipalSID":"NORTH.SEVENKINGDOMS.LOCAL-S-1-5-32-544","PrincipalType":"Group"},{"RightName":"AllExtendedRights","IsInherited":true,"PrincipalSID":"NORTH.SEVENKINGDOMS.LOCAL-S-1-5-32-544","PrincipalType":"Group"},{"RightName":"WriteDacl","IsInherited":true,"PrincipalSID":"NORTH.SEVENKINGDOMS.LOCAL-S-1-5-32-544","PrincipalType":"Group"}],"AllowedToDelegate":[],"HasSIDHistory":[]},{"ObjectIdentifier":"S-1-5-21-1741091980-3075726550-22591605-1000","IsDeleted":false,"IsACLProtected":true,"Properties":{"domain":"NORTH.SEVENKINGDOMS.LOCAL","name":"VAGRANT@NORTH.SEVENKINGDOMS.LOCAL","domainsid":"S-1-5-21-1741091980-3075726550-22591605","distinguishedname":"CN=VAGRANT,CN=USERS,DC=NORTH,DC=SEVENKINGDOMS,DC=LOCAL","highvalue":false,"description":"Vagrant User","whencreated":1688611371,"sensitive":false,"dontreqpreauth":false,"passwordnotreqd":false,"unconstraineddelegation":false,"pwdneverexpires":true,"enabled":true,"trustedtoauth":false,"lastlogon":1688634067,"lastlogontimestamp":1688611501,"pwdlastset":1620819535,"serviceprincipalnames":[],"hasspn":false,"displayname":"Vagrant","email":null,"title":null,"homedirectory":null,"logonscript":null,"samaccountname":"vagrant","userpassword":null,"unixpassword":null,"unicodepassword":null,"sfupassword":null,"admincount":true,"sidhistory":[],"allowedtodelegate":[]},"PrimaryGroupSID":"S-1-5-21-1741091980-3075726550-22591605-513","SPNTargets":[],"Aces":[{"RightName":"Owns","IsInherited":false,"PrincipalSID":"S-1-5-21-1741091980-3075726550-22591605-512","PrincipalType":"Group"},{"RightName":"GenericWrite","IsInherited":false,"PrincipalSID":"S-1-5-21-1741091980-3075726550-22591605-512","PrincipalType":"Group"},{"RightName":"WriteOwner","IsInherited":false,"PrincipalSID":"S-1-5-21-1741091980-3075726550-22591605-512","PrincipalType":"Group"},{"RightName":"AllExtendedRights","IsInherited":false,"PrincipalSID":"S-1-5-21-1741091980-3075726550-22591605-512","PrincipalType":"Group"},{"RightName":"WriteDacl","IsInherited":false,"PrincipalSID":"S-1-5-21-1741091980-3075726550-22591605-512","PrincipalType":"Group"},{"RightName":"GenericWrite","IsInherited":false,"PrincipalSID":"S-1-5-21-3356225206-989342118-3217507422-519","PrincipalType":"Group"},{"RightName":"WriteOwner","IsInherited":false,"PrincipalSID":"S-1-5-21-3356225206-989342118-3217507422-519","PrincipalType":"Group"},{"RightName":"AllExtendedRights","IsInherited":false,"PrincipalSID":"S-1-5-21-3356225206-989342118-3217507422-519","PrincipalType":"Group"},{"RightName":"WriteDacl","IsInherited":false,"PrincipalSID":"S-1-5-21-3356225206-989342118-3217507422-519","PrincipalType":"Group"},{"RightName":"GenericWrite","IsInherited":false,"PrincipalSID":"NORTH.SEVENKINGDOMS.LOCAL-S-1-5-32-544","PrincipalType":"Group"},{"RightName":"WriteOwner","IsInherited":false,"PrincipalSID":"NORTH.SEVENKINGDOMS.LOCAL-S-1-5-32-544","PrincipalType":"Group"},{"RightName":"AllExtendedRights","IsInherited":false,"PrincipalSID":"NORTH.SEVENKINGDOMS.LOCAL-S-1-5-32-544","PrincipalType":"Group"},{"RightName":"WriteDacl","IsInherited":false,"PrincipalSID":"NORTH.SEVENKINGDOMS.LOCAL-S-1-5-32-544","PrincipalType":"Group"}],"AllowedToDelegate":[],"HasSIDHistory":[]},{"AllowedToDelegate":[],"IsDeleted":false,"IsACLProtected":false,"ObjectIdentifier":"NORTH.SEVENKINGDOMS.LOCAL-S-1-5-20","PrimaryGroupSID":null,"Properties":{"domain":"NORTH.SEVENKINGDOMS.LOCAL","domainsid":"S-1-5-21-1741091980-3075726550-22591605","name":"NT AUTHORITY@NORTH.SEVENKINGDOMS.LOCAL"},"SPNTargets":[],"Aces":[],"HasSIDHistory":[]}],"meta":{"methods":0,"type":"users","count":18,"version":5}}