{"data": [{"ObjectIdentifier": "S-1-5-21-3761982442-651772775-2982113673", "Properties": {"name": "SEVENKINGDOMS.LOCAL", "domain": "SEVENKINGDOMS.LOCAL", "domainsid": "S-1-5-21-3761982442-651772775-2982113673", "distinguishedname": "DC=SEVENKINGDOMS,DC=LOCAL", "description": "", "functionallevel": "2016", "highvalue": true, "whencreated": 1685512178}, "Trusts": [{"TargetDomainName": "ESSOS.LOCAL", "TargetDomainSid": "S-1-5-21-1883700503-1359107655-378355104", "IsTransitive": true, "TrustDirection": "Bidirectional", "TrustType": "Forest", "SidFilteringEnabled": true}, {"TargetDomainName": "NORTH.SEVENKINGDOMS.LOCAL", "TargetDomainSid": "S-1-5-21-2098312621-1904462239-3964181367", "IsTransitive": true, "TrustDirection": "Bidirectional", "TrustType": "ParentChild", "SidFilteringEnabled": false}], "Aces": [{"RightName": "Owns", "IsInherited": false, "PrincipalSID": "SEVENKINGDOMS.LOCAL-S-1-5-32-544", "PrincipalType": "Group"}, {"RightName": "GetChanges", "IsInherited": false, "PrincipalSID": "S-1-5-21-3761982442-651772775-2982113673-498", "PrincipalType": "Group"}, {"RightName": "GetChangesAll", "IsInherited": false, "PrincipalSID": "S-1-5-21-3761982442-651772775-2982113673-516", "PrincipalType": "Group"}, {"RightName": "GetChangesInFilteredSet", "IsInherited": false, "PrincipalSID": "SEVENKINGDOMS.LOCAL-S-1-5-32-544", "PrincipalType": "Group"}, {"RightName": "GetChanges", "IsInherited": false, "PrincipalSID": "SEVENKINGDOMS.LOCAL-S-1-5-32-544", "PrincipalType": "Group"}, {"RightName": "GetChangesAll", "IsInherited": false, "PrincipalSID": "SEVENKINGDOMS.LOCAL-S-1-5-32-544", "PrincipalType": "Group"}, {"RightName": "GetChangesInFilteredSet", "IsInherited": false, "PrincipalSID": "SEVENKINGDOMS.LOCAL-S-1-5-9", "PrincipalType": "Group"}, {"RightName": "GetChanges", "IsInherited": false, "PrincipalSID": "SEVENKINGDOMS.LOCAL-S-1-5-9", "PrincipalType": "Group"}, {"RightName": "WriteOwner", "IsInherited": false, "PrincipalSID": "S-1-5-21-3761982442-651772775-2982113673-512", "PrincipalType": "Group"}, {"RightName": "AllExtendedRights", "IsInherited": false, "PrincipalSID": "S-1-5-21-3761982442-651772775-2982113673-512", "PrincipalType": "Group"}, {"RightName": "WriteDacl", "IsInherited": false, "PrincipalSID": "S-1-5-21-3761982442-651772775-2982113673-512", "PrincipalType": "Group"}, {"RightName": "GenericAll", "IsInherited": false, "PrincipalSID": "S-1-5-21-3761982442-651772775-2982113673-519", "PrincipalType": "Group"}, {"RightName": "WriteOwner", "IsInherited": false, "PrincipalSID": "SEVENKINGDOMS.LOCAL-S-1-5-32-544", "PrincipalType": "Group"}, {"RightName": "AllExtendedRights", "IsInherited": false, "PrincipalSID": "SEVENKINGDOMS.LOCAL-S-1-5-32-544", "PrincipalType": "Group"}, {"RightName": "WriteDacl", "IsInherited": false, "PrincipalSID": "SEVENKINGDOMS.LOCAL-S-1-5-32-544", "PrincipalType": "Group"}], "Links": [{"IsEnforced": false, "GUID": "3C3759CC-837E-4EC3-892F-C3DFDC4A142D"}], "ChildObjects": [{"ObjectIdentifier": "65127C68-6087-4572-85CF-3FA42A39EDB4", "ObjectType": "OU"}, {"ObjectIdentifier": "444765F6-90B5-43A3-B10D-14A7658AA8F2", "ObjectType": "OU"}, {"ObjectIdentifier": "0540BAC8-F197-4979-B987-418758A790A5", "ObjectType": "Container"}, {"ObjectIdentifier": "9202EB6F-A7BB-41EA-B2A4-C2D69B3BA4B8", "ObjectType": "OU"}, {"ObjectIdentifier": "FD5D4E17-A7D6-4642-BC94-4B326D38F3AA", "ObjectType": "OU"}, {"ObjectIdentifier": "3C398FBA-6806-4C74-AF54-6E4C57DEA560", "ObjectType": "OU"}, {"ObjectIdentifier": "A93CFEA5-274D-4384-89DC-47785D09AEA8", "ObjectType": "Container"}, {"ObjectIdentifier": "706BDDE1-723D-4D1C-9024-F082894D4058", "ObjectType": "OU"}, {"ObjectIdentifier": "CA1F6DD3-0F21-445F-91CE-3D182EA3D4FF", "ObjectType": "OU"}, {"ObjectIdentifier": "ECB75D7E-F05A-41E4-AFC8-957E5E274354", "ObjectType": "Container"}, {"ObjectIdentifier": "96F481CF-6563-451E-B49F-069DAE089829", "ObjectType": "OU"}, {"ObjectIdentifier": "B3329B97-5508-416C-9D6C-9AAB586A438C", "ObjectType": "OU"}, {"ObjectIdentifier": "FE5BE08A-16A7-4CC2-B5F0-904A7614585C", "ObjectType": "OU"}, {"ObjectIdentifier": "6D3AA43F-94C7-4506-8D46-FD03023D1670", "ObjectType": "Container"}], "GPOChanges": {"AffectedComputers": [], "DcomUsers": [], "LocalAdmins": [], "PSRemoteUsers": [], "RemoteDesktopUsers": []}, "IsDeleted": false, "IsACLProtected": false}], "meta": {"type": "domains", "count": 1, "version": 5}}