{"data":[{"ObjectIdentifier": "1F9D7D0D-23D8-4935-9DF4-25A4BF4B4321", "Properties": {"domain": "SEVENKINGDOMS.LOCAL", "name": "POLICYTYPE@SEVENKINGDOMS.LOCAL", "distinguishedname": "CN=POLICYTYPE,CN=WMIPOLICY,CN=SYSTEM,DC=SEVENKINGDOMS,DC=LOCAL", "domainsid": "S-1-5-21-3761982442-651772775-2982113673", "highvalue": false, "description": "", "whencreated": 1685512189}, "IsDeleted": false, "IsACLProtected": false, "Aces": [{"RightName": "Owns", "IsInherited": false, "PrincipalSID": "S-1-5-21-3761982442-651772775-2982113673-512", "PrincipalType": "Group"}, {"RightName": "WriteOwner", "IsInherited": false, "PrincipalSID": "S-1-5-21-3761982442-651772775-2982113673-512", "PrincipalType": "Group"}, {"RightName": "WriteDacl", "IsInherited": false, "PrincipalSID": "S-1-5-21-3761982442-651772775-2982113673-512", "PrincipalType": "Group"}, {"RightName": "GenericAll", "IsInherited": true, "PrincipalSID": "S-1-5-21-3761982442-651772775-2982113673-519", "PrincipalType": "Group"}, {"RightName": "GenericAll", "IsInherited": true, "PrincipalSID": "S-1-5-21-3761982442-651772775-2982113673-512", "PrincipalType": "Group"}], "ChildObjects": []},{"ObjectIdentifier": "6BE21229-6B77-4987-83CD-78FF41E78BD3", "Properties": {"domain": "SEVENKINGDOMS.LOCAL", "name": "WMIGPO@SEVENKINGDOMS.LOCAL", "distinguishedname": "CN=WMIGPO,CN=WMIPOLICY,CN=SYSTEM,DC=SEVENKINGDOMS,DC=LOCAL", "domainsid": "S-1-5-21-3761982442-651772775-2982113673", "highvalue": false, "description": "", "whencreated": 1685512189}, "IsDeleted": false, "IsACLProtected": false, "Aces": [{"RightName": "Owns", "IsInherited": false, "PrincipalSID": "S-1-5-21-3761982442-651772775-2982113673-512", "PrincipalType": "Group"}, {"RightName": "WriteOwner", "IsInherited": false, "PrincipalSID": "S-1-5-21-3761982442-651772775-2982113673-512", "PrincipalType": "Group"}, {"RightName": "WriteDacl", "IsInherited": false, "PrincipalSID": "S-1-5-21-3761982442-651772775-2982113673-512", "PrincipalType": "Group"}, {"RightName": "GenericAll", "IsInherited": true, "PrincipalSID": "S-1-5-21-3761982442-651772775-2982113673-519", "PrincipalType": "Group"}, {"RightName": "GenericAll", "IsInherited": true, "PrincipalSID": "S-1-5-21-3761982442-651772775-2982113673-512", "PrincipalType": "Group"}], "ChildObjects": []},{"ObjectIdentifier": "D3817085-2E7A-4B97-B993-260C0AE620A1", "Properties": {"domain": "SEVENKINGDOMS.LOCAL", "name": "SOM@SEVENKINGDOMS.LOCAL", "distinguishedname": "CN=SOM,CN=WMIPOLICY,CN=SYSTEM,DC=SEVENKINGDOMS,DC=LOCAL", "domainsid": "S-1-5-21-3761982442-651772775-2982113673", "highvalue": false, "description": "", "whencreated": 1685512189}, "IsDeleted": false, "IsACLProtected": true, "Aces": [{"RightName": "Owns", "IsInherited": false, "PrincipalSID": "S-1-5-21-3761982442-651772775-2982113673-512", "PrincipalType": "Group"}, {"RightName": "GenericAll", "IsInherited": false, "PrincipalSID": "S-1-5-21-3761982442-651772775-2982113673-512", "PrincipalType": "Group"}, {"RightName": "GenericAll", "IsInherited": false, "PrincipalSID": "S-1-5-21-3761982442-651772775-2982113673-519", "PrincipalType": "Group"}], "ChildObjects": []},{"ObjectIdentifier": "6B4442CA-3178-4590-B87D-238FC846B8AF", "Properties": {"domain": "SEVENKINGDOMS.LOCAL", "name": "POLICYTEMPLATE@SEVENKINGDOMS.LOCAL", "distinguishedname": "CN=POLICYTEMPLATE,CN=WMIPOLICY,CN=SYSTEM,DC=SEVENKINGDOMS,DC=LOCAL", "domainsid": "S-1-5-21-3761982442-651772775-2982113673", "highvalue": false, "description": "", "whencreated": 1685512189}, "IsDeleted": false, "IsACLProtected": false, "Aces": [{"RightName": "Owns", "IsInherited": false, "PrincipalSID": "S-1-5-21-3761982442-651772775-2982113673-512", "PrincipalType": "Group"}, {"RightName": "WriteOwner", "IsInherited": false, "PrincipalSID": "S-1-5-21-3761982442-651772775-2982113673-512", "PrincipalType": "Group"}, {"RightName": "WriteDacl", "IsInherited": false, "PrincipalSID": "S-1-5-21-3761982442-651772775-2982113673-512", "PrincipalType": "Group"}, {"RightName": "GenericAll", "IsInherited": true, "PrincipalSID": "S-1-5-21-3761982442-651772775-2982113673-519", "PrincipalType": "Group"}, {"RightName": "GenericAll", "IsInherited": true, "PrincipalSID": "S-1-5-21-3761982442-651772775-2982113673-512", "PrincipalType": "Group"}], "ChildObjects": []},{"ObjectIdentifier": "928A254A-1764-4EAB-9E8B-2FAEF30F7BCD", "Properties": {"domain": "SEVENKINGDOMS.LOCAL", "name": "WMIPOLICY@SEVENKINGDOMS.LOCAL", "distinguishedname": "CN=WMIPOLICY,CN=SYSTEM,DC=SEVENKINGDOMS,DC=LOCAL", "domainsid": "S-1-5-21-3761982442-651772775-2982113673", "highvalue": false, "description": "", "whencreated": 1685512189}, "IsDeleted": false, "IsACLProtected": true, "Aces": [{"RightName": "Owns", "IsInherited": false, "PrincipalSID": "S-1-5-21-3761982442-651772775-2982113673-512", "PrincipalType": "Group"}, {"RightName": "GenericAll", "IsInherited": false, "PrincipalSID": "S-1-5-21-3761982442-651772775-2982113673-519", "PrincipalType": "Group"}, {"RightName": "GenericAll", "IsInherited": false, "PrincipalSID": "S-1-5-21-3761982442-651772775-2982113673-512", "PrincipalType": "Group"}], "ChildObjects": []},{"ObjectIdentifier": "1EE6544E-76D5-4AD9-8BF6-F559C2C1161C", "Properties": {"domain": "SEVENKINGDOMS.LOCAL", "name": "COMPARTITIONSETS@SEVENKINGDOMS.LOCAL", "distinguishedname": "CN=COMPARTITIONSETS,CN=SYSTEM,DC=SEVENKINGDOMS,DC=LOCAL", "domainsid": "S-1-5-21-3761982442-651772775-2982113673", "highvalue": false, "description": "", "whencreated": 1685512189}, "IsDeleted": false, "IsACLProtected": false, "Aces": [{"RightName": "Owns", "IsInherited": false, "PrincipalSID": "S-1-5-21-3761982442-651772775-2982113673-512", "PrincipalType": "Group"}, {"RightName": "WriteOwner", "IsInherited": false, "PrincipalSID": "S-1-5-21-3761982442-651772775-2982113673-512", "PrincipalType": "Group"}, {"RightName": "WriteDacl", "IsInherited": false, "PrincipalSID": "S-1-5-21-3761982442-651772775-2982113673-512", "PrincipalType": "Group"}, {"RightName": "GenericAll", "IsInherited": true, "PrincipalSID": "S-1-5-21-3761982442-651772775-2982113673-519", "PrincipalType": "Group"}, {"RightName": "WriteOwner", "IsInherited": true, "PrincipalSID": "SEVENKINGDOMS.LOCAL-S-1-5-32-544", "PrincipalType": "Group"}, {"RightName": "WriteDacl", "IsInherited": true, "PrincipalSID": "SEVENKINGDOMS.LOCAL-S-1-5-32-544", "PrincipalType": "Group"}], "ChildObjects": []},{"ObjectIdentifier": "6CA5879D-DBC7-47CA-828D-00027C552DF5", "Properties": {"domain": "SEVENKINGDOMS.LOCAL", "name": "COMPARTITIONS@SEVENKINGDOMS.LOCAL", "distinguishedname": "CN=COMPARTITIONS,CN=SYSTEM,DC=SEVENKINGDOMS,DC=LOCAL", "domainsid": "S-1-5-21-3761982442-651772775-2982113673", "highvalue": false, "description": "", "whencreated": 1685512189}, "IsDeleted": false, "IsACLProtected": false, "Aces": [{"RightName": "Owns", "IsInherited": false, "PrincipalSID": "S-1-5-21-3761982442-651772775-2982113673-512", "PrincipalType": "Group"}, {"RightName": "WriteOwner", "IsInherited": false, "PrincipalSID": "S-1-5-21-3761982442-651772775-2982113673-512", "PrincipalType": "Group"}, {"RightName": "WriteDacl", "IsInherited": false, "PrincipalSID": "S-1-5-21-3761982442-651772775-2982113673-512", "PrincipalType": "Group"}, {"RightName": "GenericAll", "IsInherited": true, "PrincipalSID": "S-1-5-21-3761982442-651772775-2982113673-519", "PrincipalType": "Group"}, {"RightName": "WriteOwner", "IsInherited": true, "PrincipalSID": "SEVENKINGDOMS.LOCAL-S-1-5-32-544", "PrincipalType": "Group"}, {"RightName": "WriteDacl", "IsInherited": true, "PrincipalSID": "SEVENKINGDOMS.LOCAL-S-1-5-32-544", "PrincipalType": "Group"}], "ChildObjects": []},{"ObjectIdentifier": "07295192-D60A-45C0-8385-29A1C808D9B4", "Properties": {"domain": "SEVENKINGDOMS.LOCAL", "name": "ADMINSDHOLDER@SEVENKINGDOMS.LOCAL", "distinguishedname": "CN=ADMINSDHOLDER,CN=SYSTEM,DC=SEVENKINGDOMS,DC=LOCAL", "domainsid": "S-1-5-21-3761982442-651772775-2982113673", "highvalue": false, "description": "", "whencreated": 1685512189}, "IsDeleted": false, "IsACLProtected": true, "Aces": [{"RightName": "Owns", "IsInherited": false, "PrincipalSID": "S-1-5-21-3761982442-651772775-2982113673-512", "PrincipalType": "Group"}, {"RightName": "WriteOwner", "IsInherited": false, "PrincipalSID": "S-1-5-21-3761982442-651772775-2982113673-512", "PrincipalType": "Group"}, {"RightName": "WriteDacl", "IsInherited": false, "PrincipalSID": "S-1-5-21-3761982442-651772775-2982113673-512", "PrincipalType": "Group"}, {"RightName": "WriteOwner", "IsInherited": false, "PrincipalSID": "S-1-5-21-3761982442-651772775-2982113673-519", "PrincipalType": "Group"}, {"RightName": "WriteDacl", "IsInherited": false, "PrincipalSID": "S-1-5-21-3761982442-651772775-2982113673-519", "PrincipalType": "Group"}, {"RightName": "GenericAll", "IsInherited": false, "PrincipalSID": "S-1-5-21-3761982442-651772775-2982113673-1122", "PrincipalType": "User"}, {"RightName": "WriteOwner", "IsInherited": false, "PrincipalSID": "SEVENKINGDOMS.LOCAL-S-1-5-32-544", "PrincipalType": "Group"}, {"RightName": "WriteDacl", "IsInherited": false, "PrincipalSID": "SEVENKINGDOMS.LOCAL-S-1-5-32-544", "PrincipalType": "Group"}], "ChildObjects": []},{"ObjectIdentifier": "3CCA62DF-EC5D-4DD5-A7DA-7CA9D8947074", "Properties": {"domain": "SEVENKINGDOMS.LOCAL", "name": "RAS AND IAS SERVERS ACCESS CHECK@SEVENKINGDOMS.LOCAL", "distinguishedname": "CN=RAS AND IAS SERVERS ACCESS CHECK,CN=SYSTEM,DC=SEVENKINGDOMS,DC=LOCAL", "domainsid": "S-1-5-21-3761982442-651772775-2982113673", "highvalue": false, "description": "", "whencreated": 1685512189}, "IsDeleted": false, "IsACLProtected": false, "Aces": [{"RightName": "Owns", "IsInherited": false, "PrincipalSID": "S-1-5-21-3761982442-651772775-2982113673-512", "PrincipalType": "Group"}, {"RightName": "WriteOwner", "IsInherited": false, "PrincipalSID": "S-1-5-21-3761982442-651772775-2982113673-553", "PrincipalType": "Group"}, {"RightName": "WriteDacl", "IsInherited": false, "PrincipalSID": "S-1-5-21-3761982442-651772775-2982113673-553", "PrincipalType": "Group"}, {"RightName": "GenericAll", "IsInherited": true, "PrincipalSID": "S-1-5-21-3761982442-651772775-2982113673-519", "PrincipalType": "Group"}, {"RightName": "WriteOwner", "IsInherited": true, "PrincipalSID": "SEVENKINGDOMS.LOCAL-S-1-5-32-544", "PrincipalType": "Group"}, {"RightName": "WriteDacl", "IsInherited": true, "PrincipalSID": "SEVENKINGDOMS.LOCAL-S-1-5-32-544", "PrincipalType": "Group"}], "ChildObjects": []},{"ObjectIdentifier": "055E3D87-F418-4A10-844C-7B577D481E2A", "Properties": {"domain": "SEVENKINGDOMS.LOCAL", "name": "POLICIES@SEVENKINGDOMS.LOCAL", "distinguishedname": "CN=POLICIES,CN=SYSTEM,DC=SEVENKINGDOMS,DC=LOCAL", "domainsid": "S-1-5-21-3761982442-651772775-2982113673", "highvalue": false, "description": "", "whencreated": 1685512189}, "IsDeleted": false, "IsACLProtected": false, "Aces": [{"RightName": "Owns", "IsInherited": false, "PrincipalSID": "S-1-5-21-3761982442-651772775-2982113673-512", "PrincipalType": "Group"}, {"RightName": "WriteOwner", "IsInherited": false, "PrincipalSID": "S-1-5-21-3761982442-651772775-2982113673-512", "PrincipalType": "Group"}, {"RightName": "WriteDacl", "IsInherited": false, "PrincipalSID": "S-1-5-21-3761982442-651772775-2982113673-512", "PrincipalType": "Group"}, {"RightName": "GenericAll", "IsInherited": true, "PrincipalSID": "S-1-5-21-3761982442-651772775-2982113673-519", "PrincipalType": "Group"}, {"RightName": "WriteOwner", "IsInherited": true, "PrincipalSID": "SEVENKINGDOMS.LOCAL-S-1-5-32-544", "PrincipalType": "Group"}, {"RightName": "WriteDacl", "IsInherited": true, "PrincipalSID": "SEVENKINGDOMS.LOCAL-S-1-5-32-544", "PrincipalType": "Group"}], "ChildObjects": []},{"ObjectIdentifier": "BAE56AE1-6F65-4465-B7AD-1050FC0014B0", "Properties": {"domain": "SEVENKINGDOMS.LOCAL", "name": "MEETINGS@SEVENKINGDOMS.LOCAL", "distinguishedname": "CN=MEETINGS,CN=SYSTEM,DC=SEVENKINGDOMS,DC=LOCAL", "domainsid": "S-1-5-21-3761982442-651772775-2982113673", "highvalue": false, "description": "", "whencreated": 1685512189}, "IsDeleted": false, "IsACLProtected": false, "Aces": [{"RightName": "Owns", "IsInherited": false, "PrincipalSID": "S-1-5-21-3761982442-651772775-2982113673-512", "PrincipalType": "Group"}, {"RightName": "WriteOwner", "IsInherited": false, "PrincipalSID": "S-1-5-21-3761982442-651772775-2982113673-512", "PrincipalType": "Group"}, {"RightName": "WriteDacl", "IsInherited": false, "PrincipalSID": "S-1-5-21-3761982442-651772775-2982113673-512", "PrincipalType": "Group"}, {"RightName": "GenericAll", "IsInherited": true, "PrincipalSID": "S-1-5-21-3761982442-651772775-2982113673-519", "PrincipalType": "Group"}, {"RightName": "WriteOwner", "IsInherited": true, "PrincipalSID": "SEVENKINGDOMS.LOCAL-S-1-5-32-544", "PrincipalType": "Group"}, {"RightName": "WriteDacl", "IsInherited": true, "PrincipalSID": "SEVENKINGDOMS.LOCAL-S-1-5-32-544", "PrincipalType": "Group"}], "ChildObjects": []},{"ObjectIdentifier": "3DBDC305-EF3E-40EB-BD1B-7A6030EC5DD8", "Properties": {"domain": "SEVENKINGDOMS.LOCAL", "name": "WINSOCKSERVICES@SEVENKINGDOMS.LOCAL", "distinguishedname": "CN=WINSOCKSERVICES,CN=SYSTEM,DC=SEVENKINGDOMS,DC=LOCAL", "domainsid": "S-1-5-21-3761982442-651772775-2982113673", "highvalue": false, "description": "", "whencreated": 1685512189}, "IsDeleted": false, "IsACLProtected": false, "Aces": [{"RightName": "Owns", "IsInherited": false, "PrincipalSID": "S-1-5-21-3761982442-651772775-2982113673-512", "PrincipalType": "Group"}, {"RightName": "WriteOwner", "IsInherited": false, "PrincipalSID": "S-1-5-21-3761982442-651772775-2982113673-512", "PrincipalType": "Group"}, {"RightName": "WriteDacl", "IsInherited": false, "PrincipalSID": "S-1-5-21-3761982442-651772775-2982113673-512", "PrincipalType": "Group"}, {"RightName": "GenericAll", "IsInherited": true, "PrincipalSID": "S-1-5-21-3761982442-651772775-2982113673-519", "PrincipalType": "Group"}, {"RightName": "WriteOwner", "IsInherited": true, "PrincipalSID": "SEVENKINGDOMS.LOCAL-S-1-5-32-544", "PrincipalType": "Group"}, {"RightName": "WriteDacl", "IsInherited": true, "PrincipalSID": "SEVENKINGDOMS.LOCAL-S-1-5-32-544", "PrincipalType": "Group"}], "ChildObjects": []},{"ObjectIdentifier": "A93CFEA5-274D-4384-89DC-47785D09AEA8", "Properties": {"domain": "SEVENKINGDOMS.LOCAL", "name": "MANAGED SERVICE ACCOUNTS@SEVENKINGDOMS.LOCAL", "distinguishedname": "CN=MANAGED SERVICE ACCOUNTS,DC=SEVENKINGDOMS,DC=LOCAL", "domainsid": "S-1-5-21-3761982442-651772775-2982113673", "highvalue": false, "description": "Default container for managed service accounts", "whencreated": 1685512191}, "IsDeleted": false, "IsACLProtected": false, "Aces": [{"RightName": "Owns", "IsInherited": false, "PrincipalSID": "S-1-5-21-3761982442-651772775-2982113673-512", "PrincipalType": "Group"}, {"RightName": "WriteOwner", "IsInherited": false, "PrincipalSID": "S-1-5-21-3761982442-651772775-2982113673-512", "PrincipalType": "Group"}, {"RightName": "WriteDacl", "IsInherited": false, "PrincipalSID": "S-1-5-21-3761982442-651772775-2982113673-512", "PrincipalType": "Group"}, {"RightName": "GenericAll", "IsInherited": true, "PrincipalSID": "S-1-5-21-3761982442-651772775-2982113673-519", "PrincipalType": "Group"}, {"RightName": "WriteOwner", "IsInherited": true, "PrincipalSID": "SEVENKINGDOMS.LOCAL-S-1-5-32-544", "PrincipalType": "Group"}, {"RightName": "WriteDacl", "IsInherited": true, "PrincipalSID": "SEVENKINGDOMS.LOCAL-S-1-5-32-544", "PrincipalType": "Group"}], "ChildObjects": []},{"ObjectIdentifier": "F913A39E-C47D-48D6-8C47-743EF469A87E", "Properties": {"domain": "SEVENKINGDOMS.LOCAL", "name": "MICROSOFT@SEVENKINGDOMS.LOCAL", "distinguishedname": "CN=MICROSOFT,CN=PROGRAM DATA,DC=SEVENKINGDOMS,DC=LOCAL", "domainsid": "S-1-5-21-3761982442-651772775-2982113673", "highvalue": false, "description": "Default location for storage of Microsoft application data.", "whencreated": 1685512191}, "IsDeleted": false, "IsACLProtected": false, "Aces": [{"RightName": "Owns", "IsInherited": false, "PrincipalSID": "S-1-5-21-3761982442-651772775-2982113673-512", "PrincipalType": "Group"}, {"RightName": "GenericAll", "IsInherited": false, "PrincipalSID": "S-1-5-21-3761982442-651772775-2982113673-512", "PrincipalType": "Group"}, {"RightName": "GenericAll", "IsInherited": true, "PrincipalSID": "S-1-5-21-3761982442-651772775-2982113673-519", "PrincipalType": "Group"}, {"RightName": "WriteOwner", "IsInherited": true, "PrincipalSID": "SEVENKINGDOMS.LOCAL-S-1-5-32-544", "PrincipalType": "Group"}, {"RightName": "WriteDacl", "IsInherited": true, "PrincipalSID": "SEVENKINGDOMS.LOCAL-S-1-5-32-544", "PrincipalType": "Group"}], "ChildObjects": []},{"ObjectIdentifier": "476CF912-2B2F-468B-AA58-382B75921D72", "Properties": {"domain": "SEVENKINGDOMS.LOCAL", "name": "PROGRAM DATA@SEVENKINGDOMS.LOCAL", "distinguishedname": "CN=PROGRAM DATA,DC=SEVENKINGDOMS,DC=LOCAL", "domainsid": "S-1-5-21-3761982442-651772775-2982113673", "highvalue": false, "description": "Default location for storage of application data.", "whencreated": 1685512191}, "IsDeleted": false, "IsACLProtected": false, "Aces": [{"RightName": "Owns", "IsInherited": false, "PrincipalSID": "S-1-5-21-3761982442-651772775-2982113673-512", "PrincipalType": "Group"}, {"RightName": "GenericAll", "IsInherited": false, "PrincipalSID": "S-1-5-21-3761982442-651772775-2982113673-512", "PrincipalType": "Group"}, {"RightName": "GenericAll", "IsInherited": true, "PrincipalSID": "S-1-5-21-3761982442-651772775-2982113673-519", "PrincipalType": "Group"}, {"RightName": "WriteOwner", "IsInherited": true, "PrincipalSID": "SEVENKINGDOMS.LOCAL-S-1-5-32-544", "PrincipalType": "Group"}, {"RightName": "WriteDacl", "IsInherited": true, "PrincipalSID": "SEVENKINGDOMS.LOCAL-S-1-5-32-544", "PrincipalType": "Group"}], "ChildObjects": []},{"ObjectIdentifier": "ECB75D7E-F05A-41E4-AFC8-957E5E274354", "Properties": {"domain": "SEVENKINGDOMS.LOCAL", "name": "FOREIGNSECURITYPRINCIPALS@SEVENKINGDOMS.LOCAL", "distinguishedname": "CN=FOREIGNSECURITYPRINCIPALS,DC=SEVENKINGDOMS,DC=LOCAL", "domainsid": "S-1-5-21-3761982442-651772775-2982113673", "highvalue": false, "description": "Default container for security identifiers (SIDs) associated with objects from external, trusted domains", "whencreated": 1685512191}, "IsDeleted": false, "IsACLProtected": false, "Aces": [{"RightName": "Owns", "IsInherited": false, "PrincipalSID": "S-1-5-21-3761982442-651772775-2982113673-512", "PrincipalType": "Group"}, {"RightName": "GenericAll", "IsInherited": false, "PrincipalSID": "S-1-5-21-3761982442-651772775-2982113673-512", "PrincipalType": "Group"}, {"RightName": "GenericAll", "IsInherited": true, "PrincipalSID": "S-1-5-21-3761982442-651772775-2982113673-519", "PrincipalType": "Group"}, {"RightName": "WriteOwner", "IsInherited": true, "PrincipalSID": "SEVENKINGDOMS.LOCAL-S-1-5-32-544", "PrincipalType": "Group"}, {"RightName": "WriteDacl", "IsInherited": true, "PrincipalSID": "SEVENKINGDOMS.LOCAL-S-1-5-32-544", "PrincipalType": "Group"}], "ChildObjects": []},{"ObjectIdentifier": "ED7A1531-773A-4A49-9BA1-BC806FE254F3", "Properties": {"domain": "SEVENKINGDOMS.LOCAL", "name": "SYSTEM@SEVENKINGDOMS.LOCAL", "distinguishedname": "CN=SYSTEM,DC=SEVENKINGDOMS,DC=LOCAL", "domainsid": "S-1-5-21-3761982442-651772775-2982113673", "highvalue": false, "description": "Builtin system settings", "whencreated": 1685512189}, "IsDeleted": false, "IsACLProtected": false, "Aces": [{"RightName": "Owns", "IsInherited": false, "PrincipalSID": "S-1-5-21-3761982442-651772775-2982113673-512", "PrincipalType": "Group"}, {"RightName": "WriteOwner", "IsInherited": false, "PrincipalSID": "S-1-5-21-3761982442-651772775-2982113673-512", "PrincipalType": "Group"}, {"RightName": "WriteDacl", "IsInherited": false, "PrincipalSID": "S-1-5-21-3761982442-651772775-2982113673-512", "PrincipalType": "Group"}, {"RightName": "GenericAll", "IsInherited": true, "PrincipalSID": "S-1-5-21-3761982442-651772775-2982113673-519", "PrincipalType": "Group"}, {"RightName": "WriteOwner", "IsInherited": true, "PrincipalSID": "SEVENKINGDOMS.LOCAL-S-1-5-32-544", "PrincipalType": "Group"}, {"RightName": "WriteDacl", "IsInherited": true, "PrincipalSID": "SEVENKINGDOMS.LOCAL-S-1-5-32-544", "PrincipalType": "Group"}], "ChildObjects": []},{"ObjectIdentifier": "6D3AA43F-94C7-4506-8D46-FD03023D1670", "Properties": {"domain": "SEVENKINGDOMS.LOCAL", "name": "COMPUTERS@SEVENKINGDOMS.LOCAL", "distinguishedname": "CN=COMPUTERS,DC=SEVENKINGDOMS,DC=LOCAL", "domainsid": "S-1-5-21-3761982442-651772775-2982113673", "highvalue": false, "description": "Default container for upgraded computer accounts", "whencreated": 1685512189}, "IsDeleted": false, "IsACLProtected": false, "Aces": [{"RightName": "Owns", "IsInherited": false, "PrincipalSID": "S-1-5-21-3761982442-651772775-2982113673-512", "PrincipalType": "Group"}, {"RightName": "WriteOwner", "IsInherited": false, "PrincipalSID": "S-1-5-21-3761982442-651772775-2982113673-512", "PrincipalType": "Group"}, {"RightName": "WriteDacl", "IsInherited": false, "PrincipalSID": "S-1-5-21-3761982442-651772775-2982113673-512", "PrincipalType": "Group"}, {"RightName": "GenericAll", "IsInherited": true, "PrincipalSID": "S-1-5-21-3761982442-651772775-2982113673-519", "PrincipalType": "Group"}, {"RightName": "WriteOwner", "IsInherited": true, "PrincipalSID": "SEVENKINGDOMS.LOCAL-S-1-5-32-544", "PrincipalType": "Group"}, {"RightName": "WriteDacl", "IsInherited": true, "PrincipalSID": "SEVENKINGDOMS.LOCAL-S-1-5-32-544", "PrincipalType": "Group"}], "ChildObjects": []},{"ObjectIdentifier": "0540BAC8-F197-4979-B987-418758A790A5", "Properties": {"domain": "SEVENKINGDOMS.LOCAL", "name": "USERS@SEVENKINGDOMS.LOCAL", "distinguishedname": "CN=USERS,DC=SEVENKINGDOMS,DC=LOCAL", "domainsid": "S-1-5-21-3761982442-651772775-2982113673", "highvalue": false, "description": "Default container for upgraded user accounts", "whencreated": 1685512189}, "IsDeleted": false, "IsACLProtected": false, "Aces": [{"RightName": "Owns", "IsInherited": false, "PrincipalSID": "S-1-5-21-3761982442-651772775-2982113673-512", "PrincipalType": "Group"}, {"RightName": "WriteOwner", "IsInherited": false, "PrincipalSID": "S-1-5-21-3761982442-651772775-2982113673-512", "PrincipalType": "Group"}, {"RightName": "WriteDacl", "IsInherited": false, "PrincipalSID": "S-1-5-21-3761982442-651772775-2982113673-512", "PrincipalType": "Group"}, {"RightName": "GenericAll", "IsInherited": true, "PrincipalSID": "S-1-5-21-3761982442-651772775-2982113673-519", "PrincipalType": "Group"}, {"RightName": "WriteOwner", "IsInherited": true, "PrincipalSID": "SEVENKINGDOMS.LOCAL-S-1-5-32-544", "PrincipalType": "Group"}, {"RightName": "WriteDacl", "IsInherited": true, "PrincipalSID": "SEVENKINGDOMS.LOCAL-S-1-5-32-544", "PrincipalType": "Group"}], "ChildObjects": [{"ObjectIdentifier": "S-1-5-21-3761982442-651772775-2982113673-1000", "ObjectType": "User"}, {"ObjectIdentifier": "S-1-5-21-3761982442-651772775-2982113673-518", "ObjectType": "Group"}, {"ObjectIdentifier": "S-1-5-21-3761982442-651772775-2982113673-521", "ObjectType": "Group"}, {"ObjectIdentifier": "S-1-5-21-3761982442-651772775-2982113673-553", "ObjectType": "Group"}, {"ObjectIdentifier": "S-1-5-21-3761982442-651772775-2982113673-525", "ObjectType": "Group"}, {"ObjectIdentifier": "S-1-5-21-3761982442-651772775-2982113673-1104", "ObjectType": "trustaccount"}, {"ObjectIdentifier": "S-1-5-21-3761982442-651772775-2982113673-502", "ObjectType": "User"}, {"ObjectIdentifier": "S-1-5-21-3761982442-651772775-2982113673-526", "ObjectType": "Group"}, {"ObjectIdentifier": "S-1-5-21-3761982442-651772775-2982113673-501", "ObjectType": "User"}, {"ObjectIdentifier": "S-1-5-21-3761982442-651772775-2982113673-520", "ObjectType": "Group"}, {"ObjectIdentifier": "S-1-5-21-3761982442-651772775-2982113673-1105", "ObjectType": "trustaccount"}, {"ObjectIdentifier": "S-1-5-21-3761982442-651772775-2982113673-498", "ObjectType": "Group"}, {"ObjectIdentifier": "S-1-5-21-3761982442-651772775-2982113673-527", "ObjectType": "Group"}, {"ObjectIdentifier": "S-1-5-21-3761982442-651772775-2982113673-519", "ObjectType": "Group"}, {"ObjectIdentifier": "S-1-5-21-3761982442-651772775-2982113673-513", "ObjectType": "Group"}, {"ObjectIdentifier": "S-1-5-21-3761982442-651772775-2982113673-514", "ObjectType": "Group"}, {"ObjectIdentifier": "S-1-5-21-3761982442-651772775-2982113673-516", "ObjectType": "Group"}, {"ObjectIdentifier": "S-1-5-21-3761982442-651772775-2982113673-515", "ObjectType": "Group"}, {"ObjectIdentifier": "S-1-5-21-3761982442-651772775-2982113673-512", "ObjectType": "Group"}, {"ObjectIdentifier": "S-1-5-21-3761982442-651772775-2982113673-1103", "ObjectType": "Group"}, {"ObjectIdentifier": "S-1-5-21-3761982442-651772775-2982113673-1102", "ObjectType": "Group"}, {"ObjectIdentifier": "S-1-5-21-3761982442-651772775-2982113673-572", "ObjectType": "Group"}, {"ObjectIdentifier": "S-1-5-21-3761982442-651772775-2982113673-522", "ObjectType": "Group"}, {"ObjectIdentifier": "S-1-5-21-3761982442-651772775-2982113673-517", "ObjectType": "Group"}, {"ObjectIdentifier": "S-1-5-21-3761982442-651772775-2982113673-571", "ObjectType": "Group"}, {"ObjectIdentifier": "S-1-5-21-3761982442-651772775-2982113673-500", "ObjectType": "User"}, {"ObjectIdentifier": "S-1-5-21-3761982442-651772775-2982113673-1112", "ObjectType": "Group"}]}],"meta":{"methods":0,"type":"containers","count":19, "version":5}}