{"data":[{"ObjectIdentifier": "E4D20889-C1FB-400C-AF81-E1D7DB5B3DC8", "Properties": {"domain": "SEVENKINGDOMS.LOCAL", "name": "ANSIBLE-LAPS@SEVENKINGDOMS.LOCAL", "distinguishedname": "CN={F4F67880-CF9D-4969-83A5-C479DEC611D9},CN=POLICIES,CN=SYSTEM,DC=SEVENKINGDOMS,DC=LOCAL", "domainsid": "S-1-5-21-3761982442-651772775-2982113673", "highvalue": false, "gpcpath": "\\\\SEVENKINGDOMS.LOCAL\\SYSVOL\\SEVENKINGDOMS.LOCAL\\POLICIES\\{F4F67880-CF9D-4969-83A5-C479DEC611D9}", "description": null, "whencreated": 1685514950}, "IsDeleted": false, "IsACLProtected": true, "Aces": [{"RightName": "Owns", "IsInherited": false, "PrincipalSID": "S-1-5-21-3761982442-651772775-2982113673-1000", "PrincipalType": "User"}, {"RightName": "GenericWrite", "IsInherited": false, "PrincipalSID": "S-1-5-21-3761982442-651772775-2982113673-1000", "PrincipalType": "User"}, {"RightName": "WriteOwner", "IsInherited": false, "PrincipalSID": "S-1-5-21-3761982442-651772775-2982113673-1000", "PrincipalType": "User"}, {"RightName": "WriteDacl", "IsInherited": false, "PrincipalSID": "S-1-5-21-3761982442-651772775-2982113673-1000", "PrincipalType": "User"}, {"RightName": "GenericWrite", "IsInherited": false, "PrincipalSID": "S-1-5-21-3761982442-651772775-2982113673-512", "PrincipalType": "Group"}, {"RightName": "WriteOwner", "IsInherited": false, "PrincipalSID": "S-1-5-21-3761982442-651772775-2982113673-512", "PrincipalType": "Group"}, {"RightName": "WriteDacl", "IsInherited": false, "PrincipalSID": "S-1-5-21-3761982442-651772775-2982113673-512", "PrincipalType": "Group"}, {"RightName": "GenericWrite", "IsInherited": false, "PrincipalSID": "S-1-5-21-3761982442-651772775-2982113673-519", "PrincipalType": "Group"}, {"RightName": "WriteOwner", "IsInherited": false, "PrincipalSID": "S-1-5-21-3761982442-651772775-2982113673-519", "PrincipalType": "Group"}, {"RightName": "WriteDacl", "IsInherited": false, "PrincipalSID": "S-1-5-21-3761982442-651772775-2982113673-519", "PrincipalType": "Group"}]},{"ObjectIdentifier": "3C3759CC-837E-4EC3-892F-C3DFDC4A142D", "Properties": {"domain": "SEVENKINGDOMS.LOCAL", "name": "DEFAULT DOMAIN POLICY@SEVENKINGDOMS.LOCAL", "distinguishedname": "CN={31B2F340-016D-11D2-945F-00C04FB984F9},CN=POLICIES,CN=SYSTEM,DC=SEVENKINGDOMS,DC=LOCAL", "domainsid": "S-1-5-21-3761982442-651772775-2982113673", "highvalue": false, "gpcpath": "\\\\SEVENKINGDOMS.LOCAL\\SYSVOL\\SEVENKINGDOMS.LOCAL\\POLICIES\\{31B2F340-016D-11D2-945F-00C04FB984F9}", "description": null, "whencreated": 1685512189}, "IsDeleted": false, "IsACLProtected": true, "Aces": [{"RightName": "Owns", "IsInherited": false, "PrincipalSID": "S-1-5-21-3761982442-651772775-2982113673-512", "PrincipalType": "Group"}, {"RightName": "GenericWrite", "IsInherited": false, "PrincipalSID": "S-1-5-21-3761982442-651772775-2982113673-512", "PrincipalType": "Group"}, {"RightName": "WriteOwner", "IsInherited": false, "PrincipalSID": "S-1-5-21-3761982442-651772775-2982113673-512", "PrincipalType": "Group"}, {"RightName": "WriteDacl", "IsInherited": false, "PrincipalSID": "S-1-5-21-3761982442-651772775-2982113673-512", "PrincipalType": "Group"}, {"RightName": "GenericWrite", "IsInherited": false, "PrincipalSID": "S-1-5-21-3761982442-651772775-2982113673-519", "PrincipalType": "Group"}, {"RightName": "WriteOwner", "IsInherited": false, "PrincipalSID": "S-1-5-21-3761982442-651772775-2982113673-519", "PrincipalType": "Group"}, {"RightName": "WriteDacl", "IsInherited": false, "PrincipalSID": "S-1-5-21-3761982442-651772775-2982113673-519", "PrincipalType": "Group"}, {"RightName": "GenericWrite", "IsInherited": false, "PrincipalSID": "S-1-5-21-3761982442-651772775-2982113673-512", "PrincipalType": "Group"}, {"RightName": "WriteOwner", "IsInherited": false, "PrincipalSID": "S-1-5-21-3761982442-651772775-2982113673-512", "PrincipalType": "Group"}, {"RightName": "WriteDacl", "IsInherited": false, "PrincipalSID": "S-1-5-21-3761982442-651772775-2982113673-512", "PrincipalType": "Group"}]},{"ObjectIdentifier": "200EBFAA-F528-4F5C-A941-1CC1C9AEA32E", "Properties": {"domain": "SEVENKINGDOMS.LOCAL", "name": "DEFAULT DOMAIN CONTROLLERS POLICY@SEVENKINGDOMS.LOCAL", "distinguishedname": "CN={6AC1786C-016F-11D2-945F-00C04FB984F9},CN=POLICIES,CN=SYSTEM,DC=SEVENKINGDOMS,DC=LOCAL", "domainsid": "S-1-5-21-3761982442-651772775-2982113673", "highvalue": false, "gpcpath": "\\\\SEVENKINGDOMS.LOCAL\\SYSVOL\\SEVENKINGDOMS.LOCAL\\POLICIES\\{6AC1786C-016F-11D2-945F-00C04FB984F9}", "description": null, "whencreated": 1685512189}, "IsDeleted": false, "IsACLProtected": true, "Aces": [{"RightName": "Owns", "IsInherited": false, "PrincipalSID": "S-1-5-21-3761982442-651772775-2982113673-512", "PrincipalType": "Group"}, {"RightName": "GenericWrite", "IsInherited": false, "PrincipalSID": "S-1-5-21-3761982442-651772775-2982113673-512", "PrincipalType": "Group"}, {"RightName": "WriteOwner", "IsInherited": false, "PrincipalSID": "S-1-5-21-3761982442-651772775-2982113673-512", "PrincipalType": "Group"}, {"RightName": "WriteDacl", "IsInherited": false, "PrincipalSID": "S-1-5-21-3761982442-651772775-2982113673-512", "PrincipalType": "Group"}, {"RightName": "GenericWrite", "IsInherited": false, "PrincipalSID": "S-1-5-21-3761982442-651772775-2982113673-519", "PrincipalType": "Group"}, {"RightName": "WriteOwner", "IsInherited": false, "PrincipalSID": "S-1-5-21-3761982442-651772775-2982113673-519", "PrincipalType": "Group"}, {"RightName": "WriteDacl", "IsInherited": false, "PrincipalSID": "S-1-5-21-3761982442-651772775-2982113673-519", "PrincipalType": "Group"}, {"RightName": "GenericWrite", "IsInherited": false, "PrincipalSID": "S-1-5-21-3761982442-651772775-2982113673-512", "PrincipalType": "Group"}, {"RightName": "WriteOwner", "IsInherited": false, "PrincipalSID": "S-1-5-21-3761982442-651772775-2982113673-512", "PrincipalType": "Group"}, {"RightName": "WriteDacl", "IsInherited": false, "PrincipalSID": "S-1-5-21-3761982442-651772775-2982113673-512", "PrincipalType": "Group"}]}],"meta":{"methods":0,"type":"gpos","count":3, "version":5}}