{"data":[{"ObjectIdentifier": "96F481CF-6563-451E-B49F-069DAE089829", "Properties": {"domain": "SEVENKINGDOMS.LOCAL", "name": "DORNE@SEVENKINGDOMS.LOCAL", "distinguishedname": "OU=DORNE,DC=SEVENKINGDOMS,DC=LOCAL", "domainsid": "S-1-5-21-3761982442-651772775-2982113673", "highvalue": false, "blocksinheritance": false, "description": null, "whencreated": 1685514356}, "IsDeleted": false, "IsACLProtected": false, "Aces": [{"RightName": "GenericAll", "IsInherited": false, "PrincipalSID": "S-1-5-21-3761982442-651772775-2982113673-512", "PrincipalType": "Group"}, {"RightName": "GenericAll", "IsInherited": true, "PrincipalSID": "S-1-5-21-3761982442-651772775-2982113673-519", "PrincipalType": "Group"}, {"RightName": "WriteOwner", "IsInherited": true, "PrincipalSID": "SEVENKINGDOMS.LOCAL-S-1-5-32-544", "PrincipalType": "Group"}, {"RightName": "WriteDacl", "IsInherited": true, "PrincipalSID": "SEVENKINGDOMS.LOCAL-S-1-5-32-544", "PrincipalType": "Group"}], "Links": [], "ChildObjects": [], "GPOChanges": {"AffectedComputers": [], "DcomUsers": [], "LocalAdmins": [], "PSRemoteUsers": [], "RemoteDesktopUsers": []}},{"ObjectIdentifier": "706BDDE1-723D-4D1C-9024-F082894D4058", "Properties": {"domain": "SEVENKINGDOMS.LOCAL", "name": "LAPS@SEVENKINGDOMS.LOCAL", "distinguishedname": "OU=LAPS,DC=SEVENKINGDOMS,DC=LOCAL", "domainsid": "S-1-5-21-3761982442-651772775-2982113673", "highvalue": false, "blocksinheritance": false, "description": null, "whencreated": 1685514523}, "IsDeleted": false, "IsACLProtected": false, "Aces": [{"RightName": "GenericAll", "IsInherited": false, "PrincipalSID": "S-1-5-21-3761982442-651772775-2982113673-512", "PrincipalType": "Group"}, {"RightName": "GenericAll", "IsInherited": true, "PrincipalSID": "S-1-5-21-3761982442-651772775-2982113673-519", "PrincipalType": "Group"}, {"RightName": "WriteOwner", "IsInherited": true, "PrincipalSID": "SEVENKINGDOMS.LOCAL-S-1-5-32-544", "PrincipalType": "Group"}, {"RightName": "WriteDacl", "IsInherited": true, "PrincipalSID": "SEVENKINGDOMS.LOCAL-S-1-5-32-544", "PrincipalType": "Group"}], "Links": [{"IsEnforced": true, "GUID": "E4D20889-C1FB-400C-AF81-E1D7DB5B3DC8"}], "ChildObjects": [], "GPOChanges": {"AffectedComputers": [], "DcomUsers": [], "LocalAdmins": [], "PSRemoteUsers": [], "RemoteDesktopUsers": []}},{"ObjectIdentifier": "65127C68-6087-4572-85CF-3FA42A39EDB4", "Properties": {"domain": "SEVENKINGDOMS.LOCAL", "name": "WESTERLANDS@SEVENKINGDOMS.LOCAL", "distinguishedname": "OU=WESTERLANDS,DC=SEVENKINGDOMS,DC=LOCAL", "domainsid": "S-1-5-21-3761982442-651772775-2982113673", "highvalue": false, "blocksinheritance": false, "description": null, "whencreated": 1685514330}, "IsDeleted": false, "IsACLProtected": false, "Aces": [{"RightName": "GenericAll", "IsInherited": false, "PrincipalSID": "S-1-5-21-3761982442-651772775-2982113673-512", "PrincipalType": "Group"}, {"RightName": "GenericAll", "IsInherited": true, "PrincipalSID": "S-1-5-21-3761982442-651772775-2982113673-519", "PrincipalType": "Group"}, {"RightName": "WriteOwner", "IsInherited": true, "PrincipalSID": "SEVENKINGDOMS.LOCAL-S-1-5-32-544", "PrincipalType": "Group"}, {"RightName": "WriteDacl", "IsInherited": true, "PrincipalSID": "SEVENKINGDOMS.LOCAL-S-1-5-32-544", "PrincipalType": "Group"}], "Links": [], "ChildObjects": [{"ObjectIdentifier": "S-1-5-21-3761982442-651772775-2982113673-1116", "ObjectType": "User"}, {"ObjectIdentifier": "S-1-5-21-3761982442-651772775-2982113673-1106", "ObjectType": "Group"}], "GPOChanges": {"AffectedComputers": [], "DcomUsers": [], "LocalAdmins": [], "PSRemoteUsers": [], "RemoteDesktopUsers": []}},{"ObjectIdentifier": "9202EB6F-A7BB-41EA-B2A4-C2D69B3BA4B8", "Properties": {"domain": "SEVENKINGDOMS.LOCAL", "name": "STORMLANDS@SEVENKINGDOMS.LOCAL", "distinguishedname": "OU=STORMLANDS,DC=SEVENKINGDOMS,DC=LOCAL", "domainsid": "S-1-5-21-3761982442-651772775-2982113673", "highvalue": false, "blocksinheritance": false, "description": null, "whencreated": 1685514316}, "IsDeleted": false, "IsACLProtected": false, "Aces": [{"RightName": "GenericAll", "IsInherited": false, "PrincipalSID": "S-1-5-21-3761982442-651772775-2982113673-512", "PrincipalType": "Group"}, {"RightName": "GenericAll", "IsInherited": true, "PrincipalSID": "S-1-5-21-3761982442-651772775-2982113673-519", "PrincipalType": "Group"}, {"RightName": "WriteOwner", "IsInherited": true, "PrincipalSID": "SEVENKINGDOMS.LOCAL-S-1-5-32-544", "PrincipalType": "Group"}, {"RightName": "WriteDacl", "IsInherited": true, "PrincipalSID": "SEVENKINGDOMS.LOCAL-S-1-5-32-544", "PrincipalType": "Group"}], "Links": [], "ChildObjects": [{"ObjectIdentifier": "S-1-5-21-3761982442-651772775-2982113673-1107", "ObjectType": "Group"}], "GPOChanges": {"AffectedComputers": [], "DcomUsers": [], "LocalAdmins": [], "PSRemoteUsers": [], "RemoteDesktopUsers": []}},{"ObjectIdentifier": "3C398FBA-6806-4C74-AF54-6E4C57DEA560", "Properties": {"domain": "SEVENKINGDOMS.LOCAL", "name": "REACH@SEVENKINGDOMS.LOCAL", "distinguishedname": "OU=REACH,DC=SEVENKINGDOMS,DC=LOCAL", "domainsid": "S-1-5-21-3761982442-651772775-2982113673", "highvalue": false, "blocksinheritance": false, "description": null, "whencreated": 1685514344}, "IsDeleted": false, "IsACLProtected": false, "Aces": [{"RightName": "GenericAll", "IsInherited": false, "PrincipalSID": "S-1-5-21-3761982442-651772775-2982113673-512", "PrincipalType": "Group"}, {"RightName": "GenericAll", "IsInherited": true, "PrincipalSID": "S-1-5-21-3761982442-651772775-2982113673-519", "PrincipalType": "Group"}, {"RightName": "WriteOwner", "IsInherited": true, "PrincipalSID": "SEVENKINGDOMS.LOCAL-S-1-5-32-544", "PrincipalType": "Group"}, {"RightName": "WriteDacl", "IsInherited": true, "PrincipalSID": "SEVENKINGDOMS.LOCAL-S-1-5-32-544", "PrincipalType": "Group"}], "Links": [], "ChildObjects": [], "GPOChanges": {"AffectedComputers": [], "DcomUsers": [], "LocalAdmins": [], "PSRemoteUsers": [], "RemoteDesktopUsers": []}},{"ObjectIdentifier": "FE5BE08A-16A7-4CC2-B5F0-904A7614585C", "Properties": {"domain": "SEVENKINGDOMS.LOCAL", "name": "CROWNLANDS@SEVENKINGDOMS.LOCAL", "distinguishedname": "OU=CROWNLANDS,DC=SEVENKINGDOMS,DC=LOCAL", "domainsid": "S-1-5-21-3761982442-651772775-2982113673", "highvalue": false, "blocksinheritance": false, "description": null, "whencreated": 1685514304}, "IsDeleted": false, "IsACLProtected": false, "Aces": [{"RightName": "GenericAll", "IsInherited": false, "PrincipalSID": "S-1-5-21-3761982442-651772775-2982113673-512", "PrincipalType": "Group"}, {"RightName": "GenericAll", "IsInherited": true, "PrincipalSID": "S-1-5-21-3761982442-651772775-2982113673-519", "PrincipalType": "Group"}, {"RightName": "WriteOwner", "IsInherited": true, "PrincipalSID": "SEVENKINGDOMS.LOCAL-S-1-5-32-544", "PrincipalType": "Group"}, {"RightName": "WriteDacl", "IsInherited": true, "PrincipalSID": "SEVENKINGDOMS.LOCAL-S-1-5-32-544", "PrincipalType": "Group"}], "Links": [], "ChildObjects": [{"ObjectIdentifier": "S-1-5-21-3761982442-651772775-2982113673-1113", "ObjectType": "User"}, {"ObjectIdentifier": "S-1-5-21-3761982442-651772775-2982113673-1120", "ObjectType": "User"}, {"ObjectIdentifier": "S-1-5-21-3761982442-651772775-2982113673-1108", "ObjectType": "Group"}, {"ObjectIdentifier": "S-1-5-21-3761982442-651772775-2982113673-1117", "ObjectType": "User"}, {"ObjectIdentifier": "S-1-5-21-3761982442-651772775-2982113673-1119", "ObjectType": "User"}, {"ObjectIdentifier": "S-1-5-21-3761982442-651772775-2982113673-1121", "ObjectType": "User"}, {"ObjectIdentifier": "S-1-5-21-3761982442-651772775-2982113673-1123", "ObjectType": "User"}, {"ObjectIdentifier": "S-1-5-21-3761982442-651772775-2982113673-1122", "ObjectType": "User"}, {"ObjectIdentifier": "S-1-5-21-3761982442-651772775-2982113673-1110", "ObjectType": "Group"}, {"ObjectIdentifier": "S-1-5-21-3761982442-651772775-2982113673-1118", "ObjectType": "User"}, {"ObjectIdentifier": "S-1-5-21-3761982442-651772775-2982113673-1114", "ObjectType": "User"}, {"ObjectIdentifier": "S-1-5-21-3761982442-651772775-2982113673-1109", "ObjectType": "Group"}, {"ObjectIdentifier": "S-1-5-21-3761982442-651772775-2982113673-1111", "ObjectType": "Group"}, {"ObjectIdentifier": "S-1-5-21-3761982442-651772775-2982113673-1115", "ObjectType": "User"}], "GPOChanges": {"AffectedComputers": [], "DcomUsers": [], "LocalAdmins": [], "PSRemoteUsers": [], "RemoteDesktopUsers": []}},{"ObjectIdentifier": "CA1F6DD3-0F21-445F-91CE-3D182EA3D4FF", "Properties": {"domain": "SEVENKINGDOMS.LOCAL", "name": "IRONISLANDS@SEVENKINGDOMS.LOCAL", "distinguishedname": "OU=IRONISLANDS,DC=SEVENKINGDOMS,DC=LOCAL", "domainsid": "S-1-5-21-3761982442-651772775-2982113673", "highvalue": false, "blocksinheritance": false, "description": null, "whencreated": 1685514283}, "IsDeleted": false, "IsACLProtected": false, "Aces": [{"RightName": "GenericAll", "IsInherited": false, "PrincipalSID": "S-1-5-21-3761982442-651772775-2982113673-512", "PrincipalType": "Group"}, {"RightName": "GenericAll", "IsInherited": true, "PrincipalSID": "S-1-5-21-3761982442-651772775-2982113673-519", "PrincipalType": "Group"}, {"RightName": "WriteOwner", "IsInherited": true, "PrincipalSID": "SEVENKINGDOMS.LOCAL-S-1-5-32-544", "PrincipalType": "Group"}, {"RightName": "WriteDacl", "IsInherited": true, "PrincipalSID": "SEVENKINGDOMS.LOCAL-S-1-5-32-544", "PrincipalType": "Group"}], "Links": [], "ChildObjects": [], "GPOChanges": {"AffectedComputers": [], "DcomUsers": [], "LocalAdmins": [], "PSRemoteUsers": [], "RemoteDesktopUsers": []}},{"ObjectIdentifier": "FD5D4E17-A7D6-4642-BC94-4B326D38F3AA", "Properties": {"domain": "SEVENKINGDOMS.LOCAL", "name": "RIVERLANDS@SEVENKINGDOMS.LOCAL", "distinguishedname": "OU=RIVERLANDS,DC=SEVENKINGDOMS,DC=LOCAL", "domainsid": "S-1-5-21-3761982442-651772775-2982113673", "highvalue": false, "blocksinheritance": false, "description": null, "whencreated": 1685514292}, "IsDeleted": false, "IsACLProtected": false, "Aces": [{"RightName": "GenericAll", "IsInherited": false, "PrincipalSID": "S-1-5-21-3761982442-651772775-2982113673-512", "PrincipalType": "Group"}, {"RightName": "GenericAll", "IsInherited": true, "PrincipalSID": "S-1-5-21-3761982442-651772775-2982113673-519", "PrincipalType": "Group"}, {"RightName": "WriteOwner", "IsInherited": true, "PrincipalSID": "SEVENKINGDOMS.LOCAL-S-1-5-32-544", "PrincipalType": "Group"}, {"RightName": "WriteDacl", "IsInherited": true, "PrincipalSID": "SEVENKINGDOMS.LOCAL-S-1-5-32-544", "PrincipalType": "Group"}], "Links": [], "ChildObjects": [], "GPOChanges": {"AffectedComputers": [], "DcomUsers": [], "LocalAdmins": [], "PSRemoteUsers": [], "RemoteDesktopUsers": []}},{"ObjectIdentifier": "444765F6-90B5-43A3-B10D-14A7658AA8F2", "Properties": {"domain": "SEVENKINGDOMS.LOCAL", "name": "VALE@SEVENKINGDOMS.LOCAL", "distinguishedname": "OU=VALE,DC=SEVENKINGDOMS,DC=LOCAL", "domainsid": "S-1-5-21-3761982442-651772775-2982113673", "highvalue": false, "blocksinheritance": false, "description": null, "whencreated": 1685514274}, "IsDeleted": false, "IsACLProtected": false, "Aces": [{"RightName": "GenericAll", "IsInherited": false, "PrincipalSID": "S-1-5-21-3761982442-651772775-2982113673-512", "PrincipalType": "Group"}, {"RightName": "GenericAll", "IsInherited": true, "PrincipalSID": "S-1-5-21-3761982442-651772775-2982113673-519", "PrincipalType": "Group"}, {"RightName": "WriteOwner", "IsInherited": true, "PrincipalSID": "SEVENKINGDOMS.LOCAL-S-1-5-32-544", "PrincipalType": "Group"}, {"RightName": "WriteDacl", "IsInherited": true, "PrincipalSID": "SEVENKINGDOMS.LOCAL-S-1-5-32-544", "PrincipalType": "Group"}], "Links": [], "ChildObjects": [], "GPOChanges": {"AffectedComputers": [], "DcomUsers": [], "LocalAdmins": [], "PSRemoteUsers": [], "RemoteDesktopUsers": []}},{"ObjectIdentifier": "B3329B97-5508-416C-9D6C-9AAB586A438C", "Properties": {"domain": "SEVENKINGDOMS.LOCAL", "name": "DOMAIN CONTROLLERS@SEVENKINGDOMS.LOCAL", "distinguishedname": "OU=DOMAIN CONTROLLERS,DC=SEVENKINGDOMS,DC=LOCAL", "domainsid": "S-1-5-21-3761982442-651772775-2982113673", "highvalue": false, "blocksinheritance": false, "description": "Default container for domain controllers", "whencreated": 1685512191}, "IsDeleted": false, "IsACLProtected": false, "Aces": [{"RightName": "Owns", "IsInherited": false, "PrincipalSID": "S-1-5-21-3761982442-651772775-2982113673-512", "PrincipalType": "Group"}, {"RightName": "WriteOwner", "IsInherited": false, "PrincipalSID": "S-1-5-21-3761982442-651772775-2982113673-512", "PrincipalType": "Group"}, {"RightName": "WriteDacl", "IsInherited": false, "PrincipalSID": "S-1-5-21-3761982442-651772775-2982113673-512", "PrincipalType": "Group"}, {"RightName": "GenericAll", "IsInherited": true, "PrincipalSID": "S-1-5-21-3761982442-651772775-2982113673-519", "PrincipalType": "Group"}, {"RightName": "WriteOwner", "IsInherited": true, "PrincipalSID": "SEVENKINGDOMS.LOCAL-S-1-5-32-544", "PrincipalType": "Group"}, {"RightName": "WriteDacl", "IsInherited": true, "PrincipalSID": "SEVENKINGDOMS.LOCAL-S-1-5-32-544", "PrincipalType": "Group"}], "Links": [{"IsEnforced": false, "GUID": "200EBFAA-F528-4F5C-A941-1CC1C9AEA32E"}], "ChildObjects": [{"ObjectIdentifier": "S-1-5-21-3761982442-651772775-2982113673-1001", "ObjectType": "Computer"}], "GPOChanges": {"AffectedComputers": [], "DcomUsers": [], "LocalAdmins": [], "PSRemoteUsers": [], "RemoteDesktopUsers": []}}],"meta":{"methods":0,"type":"ous","count":10, "version":5}}