{"data":[{"ObjectIdentifier":"3E74A006-F830-4A60-8834-6E54EBD8A66A","IsDeleted":false,"IsACLProtected":false,"Properties":{"name":"USERS@NORTH.SEVENKINGDOMS.LOCAL","domain":"NORTH.SEVENKINGDOMS.LOCAL","domainsid":"S-1-5-21-1741091980-3075726550-22591605","distinguishedname":"CN=USERS,DC=NORTH,DC=SEVENKINGDOMS,DC=LOCAL","highvalue":false},"ChildObjects":[{"ObjectIdentifier":"S-1-5-21-1741091980-3075726550-22591605-525","ObjectType":"Group"},{"ObjectIdentifier":"S-1-5-21-1741091980-3075726550-22591605-1120","ObjectType":"User"},{"ObjectIdentifier":"S-1-5-21-1741091980-3075726550-22591605-1109","ObjectType":"Group"},{"ObjectIdentifier":"S-1-5-21-1741091980-3075726550-22591605-1103","ObjectType":"Group"},{"ObjectIdentifier":"S-1-5-21-1741091980-3075726550-22591605-501","ObjectType":"User"},{"ObjectIdentifier":"S-1-5-21-1741091980-3075726550-22591605-516","ObjectType":"Group"},{"ObjectIdentifier":"S-1-5-21-1741091980-3075726550-22591605-572","ObjectType":"Group"},{"ObjectIdentifier":"S-1-5-21-1741091980-3075726550-22591605-1105","ObjectType":"User"},{"ObjectIdentifier":"S-1-5-21-1741091980-3075726550-22591605-526","ObjectType":"Group"},{"ObjectIdentifier":"S-1-5-21-1741091980-3075726550-22591605-520","ObjectType":"Group"},{"ObjectIdentifier":"S-1-5-21-1741091980-3075726550-22591605-515","ObjectType":"Group"},{"ObjectIdentifier":"S-1-5-21-1741091980-3075726550-22591605-512","ObjectType":"Group"},{"ObjectIdentifier":"S-1-5-21-1741091980-3075726550-22591605-1119","ObjectType":"User"},{"ObjectIdentifier":"S-1-5-21-1741091980-3075726550-22591605-513","ObjectType":"Group"},{"ObjectIdentifier":"S-1-5-21-1741091980-3075726550-22591605-1110","ObjectType":"User"},{"ObjectIdentifier":"S-1-5-21-1741091980-3075726550-22591605-1107","ObjectType":"Group"},{"ObjectIdentifier":"S-1-5-21-1741091980-3075726550-22591605-1108","ObjectType":"Group"},{"ObjectIdentifier":"S-1-5-21-1741091980-3075726550-22591605-514","ObjectType":"Group"},{"ObjectIdentifier":"S-1-5-21-1741091980-3075726550-22591605-517","ObjectType":"Group"},{"ObjectIdentifier":"S-1-5-21-1741091980-3075726550-22591605-553","ObjectType":"Group"},{"ObjectIdentifier":"S-1-5-21-1741091980-3075726550-22591605-521","ObjectType":"Group"},{"ObjectIdentifier":"S-1-5-21-1741091980-3075726550-22591605-1106","ObjectType":"Group"},{"ObjectIdentifier":"S-1-5-21-1741091980-3075726550-22591605-1116","ObjectType":"User"},{"ObjectIdentifier":"S-1-5-21-1741091980-3075726550-22591605-1118","ObjectType":"User"},{"ObjectIdentifier":"S-1-5-21-1741091980-3075726550-22591605-1111","ObjectType":"User"},{"ObjectIdentifier":"S-1-5-21-1741091980-3075726550-22591605-1102","ObjectType":"Group"},{"ObjectIdentifier":"S-1-5-21-1741091980-3075726550-22591605-1112","ObjectType":"User"},{"ObjectIdentifier":"S-1-5-21-1741091980-3075726550-22591605-1113","ObjectType":"User"},{"ObjectIdentifier":"S-1-5-21-1741091980-3075726550-22591605-1000","ObjectType":"User"},{"ObjectIdentifier":"S-1-5-21-1741091980-3075726550-22591605-522","ObjectType":"Group"},{"ObjectIdentifier":"S-1-5-21-1741091980-3075726550-22591605-1117","ObjectType":"User"},{"ObjectIdentifier":"S-1-5-21-1741091980-3075726550-22591605-502","ObjectType":"User"},{"ObjectIdentifier":"S-1-5-21-1741091980-3075726550-22591605-1115","ObjectType":"User"},{"ObjectIdentifier":"S-1-5-21-1741091980-3075726550-22591605-571","ObjectType":"Group"},{"ObjectIdentifier":"S-1-5-21-1741091980-3075726550-22591605-500","ObjectType":"User"},{"ObjectIdentifier":"S-1-5-21-1741091980-3075726550-22591605-1114","ObjectType":"User"},{"ObjectIdentifier":"S-1-5-21-1741091980-3075726550-22591605-1121","ObjectType":"User"}],"Aces":[{"RightName":"Owns","IsInherited":false,"PrincipalSID":"S-1-5-21-1741091980-3075726550-22591605-512","PrincipalType":"Group"},{"RightName":"GenericWrite","IsInherited":false,"PrincipalSID":"S-1-5-21-1741091980-3075726550-22591605-512","PrincipalType":"Group"},{"RightName":"WriteOwner","IsInherited":false,"PrincipalSID":"S-1-5-21-1741091980-3075726550-22591605-512","PrincipalType":"Group"},{"RightName":"WriteDacl","IsInherited":false,"PrincipalSID":"S-1-5-21-1741091980-3075726550-22591605-512","PrincipalType":"Group"},{"RightName":"GenericAll","IsInherited":true,"PrincipalSID":"S-1-5-21-3356225206-989342118-3217507422-519","PrincipalType":"Group"},{"RightName":"GenericWrite","IsInherited":true,"PrincipalSID":"NORTH.SEVENKINGDOMS.LOCAL-S-1-5-32-544","PrincipalType":"Group"},{"RightName":"WriteOwner","IsInherited":true,"PrincipalSID":"NORTH.SEVENKINGDOMS.LOCAL-S-1-5-32-544","PrincipalType":"Group"},{"RightName":"WriteDacl","IsInherited":true,"PrincipalSID":"NORTH.SEVENKINGDOMS.LOCAL-S-1-5-32-544","PrincipalType":"Group"}]},{"ObjectIdentifier":"11058B63-ED55-43C9-95F9-F8734BCF7594","IsDeleted":false,"IsACLProtected":false,"Properties":{"name":"COMPUTERS@NORTH.SEVENKINGDOMS.LOCAL","domain":"NORTH.SEVENKINGDOMS.LOCAL","domainsid":"S-1-5-21-1741091980-3075726550-22591605","distinguishedname":"CN=COMPUTERS,DC=NORTH,DC=SEVENKINGDOMS,DC=LOCAL","highvalue":false},"ChildObjects":[{"ObjectIdentifier":"S-1-5-21-1741091980-3075726550-22591605-1104","ObjectType":"Computer"}],"Aces":[{"RightName":"Owns","IsInherited":false,"PrincipalSID":"S-1-5-21-1741091980-3075726550-22591605-512","PrincipalType":"Group"},{"RightName":"GenericWrite","IsInherited":false,"PrincipalSID":"S-1-5-21-1741091980-3075726550-22591605-512","PrincipalType":"Group"},{"RightName":"WriteOwner","IsInherited":false,"PrincipalSID":"S-1-5-21-1741091980-3075726550-22591605-512","PrincipalType":"Group"},{"RightName":"WriteDacl","IsInherited":false,"PrincipalSID":"S-1-5-21-1741091980-3075726550-22591605-512","PrincipalType":"Group"},{"RightName":"GenericAll","IsInherited":true,"PrincipalSID":"S-1-5-21-3356225206-989342118-3217507422-519","PrincipalType":"Group"},{"RightName":"GenericWrite","IsInherited":true,"PrincipalSID":"NORTH.SEVENKINGDOMS.LOCAL-S-1-5-32-544","PrincipalType":"Group"},{"RightName":"WriteOwner","IsInherited":true,"PrincipalSID":"NORTH.SEVENKINGDOMS.LOCAL-S-1-5-32-544","PrincipalType":"Group"},{"RightName":"WriteDacl","IsInherited":true,"PrincipalSID":"NORTH.SEVENKINGDOMS.LOCAL-S-1-5-32-544","PrincipalType":"Group"}]},{"ObjectIdentifier":"33FA2639-5524-4DFB-ACA9-B8FF8934F7B2","IsDeleted":false,"IsACLProtected":false,"Properties":{"name":"SYSTEM@NORTH.SEVENKINGDOMS.LOCAL","domain":"NORTH.SEVENKINGDOMS.LOCAL","domainsid":"S-1-5-21-1741091980-3075726550-22591605","distinguishedname":"CN=SYSTEM,DC=NORTH,DC=SEVENKINGDOMS,DC=LOCAL","highvalue":false},"ChildObjects":[{"ObjectIdentifier":"D6C46A14-5F31-4B53-AE36-3ECBFEE81088","ObjectType":"Container"},{"ObjectIdentifier":"9AE89466-7DCC-455D-A4CA-27E2DEC2E142","ObjectType":"Container"},{"ObjectIdentifier":"22E689C8-F764-4D01-B67C-499B37C915FB","ObjectType":"Container"},{"ObjectIdentifier":"866B429F-39DE-4CCE-B131-0CD42865D75C","ObjectType":"Container"},{"ObjectIdentifier":"19E65C25-F2AA-4D41-A64E-0B1195DA9D94","ObjectType":"Container"},{"ObjectIdentifier":"467787B9-643D-45D6-B428-38B5747BE28D","ObjectType":"Container"},{"ObjectIdentifier":"ED24FDB6-DBAA-4C4B-AF61-076F68179AEF","ObjectType":"Container"},{"ObjectIdentifier":"E1AFC3BF-B7B7-4B88-B942-4D2992508A90","ObjectType":"Container"},{"ObjectIdentifier":"4446FB39-5DCD-4D64-B412-1BC86283A67B","ObjectType":"Container"},{"ObjectIdentifier":"2374A6FC-81CD-4AD0-B24E-71284A440FFE","ObjectType":"Container"}],"Aces":[{"RightName":"Owns","IsInherited":false,"PrincipalSID":"S-1-5-21-1741091980-3075726550-22591605-512","PrincipalType":"Group"},{"RightName":"GenericWrite","IsInherited":false,"PrincipalSID":"S-1-5-21-1741091980-3075726550-22591605-512","PrincipalType":"Group"},{"RightName":"WriteOwner","IsInherited":false,"PrincipalSID":"S-1-5-21-1741091980-3075726550-22591605-512","PrincipalType":"Group"},{"RightName":"WriteDacl","IsInherited":false,"PrincipalSID":"S-1-5-21-1741091980-3075726550-22591605-512","PrincipalType":"Group"},{"RightName":"GenericAll","IsInherited":true,"PrincipalSID":"S-1-5-21-3356225206-989342118-3217507422-519","PrincipalType":"Group"},{"RightName":"GenericWrite","IsInherited":true,"PrincipalSID":"NORTH.SEVENKINGDOMS.LOCAL-S-1-5-32-544","PrincipalType":"Group"},{"RightName":"WriteOwner","IsInherited":true,"PrincipalSID":"NORTH.SEVENKINGDOMS.LOCAL-S-1-5-32-544","PrincipalType":"Group"},{"RightName":"WriteDacl","IsInherited":true,"PrincipalSID":"NORTH.SEVENKINGDOMS.LOCAL-S-1-5-32-544","PrincipalType":"Group"}]},{"ObjectIdentifier":"D6C46A14-5F31-4B53-AE36-3ECBFEE81088","IsDeleted":false,"IsACLProtected":false,"Properties":{"name":"WINSOCKSERVICES@NORTH.SEVENKINGDOMS.LOCAL","domain":"NORTH.SEVENKINGDOMS.LOCAL","domainsid":"S-1-5-21-1741091980-3075726550-22591605","distinguishedname":"CN=WINSOCKSERVICES,CN=SYSTEM,DC=NORTH,DC=SEVENKINGDOMS,DC=LOCAL","highvalue":false},"ChildObjects":[],"Aces":[{"RightName":"Owns","IsInherited":false,"PrincipalSID":"S-1-5-21-1741091980-3075726550-22591605-512","PrincipalType":"Group"},{"RightName":"GenericWrite","IsInherited":false,"PrincipalSID":"S-1-5-21-1741091980-3075726550-22591605-512","PrincipalType":"Group"},{"RightName":"WriteOwner","IsInherited":false,"PrincipalSID":"S-1-5-21-1741091980-3075726550-22591605-512","PrincipalType":"Group"},{"RightName":"WriteDacl","IsInherited":false,"PrincipalSID":"S-1-5-21-1741091980-3075726550-22591605-512","PrincipalType":"Group"},{"RightName":"GenericAll","IsInherited":true,"PrincipalSID":"S-1-5-21-3356225206-989342118-3217507422-519","PrincipalType":"Group"},{"RightName":"GenericWrite","IsInherited":true,"PrincipalSID":"NORTH.SEVENKINGDOMS.LOCAL-S-1-5-32-544","PrincipalType":"Group"},{"RightName":"WriteOwner","IsInherited":true,"PrincipalSID":"NORTH.SEVENKINGDOMS.LOCAL-S-1-5-32-544","PrincipalType":"Group"},{"RightName":"WriteDacl","IsInherited":true,"PrincipalSID":"NORTH.SEVENKINGDOMS.LOCAL-S-1-5-32-544","PrincipalType":"Group"}]},{"ObjectIdentifier":"2374A6FC-81CD-4AD0-B24E-71284A440FFE","IsDeleted":false,"IsACLProtected":false,"Properties":{"name":"RPCSERVICES@NORTH.SEVENKINGDOMS.LOCAL","domain":"NORTH.SEVENKINGDOMS.LOCAL","domainsid":"S-1-5-21-1741091980-3075726550-22591605","distinguishedname":"CN=RPCSERVICES,CN=SYSTEM,DC=NORTH,DC=SEVENKINGDOMS,DC=LOCAL","highvalue":false},"ChildObjects":[],"Aces":[{"RightName":"Owns","IsInherited":false,"PrincipalSID":"S-1-5-21-1741091980-3075726550-22591605-512","PrincipalType":"Group"},{"RightName":"GenericWrite","IsInherited":false,"PrincipalSID":"S-1-5-21-1741091980-3075726550-22591605-512","PrincipalType":"Group"},{"RightName":"WriteOwner","IsInherited":false,"PrincipalSID":"S-1-5-21-1741091980-3075726550-22591605-512","PrincipalType":"Group"},{"RightName":"WriteDacl","IsInherited":false,"PrincipalSID":"S-1-5-21-1741091980-3075726550-22591605-512","PrincipalType":"Group"},{"RightName":"GenericAll","IsInherited":true,"PrincipalSID":"S-1-5-21-3356225206-989342118-3217507422-519","PrincipalType":"Group"},{"RightName":"GenericWrite","IsInherited":true,"PrincipalSID":"NORTH.SEVENKINGDOMS.LOCAL-S-1-5-32-544","PrincipalType":"Group"},{"RightName":"WriteOwner","IsInherited":true,"PrincipalSID":"NORTH.SEVENKINGDOMS.LOCAL-S-1-5-32-544","PrincipalType":"Group"},{"RightName":"WriteDacl","IsInherited":true,"PrincipalSID":"NORTH.SEVENKINGDOMS.LOCAL-S-1-5-32-544","PrincipalType":"Group"}]},{"ObjectIdentifier":"4446FB39-5DCD-4D64-B412-1BC86283A67B","IsDeleted":false,"IsACLProtected":false,"Properties":{"name":"MEETINGS@NORTH.SEVENKINGDOMS.LOCAL","domain":"NORTH.SEVENKINGDOMS.LOCAL","domainsid":"S-1-5-21-1741091980-3075726550-22591605","distinguishedname":"CN=MEETINGS,CN=SYSTEM,DC=NORTH,DC=SEVENKINGDOMS,DC=LOCAL","highvalue":false},"ChildObjects":[],"Aces":[{"RightName":"Owns","IsInherited":false,"PrincipalSID":"S-1-5-21-1741091980-3075726550-22591605-512","PrincipalType":"Group"},{"RightName":"GenericWrite","IsInherited":false,"PrincipalSID":"S-1-5-21-1741091980-3075726550-22591605-512","PrincipalType":"Group"},{"RightName":"WriteOwner","IsInherited":false,"PrincipalSID":"S-1-5-21-1741091980-3075726550-22591605-512","PrincipalType":"Group"},{"RightName":"WriteDacl","IsInherited":false,"PrincipalSID":"S-1-5-21-1741091980-3075726550-22591605-512","PrincipalType":"Group"},{"RightName":"GenericAll","IsInherited":true,"PrincipalSID":"S-1-5-21-3356225206-989342118-3217507422-519","PrincipalType":"Group"},{"RightName":"GenericWrite","IsInherited":true,"PrincipalSID":"NORTH.SEVENKINGDOMS.LOCAL-S-1-5-32-544","PrincipalType":"Group"},{"RightName":"WriteOwner","IsInherited":true,"PrincipalSID":"NORTH.SEVENKINGDOMS.LOCAL-S-1-5-32-544","PrincipalType":"Group"},{"RightName":"WriteDacl","IsInherited":true,"PrincipalSID":"NORTH.SEVENKINGDOMS.LOCAL-S-1-5-32-544","PrincipalType":"Group"}]},{"ObjectIdentifier":"ED24FDB6-DBAA-4C4B-AF61-076F68179AEF","IsDeleted":false,"IsACLProtected":false,"Properties":{"name":"POLICIES@NORTH.SEVENKINGDOMS.LOCAL","domain":"NORTH.SEVENKINGDOMS.LOCAL","domainsid":"S-1-5-21-1741091980-3075726550-22591605","distinguishedname":"CN=POLICIES,CN=SYSTEM,DC=NORTH,DC=SEVENKINGDOMS,DC=LOCAL","highvalue":false},"ChildObjects":[{"ObjectIdentifier":"F0D5D977-C4DC-4671-A501-E9B1CE1D5191","ObjectType":"Gpo"},{"ObjectIdentifier":"4BF269C1-CAAE-41C9-9494-964FB55E20D4","ObjectType":"Gpo"},{"ObjectIdentifier":"74E65B61-06FE-4CC6-B941-940FD095C971","ObjectType":"Gpo"},{"ObjectIdentifier":"49FD6D51-6EF7-417E-9007-5072B2720071","ObjectType":"Gpo"}],"Aces":[{"RightName":"Owns","IsInherited":false,"PrincipalSID":"S-1-5-21-1741091980-3075726550-22591605-512","PrincipalType":"Group"},{"RightName":"GenericWrite","IsInherited":false,"PrincipalSID":"S-1-5-21-1741091980-3075726550-22591605-512","PrincipalType":"Group"},{"RightName":"WriteOwner","IsInherited":false,"PrincipalSID":"S-1-5-21-1741091980-3075726550-22591605-512","PrincipalType":"Group"},{"RightName":"WriteDacl","IsInherited":false,"PrincipalSID":"S-1-5-21-1741091980-3075726550-22591605-512","PrincipalType":"Group"},{"RightName":"GenericAll","IsInherited":true,"PrincipalSID":"S-1-5-21-3356225206-989342118-3217507422-519","PrincipalType":"Group"},{"RightName":"GenericWrite","IsInherited":true,"PrincipalSID":"NORTH.SEVENKINGDOMS.LOCAL-S-1-5-32-544","PrincipalType":"Group"},{"RightName":"WriteOwner","IsInherited":true,"PrincipalSID":"NORTH.SEVENKINGDOMS.LOCAL-S-1-5-32-544","PrincipalType":"Group"},{"RightName":"WriteDacl","IsInherited":true,"PrincipalSID":"NORTH.SEVENKINGDOMS.LOCAL-S-1-5-32-544","PrincipalType":"Group"}]},{"ObjectIdentifier":"22E689C8-F764-4D01-B67C-499B37C915FB","IsDeleted":false,"IsACLProtected":false,"Properties":{"name":"RAS AND IAS SERVERS ACCESS CHECK@NORTH.SEVENKINGDOMS.LOCAL","domain":"NORTH.SEVENKINGDOMS.LOCAL","domainsid":"S-1-5-21-1741091980-3075726550-22591605","distinguishedname":"CN=RAS AND IAS SERVERS ACCESS CHECK,CN=SYSTEM,DC=NORTH,DC=SEVENKINGDOMS,DC=LOCAL","highvalue":false},"ChildObjects":[],"Aces":[{"RightName":"Owns","IsInherited":false,"PrincipalSID":"S-1-5-21-1741091980-3075726550-22591605-512","PrincipalType":"Group"},{"RightName":"GenericWrite","IsInherited":false,"PrincipalSID":"S-1-5-21-1741091980-3075726550-22591605-553","PrincipalType":"Group"},{"RightName":"WriteOwner","IsInherited":false,"PrincipalSID":"S-1-5-21-1741091980-3075726550-22591605-553","PrincipalType":"Group"},{"RightName":"WriteDacl","IsInherited":false,"PrincipalSID":"S-1-5-21-1741091980-3075726550-22591605-553","PrincipalType":"Group"},{"RightName":"GenericAll","IsInherited":true,"PrincipalSID":"S-1-5-21-3356225206-989342118-3217507422-519","PrincipalType":"Group"},{"RightName":"GenericWrite","IsInherited":true,"PrincipalSID":"NORTH.SEVENKINGDOMS.LOCAL-S-1-5-32-544","PrincipalType":"Group"},{"RightName":"WriteOwner","IsInherited":true,"PrincipalSID":"NORTH.SEVENKINGDOMS.LOCAL-S-1-5-32-544","PrincipalType":"Group"},{"RightName":"WriteDacl","IsInherited":true,"PrincipalSID":"NORTH.SEVENKINGDOMS.LOCAL-S-1-5-32-544","PrincipalType":"Group"}]},{"ObjectIdentifier":"19E65C25-F2AA-4D41-A64E-0B1195DA9D94","IsDeleted":false,"IsACLProtected":true,"Properties":{"name":"ADMINSDHOLDER@NORTH.SEVENKINGDOMS.LOCAL","domain":"NORTH.SEVENKINGDOMS.LOCAL","domainsid":"S-1-5-21-1741091980-3075726550-22591605","distinguishedname":"CN=ADMINSDHOLDER,CN=SYSTEM,DC=NORTH,DC=SEVENKINGDOMS,DC=LOCAL","highvalue":false},"ChildObjects":[],"Aces":[{"RightName":"Owns","IsInherited":false,"PrincipalSID":"S-1-5-21-1741091980-3075726550-22591605-512","PrincipalType":"Group"},{"RightName":"GenericWrite","IsInherited":false,"PrincipalSID":"S-1-5-21-1741091980-3075726550-22591605-512","PrincipalType":"Group"},{"RightName":"WriteOwner","IsInherited":false,"PrincipalSID":"S-1-5-21-1741091980-3075726550-22591605-512","PrincipalType":"Group"},{"RightName":"WriteDacl","IsInherited":false,"PrincipalSID":"S-1-5-21-1741091980-3075726550-22591605-512","PrincipalType":"Group"},{"RightName":"GenericWrite","IsInherited":false,"PrincipalSID":"S-1-5-21-3356225206-989342118-3217507422-519","PrincipalType":"Group"},{"RightName":"WriteOwner","IsInherited":false,"PrincipalSID":"S-1-5-21-3356225206-989342118-3217507422-519","PrincipalType":"Group"},{"RightName":"WriteDacl","IsInherited":false,"PrincipalSID":"S-1-5-21-3356225206-989342118-3217507422-519","PrincipalType":"Group"},{"RightName":"GenericWrite","IsInherited":false,"PrincipalSID":"NORTH.SEVENKINGDOMS.LOCAL-S-1-5-32-544","PrincipalType":"Group"},{"RightName":"WriteOwner","IsInherited":false,"PrincipalSID":"NORTH.SEVENKINGDOMS.LOCAL-S-1-5-32-544","PrincipalType":"Group"},{"RightName":"WriteDacl","IsInherited":false,"PrincipalSID":"NORTH.SEVENKINGDOMS.LOCAL-S-1-5-32-544","PrincipalType":"Group"}]},{"ObjectIdentifier":"467787B9-643D-45D6-B428-38B5747BE28D","IsDeleted":false,"IsACLProtected":false,"Properties":{"name":"COMPARTITIONS@NORTH.SEVENKINGDOMS.LOCAL","domain":"NORTH.SEVENKINGDOMS.LOCAL","domainsid":"S-1-5-21-1741091980-3075726550-22591605","distinguishedname":"CN=COMPARTITIONS,CN=SYSTEM,DC=NORTH,DC=SEVENKINGDOMS,DC=LOCAL","highvalue":false},"ChildObjects":[],"Aces":[{"RightName":"Owns","IsInherited":false,"PrincipalSID":"S-1-5-21-1741091980-3075726550-22591605-512","PrincipalType":"Group"},{"RightName":"GenericWrite","IsInherited":false,"PrincipalSID":"S-1-5-21-1741091980-3075726550-22591605-512","PrincipalType":"Group"},{"RightName":"WriteOwner","IsInherited":false,"PrincipalSID":"S-1-5-21-1741091980-3075726550-22591605-512","PrincipalType":"Group"},{"RightName":"WriteDacl","IsInherited":false,"PrincipalSID":"S-1-5-21-1741091980-3075726550-22591605-512","PrincipalType":"Group"},{"RightName":"GenericAll","IsInherited":true,"PrincipalSID":"S-1-5-21-3356225206-989342118-3217507422-519","PrincipalType":"Group"},{"RightName":"GenericWrite","IsInherited":true,"PrincipalSID":"NORTH.SEVENKINGDOMS.LOCAL-S-1-5-32-544","PrincipalType":"Group"},{"RightName":"WriteOwner","IsInherited":true,"PrincipalSID":"NORTH.SEVENKINGDOMS.LOCAL-S-1-5-32-544","PrincipalType":"Group"},{"RightName":"WriteDacl","IsInherited":true,"PrincipalSID":"NORTH.SEVENKINGDOMS.LOCAL-S-1-5-32-544","PrincipalType":"Group"}]},{"ObjectIdentifier":"9AE89466-7DCC-455D-A4CA-27E2DEC2E142","IsDeleted":false,"IsACLProtected":false,"Properties":{"name":"COMPARTITIONSETS@NORTH.SEVENKINGDOMS.LOCAL","domain":"NORTH.SEVENKINGDOMS.LOCAL","domainsid":"S-1-5-21-1741091980-3075726550-22591605","distinguishedname":"CN=COMPARTITIONSETS,CN=SYSTEM,DC=NORTH,DC=SEVENKINGDOMS,DC=LOCAL","highvalue":false},"ChildObjects":[],"Aces":[{"RightName":"Owns","IsInherited":false,"PrincipalSID":"S-1-5-21-1741091980-3075726550-22591605-512","PrincipalType":"Group"},{"RightName":"GenericWrite","IsInherited":false,"PrincipalSID":"S-1-5-21-1741091980-3075726550-22591605-512","PrincipalType":"Group"},{"RightName":"WriteOwner","IsInherited":false,"PrincipalSID":"S-1-5-21-1741091980-3075726550-22591605-512","PrincipalType":"Group"},{"RightName":"WriteDacl","IsInherited":false,"PrincipalSID":"S-1-5-21-1741091980-3075726550-22591605-512","PrincipalType":"Group"},{"RightName":"GenericAll","IsInherited":true,"PrincipalSID":"S-1-5-21-3356225206-989342118-3217507422-519","PrincipalType":"Group"},{"RightName":"GenericWrite","IsInherited":true,"PrincipalSID":"NORTH.SEVENKINGDOMS.LOCAL-S-1-5-32-544","PrincipalType":"Group"},{"RightName":"WriteOwner","IsInherited":true,"PrincipalSID":"NORTH.SEVENKINGDOMS.LOCAL-S-1-5-32-544","PrincipalType":"Group"},{"RightName":"WriteDacl","IsInherited":true,"PrincipalSID":"NORTH.SEVENKINGDOMS.LOCAL-S-1-5-32-544","PrincipalType":"Group"}]},{"ObjectIdentifier":"E1AFC3BF-B7B7-4B88-B942-4D2992508A90","IsDeleted":false,"IsACLProtected":true,"Properties":{"name":"WMIPOLICY@NORTH.SEVENKINGDOMS.LOCAL","domain":"NORTH.SEVENKINGDOMS.LOCAL","domainsid":"S-1-5-21-1741091980-3075726550-22591605","distinguishedname":"CN=WMIPOLICY,CN=SYSTEM,DC=NORTH,DC=SEVENKINGDOMS,DC=LOCAL","highvalue":false},"ChildObjects":[{"ObjectIdentifier":"410543E0-0F30-4597-B2FF-4BC4DDC04C96","ObjectType":"Container"},{"ObjectIdentifier":"3DD5DB63-4353-4B49-A88C-4942AA71D79A","ObjectType":"Container"},{"ObjectIdentifier":"9AB84923-4DA2-4C85-B3E4-62AD9F38E4E3","ObjectType":"Container"},{"ObjectIdentifier":"806215B0-B14D-415D-9F66-A0EABB409ABE","ObjectType":"Container"}],"Aces":[{"RightName":"Owns","IsInherited":false,"PrincipalSID":"S-1-5-21-1741091980-3075726550-22591605-512","PrincipalType":"Group"},{"RightName":"GenericWrite","IsInherited":false,"PrincipalSID":"NORTH.SEVENKINGDOMS.LOCAL-S-1-5-32-544","PrincipalType":"Group"},{"RightName":"GenericWrite","IsInherited":false,"PrincipalSID":"S-1-5-21-1741091980-3075726550-22591605-520","PrincipalType":"Group"},{"RightName":"GenericAll","IsInherited":false,"PrincipalSID":"S-1-5-21-3356225206-989342118-3217507422-519","PrincipalType":"Group"},{"RightName":"GenericAll","IsInherited":false,"PrincipalSID":"S-1-5-21-1741091980-3075726550-22591605-512","PrincipalType":"Group"}]},{"ObjectIdentifier":"806215B0-B14D-415D-9F66-A0EABB409ABE","IsDeleted":false,"IsACLProtected":false,"Properties":{"name":"POLICYTEMPLATE@NORTH.SEVENKINGDOMS.LOCAL","domain":"NORTH.SEVENKINGDOMS.LOCAL","domainsid":"S-1-5-21-1741091980-3075726550-22591605","distinguishedname":"CN=POLICYTEMPLATE,CN=WMIPOLICY,CN=SYSTEM,DC=NORTH,DC=SEVENKINGDOMS,DC=LOCAL","highvalue":false},"ChildObjects":[],"Aces":[{"RightName":"Owns","IsInherited":false,"PrincipalSID":"S-1-5-21-1741091980-3075726550-22591605-512","PrincipalType":"Group"},{"RightName":"GenericWrite","IsInherited":false,"PrincipalSID":"S-1-5-21-1741091980-3075726550-22591605-512","PrincipalType":"Group"},{"RightName":"WriteOwner","IsInherited":false,"PrincipalSID":"S-1-5-21-1741091980-3075726550-22591605-512","PrincipalType":"Group"},{"RightName":"WriteDacl","IsInherited":false,"PrincipalSID":"S-1-5-21-1741091980-3075726550-22591605-512","PrincipalType":"Group"},{"RightName":"GenericAll","IsInherited":true,"PrincipalSID":"S-1-5-21-3356225206-989342118-3217507422-519","PrincipalType":"Group"},{"RightName":"GenericAll","IsInherited":true,"PrincipalSID":"S-1-5-21-1741091980-3075726550-22591605-512","PrincipalType":"Group"}]},{"ObjectIdentifier":"3DD5DB63-4353-4B49-A88C-4942AA71D79A","IsDeleted":false,"IsACLProtected":true,"Properties":{"name":"SOM@NORTH.SEVENKINGDOMS.LOCAL","domain":"NORTH.SEVENKINGDOMS.LOCAL","domainsid":"S-1-5-21-1741091980-3075726550-22591605","distinguishedname":"CN=SOM,CN=WMIPOLICY,CN=SYSTEM,DC=NORTH,DC=SEVENKINGDOMS,DC=LOCAL","highvalue":false},"ChildObjects":[],"Aces":[{"RightName":"Owns","IsInherited":false,"PrincipalSID":"S-1-5-21-1741091980-3075726550-22591605-512","PrincipalType":"Group"},{"RightName":"GenericAll","IsInherited":false,"PrincipalSID":"S-1-5-21-1741091980-3075726550-22591605-512","PrincipalType":"Group"},{"RightName":"GenericAll","IsInherited":false,"PrincipalSID":"S-1-5-21-3356225206-989342118-3217507422-519","PrincipalType":"Group"},{"RightName":"GenericWrite","IsInherited":false,"PrincipalSID":"NORTH.SEVENKINGDOMS.LOCAL-S-1-5-32-544","PrincipalType":"Group"},{"RightName":"GenericWrite","IsInherited":false,"PrincipalSID":"S-1-5-21-1741091980-3075726550-22591605-520","PrincipalType":"Group"}]},{"ObjectIdentifier":"410543E0-0F30-4597-B2FF-4BC4DDC04C96","IsDeleted":false,"IsACLProtected":false,"Properties":{"name":"POLICYTYPE@NORTH.SEVENKINGDOMS.LOCAL","domain":"NORTH.SEVENKINGDOMS.LOCAL","domainsid":"S-1-5-21-1741091980-3075726550-22591605","distinguishedname":"CN=POLICYTYPE,CN=WMIPOLICY,CN=SYSTEM,DC=NORTH,DC=SEVENKINGDOMS,DC=LOCAL","highvalue":false},"ChildObjects":[],"Aces":[{"RightName":"Owns","IsInherited":false,"PrincipalSID":"S-1-5-21-1741091980-3075726550-22591605-512","PrincipalType":"Group"},{"RightName":"GenericWrite","IsInherited":false,"PrincipalSID":"S-1-5-21-1741091980-3075726550-22591605-512","PrincipalType":"Group"},{"RightName":"WriteOwner","IsInherited":false,"PrincipalSID":"S-1-5-21-1741091980-3075726550-22591605-512","PrincipalType":"Group"},{"RightName":"WriteDacl","IsInherited":false,"PrincipalSID":"S-1-5-21-1741091980-3075726550-22591605-512","PrincipalType":"Group"},{"RightName":"GenericAll","IsInherited":true,"PrincipalSID":"S-1-5-21-3356225206-989342118-3217507422-519","PrincipalType":"Group"},{"RightName":"GenericAll","IsInherited":true,"PrincipalSID":"S-1-5-21-1741091980-3075726550-22591605-512","PrincipalType":"Group"}]},{"ObjectIdentifier":"9AB84923-4DA2-4C85-B3E4-62AD9F38E4E3","IsDeleted":false,"IsACLProtected":false,"Properties":{"name":"WMIGPO@NORTH.SEVENKINGDOMS.LOCAL","domain":"NORTH.SEVENKINGDOMS.LOCAL","domainsid":"S-1-5-21-1741091980-3075726550-22591605","distinguishedname":"CN=WMIGPO,CN=WMIPOLICY,CN=SYSTEM,DC=NORTH,DC=SEVENKINGDOMS,DC=LOCAL","highvalue":false},"ChildObjects":[],"Aces":[{"RightName":"Owns","IsInherited":false,"PrincipalSID":"S-1-5-21-1741091980-3075726550-22591605-512","PrincipalType":"Group"},{"RightName":"GenericWrite","IsInherited":false,"PrincipalSID":"S-1-5-21-1741091980-3075726550-22591605-512","PrincipalType":"Group"},{"RightName":"WriteOwner","IsInherited":false,"PrincipalSID":"S-1-5-21-1741091980-3075726550-22591605-512","PrincipalType":"Group"},{"RightName":"WriteDacl","IsInherited":false,"PrincipalSID":"S-1-5-21-1741091980-3075726550-22591605-512","PrincipalType":"Group"},{"RightName":"GenericAll","IsInherited":true,"PrincipalSID":"S-1-5-21-3356225206-989342118-3217507422-519","PrincipalType":"Group"},{"RightName":"GenericAll","IsInherited":true,"PrincipalSID":"S-1-5-21-1741091980-3075726550-22591605-512","PrincipalType":"Group"}]},{"ObjectIdentifier":"866B429F-39DE-4CCE-B131-0CD42865D75C","IsDeleted":false,"IsACLProtected":false,"Properties":{"name":"PSPS@NORTH.SEVENKINGDOMS.LOCAL","domain":"NORTH.SEVENKINGDOMS.LOCAL","domainsid":"S-1-5-21-1741091980-3075726550-22591605","distinguishedname":"CN=PSPS,CN=SYSTEM,DC=NORTH,DC=SEVENKINGDOMS,DC=LOCAL","highvalue":false},"ChildObjects":[],"Aces":[{"RightName":"Owns","IsInherited":false,"PrincipalSID":"S-1-5-21-1741091980-3075726550-22591605-512","PrincipalType":"Group"},{"RightName":"GenericAll","IsInherited":false,"PrincipalSID":"S-1-5-21-1741091980-3075726550-22591605-512","PrincipalType":"Group"},{"RightName":"GenericAll","IsInherited":true,"PrincipalSID":"S-1-5-21-3356225206-989342118-3217507422-519","PrincipalType":"Group"},{"RightName":"GenericWrite","IsInherited":true,"PrincipalSID":"NORTH.SEVENKINGDOMS.LOCAL-S-1-5-32-544","PrincipalType":"Group"},{"RightName":"WriteOwner","IsInherited":true,"PrincipalSID":"NORTH.SEVENKINGDOMS.LOCAL-S-1-5-32-544","PrincipalType":"Group"},{"RightName":"WriteDacl","IsInherited":true,"PrincipalSID":"NORTH.SEVENKINGDOMS.LOCAL-S-1-5-32-544","PrincipalType":"Group"}]},{"ObjectIdentifier":"D2DFD292-47C0-4A92-A084-E34454AD14C5","IsDeleted":false,"IsACLProtected":false,"Properties":{"name":"FOREIGNSECURITYPRINCIPALS@NORTH.SEVENKINGDOMS.LOCAL","domain":"NORTH.SEVENKINGDOMS.LOCAL","domainsid":"S-1-5-21-1741091980-3075726550-22591605","distinguishedname":"CN=FOREIGNSECURITYPRINCIPALS,DC=NORTH,DC=SEVENKINGDOMS,DC=LOCAL","highvalue":false},"ChildObjects":[{"ObjectIdentifier":"NORTH.SEVENKINGDOMS.LOCAL-S-1-5-17","ObjectType":"User"},{"ObjectIdentifier":"NORTH.SEVENKINGDOMS.LOCAL-S-1-5-11","ObjectType":"Group"},{"ObjectIdentifier":"NORTH.SEVENKINGDOMS.LOCAL-S-1-5-9","ObjectType":"Group"},{"ObjectIdentifier":"NORTH.SEVENKINGDOMS.LOCAL-S-1-5-4","ObjectType":"Group"}],"Aces":[{"RightName":"Owns","IsInherited":false,"PrincipalSID":"S-1-5-21-1741091980-3075726550-22591605-512","PrincipalType":"Group"},{"RightName":"GenericAll","IsInherited":false,"PrincipalSID":"S-1-5-21-1741091980-3075726550-22591605-512","PrincipalType":"Group"},{"RightName":"GenericAll","IsInherited":true,"PrincipalSID":"S-1-5-21-3356225206-989342118-3217507422-519","PrincipalType":"Group"},{"RightName":"GenericWrite","IsInherited":true,"PrincipalSID":"NORTH.SEVENKINGDOMS.LOCAL-S-1-5-32-544","PrincipalType":"Group"},{"RightName":"WriteOwner","IsInherited":true,"PrincipalSID":"NORTH.SEVENKINGDOMS.LOCAL-S-1-5-32-544","PrincipalType":"Group"},{"RightName":"WriteDacl","IsInherited":true,"PrincipalSID":"NORTH.SEVENKINGDOMS.LOCAL-S-1-5-32-544","PrincipalType":"Group"}]},{"ObjectIdentifier":"0B38D8A2-3C18-4045-BCDA-A672C51F6D6F","IsDeleted":false,"IsACLProtected":false,"Properties":{"name":"PROGRAM DATA@NORTH.SEVENKINGDOMS.LOCAL","domain":"NORTH.SEVENKINGDOMS.LOCAL","domainsid":"S-1-5-21-1741091980-3075726550-22591605","distinguishedname":"CN=PROGRAM DATA,DC=NORTH,DC=SEVENKINGDOMS,DC=LOCAL","highvalue":false},"ChildObjects":[{"ObjectIdentifier":"EDEE8F21-B6CA-451E-904E-4E5FE809F3A2","ObjectType":"Container"}],"Aces":[{"RightName":"Owns","IsInherited":false,"PrincipalSID":"S-1-5-21-1741091980-3075726550-22591605-512","PrincipalType":"Group"},{"RightName":"GenericAll","IsInherited":false,"PrincipalSID":"S-1-5-21-1741091980-3075726550-22591605-512","PrincipalType":"Group"},{"RightName":"GenericAll","IsInherited":true,"PrincipalSID":"S-1-5-21-3356225206-989342118-3217507422-519","PrincipalType":"Group"},{"RightName":"GenericWrite","IsInherited":true,"PrincipalSID":"NORTH.SEVENKINGDOMS.LOCAL-S-1-5-32-544","PrincipalType":"Group"},{"RightName":"WriteOwner","IsInherited":true,"PrincipalSID":"NORTH.SEVENKINGDOMS.LOCAL-S-1-5-32-544","PrincipalType":"Group"},{"RightName":"WriteDacl","IsInherited":true,"PrincipalSID":"NORTH.SEVENKINGDOMS.LOCAL-S-1-5-32-544","PrincipalType":"Group"}]},{"ObjectIdentifier":"EDEE8F21-B6CA-451E-904E-4E5FE809F3A2","IsDeleted":false,"IsACLProtected":false,"Properties":{"name":"MICROSOFT@NORTH.SEVENKINGDOMS.LOCAL","domain":"NORTH.SEVENKINGDOMS.LOCAL","domainsid":"S-1-5-21-1741091980-3075726550-22591605","distinguishedname":"CN=MICROSOFT,CN=PROGRAM DATA,DC=NORTH,DC=SEVENKINGDOMS,DC=LOCAL","highvalue":false},"ChildObjects":[],"Aces":[{"RightName":"Owns","IsInherited":false,"PrincipalSID":"S-1-5-21-1741091980-3075726550-22591605-512","PrincipalType":"Group"},{"RightName":"GenericAll","IsInherited":false,"PrincipalSID":"S-1-5-21-1741091980-3075726550-22591605-512","PrincipalType":"Group"},{"RightName":"GenericAll","IsInherited":true,"PrincipalSID":"S-1-5-21-3356225206-989342118-3217507422-519","PrincipalType":"Group"},{"RightName":"GenericWrite","IsInherited":true,"PrincipalSID":"NORTH.SEVENKINGDOMS.LOCAL-S-1-5-32-544","PrincipalType":"Group"},{"RightName":"WriteOwner","IsInherited":true,"PrincipalSID":"NORTH.SEVENKINGDOMS.LOCAL-S-1-5-32-544","PrincipalType":"Group"},{"RightName":"WriteDacl","IsInherited":true,"PrincipalSID":"NORTH.SEVENKINGDOMS.LOCAL-S-1-5-32-544","PrincipalType":"Group"}]},{"ObjectIdentifier":"AA9C22FF-DFAE-4CC7-914E-9C069478F856","IsDeleted":false,"IsACLProtected":false,"Properties":{"name":"MANAGED SERVICE ACCOUNTS@NORTH.SEVENKINGDOMS.LOCAL","domain":"NORTH.SEVENKINGDOMS.LOCAL","domainsid":"S-1-5-21-1741091980-3075726550-22591605","distinguishedname":"CN=MANAGED SERVICE ACCOUNTS,DC=NORTH,DC=SEVENKINGDOMS,DC=LOCAL","highvalue":false},"ChildObjects":[],"Aces":[{"RightName":"Owns","IsInherited":false,"PrincipalSID":"S-1-5-21-1741091980-3075726550-22591605-512","PrincipalType":"Group"},{"RightName":"GenericWrite","IsInherited":false,"PrincipalSID":"S-1-5-21-1741091980-3075726550-22591605-512","PrincipalType":"Group"},{"RightName":"WriteOwner","IsInherited":false,"PrincipalSID":"S-1-5-21-1741091980-3075726550-22591605-512","PrincipalType":"Group"},{"RightName":"WriteDacl","IsInherited":false,"PrincipalSID":"S-1-5-21-1741091980-3075726550-22591605-512","PrincipalType":"Group"},{"RightName":"GenericAll","IsInherited":true,"PrincipalSID":"S-1-5-21-3356225206-989342118-3217507422-519","PrincipalType":"Group"},{"RightName":"GenericWrite","IsInherited":true,"PrincipalSID":"NORTH.SEVENKINGDOMS.LOCAL-S-1-5-32-544","PrincipalType":"Group"},{"RightName":"WriteOwner","IsInherited":true,"PrincipalSID":"NORTH.SEVENKINGDOMS.LOCAL-S-1-5-32-544","PrincipalType":"Group"},{"RightName":"WriteDacl","IsInherited":true,"PrincipalSID":"NORTH.SEVENKINGDOMS.LOCAL-S-1-5-32-544","PrincipalType":"Group"}]}],"meta":{"methods":0,"type":"containers","count":21,"version":5}}