{"data":[{"ObjectIdentifier": "2F56469A-75BA-400A-A367-958C7A6E2E12", "Properties": {"domain": "SEVENKINGDOMS.LOCAL", "name": "ANSIBLE-LAPS@SEVENKINGDOMS.LOCAL", "distinguishedname": "CN={05986707-71E9-452F-8519-4FDCEF38E782},CN=POLICIES,CN=SYSTEM,DC=SEVENKINGDOMS,DC=LOCAL", "domainsid": "S-1-5-21-3356225206-989342118-3217507422", "highvalue": false, "gpcpath": "\\\\SEVENKINGDOMS.LOCAL\\SYSVOL\\SEVENKINGDOMS.LOCAL\\POLICIES\\{05986707-71E9-452F-8519-4FDCEF38E782}", "description": null, "whencreated": 1688613453}, "IsDeleted": false, "IsACLProtected": true, "Aces": [{"RightName": "Owns", "IsInherited": false, "PrincipalSID": "S-1-5-21-3356225206-989342118-3217507422-1000", "PrincipalType": "User"}, {"RightName": "GenericWrite", "IsInherited": false, "PrincipalSID": "S-1-5-21-3356225206-989342118-3217507422-1000", "PrincipalType": "User"}, {"RightName": "WriteOwner", "IsInherited": false, "PrincipalSID": "S-1-5-21-3356225206-989342118-3217507422-1000", "PrincipalType": "User"}, {"RightName": "WriteDacl", "IsInherited": false, "PrincipalSID": "S-1-5-21-3356225206-989342118-3217507422-1000", "PrincipalType": "User"}, {"RightName": "GenericWrite", "IsInherited": false, "PrincipalSID": "S-1-5-21-3356225206-989342118-3217507422-512", "PrincipalType": "Group"}, {"RightName": "WriteOwner", "IsInherited": false, "PrincipalSID": "S-1-5-21-3356225206-989342118-3217507422-512", "PrincipalType": "Group"}, {"RightName": "WriteDacl", "IsInherited": false, "PrincipalSID": "S-1-5-21-3356225206-989342118-3217507422-512", "PrincipalType": "Group"}, {"RightName": "GenericWrite", "IsInherited": false, "PrincipalSID": "S-1-5-21-3356225206-989342118-3217507422-519", "PrincipalType": "Group"}, {"RightName": "WriteOwner", "IsInherited": false, "PrincipalSID": "S-1-5-21-3356225206-989342118-3217507422-519", "PrincipalType": "Group"}, {"RightName": "WriteDacl", "IsInherited": false, "PrincipalSID": "S-1-5-21-3356225206-989342118-3217507422-519", "PrincipalType": "Group"}]},{"ObjectIdentifier": "9F90BB06-4023-44AC-B22A-3B8F53DE9533", "Properties": {"domain": "SEVENKINGDOMS.LOCAL", "name": "DEFAULT DOMAIN CONTROLLERS POLICY@SEVENKINGDOMS.LOCAL", "distinguishedname": "CN={6AC1786C-016F-11D2-945F-00C04FB984F9},CN=POLICIES,CN=SYSTEM,DC=SEVENKINGDOMS,DC=LOCAL", "domainsid": "S-1-5-21-3356225206-989342118-3217507422", "highvalue": false, "gpcpath": "\\\\SEVENKINGDOMS.LOCAL\\SYSVOL\\SEVENKINGDOMS.LOCAL\\POLICIES\\{6AC1786C-016F-11D2-945F-00C04FB984F9}", "description": null, "whencreated": 1688610529}, "IsDeleted": false, "IsACLProtected": true, "Aces": [{"RightName": "Owns", "IsInherited": false, "PrincipalSID": "S-1-5-21-3356225206-989342118-3217507422-512", "PrincipalType": "Group"}, {"RightName": "GenericWrite", "IsInherited": false, "PrincipalSID": "S-1-5-21-3356225206-989342118-3217507422-512", "PrincipalType": "Group"}, {"RightName": "WriteOwner", "IsInherited": false, "PrincipalSID": "S-1-5-21-3356225206-989342118-3217507422-512", "PrincipalType": "Group"}, {"RightName": "WriteDacl", "IsInherited": false, "PrincipalSID": "S-1-5-21-3356225206-989342118-3217507422-512", "PrincipalType": "Group"}, {"RightName": "GenericWrite", "IsInherited": false, "PrincipalSID": "S-1-5-21-3356225206-989342118-3217507422-519", "PrincipalType": "Group"}, {"RightName": "WriteOwner", "IsInherited": false, "PrincipalSID": "S-1-5-21-3356225206-989342118-3217507422-519", "PrincipalType": "Group"}, {"RightName": "WriteDacl", "IsInherited": false, "PrincipalSID": "S-1-5-21-3356225206-989342118-3217507422-519", "PrincipalType": "Group"}, {"RightName": "GenericWrite", "IsInherited": false, "PrincipalSID": "S-1-5-21-3356225206-989342118-3217507422-512", "PrincipalType": "Group"}, {"RightName": "WriteOwner", "IsInherited": false, "PrincipalSID": "S-1-5-21-3356225206-989342118-3217507422-512", "PrincipalType": "Group"}, {"RightName": "WriteDacl", "IsInherited": false, "PrincipalSID": "S-1-5-21-3356225206-989342118-3217507422-512", "PrincipalType": "Group"}]},{"ObjectIdentifier": "84DA458F-71AB-4C33-8973-E5FAE4707F1C", "Properties": {"domain": "SEVENKINGDOMS.LOCAL", "name": "DEFAULT DOMAIN POLICY@SEVENKINGDOMS.LOCAL", "distinguishedname": "CN={31B2F340-016D-11D2-945F-00C04FB984F9},CN=POLICIES,CN=SYSTEM,DC=SEVENKINGDOMS,DC=LOCAL", "domainsid": "S-1-5-21-3356225206-989342118-3217507422", "highvalue": false, "gpcpath": "\\\\SEVENKINGDOMS.LOCAL\\SYSVOL\\SEVENKINGDOMS.LOCAL\\POLICIES\\{31B2F340-016D-11D2-945F-00C04FB984F9}", "description": null, "whencreated": 1688610529}, "IsDeleted": false, "IsACLProtected": true, "Aces": [{"RightName": "Owns", "IsInherited": false, "PrincipalSID": "S-1-5-21-3356225206-989342118-3217507422-512", "PrincipalType": "Group"}, {"RightName": "GenericWrite", "IsInherited": false, "PrincipalSID": "S-1-5-21-3356225206-989342118-3217507422-512", "PrincipalType": "Group"}, {"RightName": "WriteOwner", "IsInherited": false, "PrincipalSID": "S-1-5-21-3356225206-989342118-3217507422-512", "PrincipalType": "Group"}, {"RightName": "WriteDacl", "IsInherited": false, "PrincipalSID": "S-1-5-21-3356225206-989342118-3217507422-512", "PrincipalType": "Group"}, {"RightName": "GenericWrite", "IsInherited": false, "PrincipalSID": "S-1-5-21-3356225206-989342118-3217507422-519", "PrincipalType": "Group"}, {"RightName": "WriteOwner", "IsInherited": false, "PrincipalSID": "S-1-5-21-3356225206-989342118-3217507422-519", "PrincipalType": "Group"}, {"RightName": "WriteDacl", "IsInherited": false, "PrincipalSID": "S-1-5-21-3356225206-989342118-3217507422-519", "PrincipalType": "Group"}, {"RightName": "GenericWrite", "IsInherited": false, "PrincipalSID": "S-1-5-21-3356225206-989342118-3217507422-512", "PrincipalType": "Group"}, {"RightName": "WriteOwner", "IsInherited": false, "PrincipalSID": "S-1-5-21-3356225206-989342118-3217507422-512", "PrincipalType": "Group"}, {"RightName": "WriteDacl", "IsInherited": false, "PrincipalSID": "S-1-5-21-3356225206-989342118-3217507422-512", "PrincipalType": "Group"}]}],"meta":{"methods":0,"type":"gpos","count":3, "version":5}}