{"data":[{"ObjectIdentifier": "S-1-5-21-3356225206-989342118-3217507422-1001", "AllowedToAct": [], "PrimaryGroupSID": "S-1-5-21-3356225206-989342118-3217507422-516", "LocalAdmins": {"Collected": true, "FailureReason": null, "Results": [{"ObjectIdentifier": "S-1-5-21-3356225206-989342118-3217507422-500", "ObjectType": "User"}, {"ObjectIdentifier": "S-1-5-21-3356225206-989342118-3217507422-1000", "ObjectType": "User"}, {"ObjectIdentifier": "S-1-5-21-3356225206-989342118-3217507422-519", "ObjectType": "Group"}, {"ObjectIdentifier": "S-1-5-21-3356225206-989342118-3217507422-512", "ObjectType": "Group"}, {"ObjectIdentifier": "S-1-5-21-3356225206-989342118-3217507422-1111", "ObjectType": "Group"}, {"ObjectIdentifier": "S-1-5-21-3356225206-989342118-3217507422-1115", "ObjectType": "User"}, {"ObjectIdentifier": "S-1-5-21-3356225206-989342118-3217507422-1117", "ObjectType": "User"}]}, "PSRemoteUsers": {"Collected": true, "FailureReason": null, "Results": []}, "Properties": {"name": "KINGSLANDING.SEVENKINGDOMS.LOCAL", "domainsid": "S-1-5-21-3356225206-989342118-3217507422", "domain": "SEVENKINGDOMS.LOCAL", "distinguishedname": "CN=KINGSLANDING,OU=DOMAIN CONTROLLERS,DC=SEVENKINGDOMS,DC=LOCAL", "unconstraineddelegation": true, "enabled": true, "trustedtoauth": false, "samaccountname": "KINGSLANDING$", "haslaps": false, "lastlogon": 1688707472, "lastlogontimestamp": 1688610875, "pwdlastset": 1688610856, "whencreated": 1688610836, "serviceprincipalnames": ["Dfsr-12F9A27C-BF97-4787-9364-D31B6C55EB04/kingslanding.sevenkingdoms.local", "ldap/kingslanding.sevenkingdoms.local/ForestDnsZones.sevenkingdoms.local", "ldap/kingslanding.sevenkingdoms.local/DomainDnsZones.sevenkingdoms.local", "TERMSRV/KINGSLANDING", "TERMSRV/kingslanding.sevenkingdoms.local", "DNS/kingslanding.sevenkingdoms.local", "GC/kingslanding.sevenkingdoms.local/sevenkingdoms.local", "RestrictedKrbHost/kingslanding.sevenkingdoms.local", "RestrictedKrbHost/KINGSLANDING", "RPC/499d9021-8e3b-4ded-959f-1fc224adb0ab._msdcs.sevenkingdoms.local", "HOST/KINGSLANDING/SEVENKINGDOMS", "HOST/kingslanding.sevenkingdoms.local/SEVENKINGDOMS", "HOST/KINGSLANDING", "HOST/kingslanding.sevenkingdoms.local", "HOST/kingslanding.sevenkingdoms.local/sevenkingdoms.local", "E3514235-4B06-11D1-AB04-00C04FC2DCD2/499d9021-8e3b-4ded-959f-1fc224adb0ab/sevenkingdoms.local", "ldap/KINGSLANDING/SEVENKINGDOMS", "ldap/499d9021-8e3b-4ded-959f-1fc224adb0ab._msdcs.sevenkingdoms.local", "ldap/kingslanding.sevenkingdoms.local/SEVENKINGDOMS", "ldap/KINGSLANDING", "ldap/kingslanding.sevenkingdoms.local", "ldap/kingslanding.sevenkingdoms.local/sevenkingdoms.local"], "description": null, "operatingsystem": "Windows Server 2019 Datacenter Evaluation", "sidhistory": []}, "RemoteDesktopUsers": {"Collected": true, "FailureReason": null, "Results": [{"ObjectIdentifier": "S-1-5-21-3356225206-989342118-3217507422-1107", "ObjectType": "Group"}, {"ObjectIdentifier": "S-1-5-21-3356225206-989342118-3217507422-1108", "ObjectType": "Group"}]}, "DcomUsers": {"Collected": true, "FailureReason": null, "Results": []}, "AllowedToDelegate": [], "Sessions": {"Collected": true, "FailureReason": null, "Results": []}, "PrivilegedSessions": {"Collected": false, "FailureReason": null, "Results": []}, "RegistrySessions": {"Collected": false, "FailureReason": null, "Results": []}, "Aces": [{"RightName": "Owns", "IsInherited": false, "PrincipalSID": "S-1-5-21-3356225206-989342118-3217507422-512", "PrincipalType": "Group"}, {"RightName": "GenericAll", "IsInherited": false, "PrincipalSID": "S-1-5-21-3356225206-989342118-3217507422-512", "PrincipalType": "Group"}, {"RightName": "GenericAll", "IsInherited": false, "PrincipalSID": "S-1-5-21-3356225206-989342118-3217507422-1112", "PrincipalType": "Group"}, {"RightName": "GenericAll", "IsInherited": false, "PrincipalSID": "S-1-5-21-3356225206-989342118-3217507422-1120", "PrincipalType": "User"}, {"RightName": "AddKeyCredentialLink", "IsInherited": true, "PrincipalSID": "S-1-5-21-3356225206-989342118-3217507422-526", "PrincipalType": "Group"}, {"RightName": "AddKeyCredentialLink", "IsInherited": true, "PrincipalSID": "S-1-5-21-3356225206-989342118-3217507422-527", "PrincipalType": "Group"}, {"RightName": "GenericAll", "IsInherited": true, "PrincipalSID": "S-1-5-21-3356225206-989342118-3217507422-519", "PrincipalType": "Group"}, {"RightName": "GenericWrite", "IsInherited": true, "PrincipalSID": "SEVENKINGDOMS.LOCAL-S-1-5-32-544", "PrincipalType": "Group"}, {"RightName": "WriteOwner", "IsInherited": true, "PrincipalSID": "SEVENKINGDOMS.LOCAL-S-1-5-32-544", "PrincipalType": "Group"}, {"RightName": "WriteDacl", "IsInherited": true, "PrincipalSID": "SEVENKINGDOMS.LOCAL-S-1-5-32-544", "PrincipalType": "Group"}], "HasSIDHistory": [], "IsDeleted": false, "Status": null, "IsACLProtected": false}],"meta":{"methods":0,"type":"computers","count":1, "version":5}}