{"data":[{"ObjectIdentifier": "9D36B668-796F-4176-8B8E-06CF4D638DF8", "Properties": {"domain": "SEVENKINGDOMS.LOCAL", "name": "LAPS@SEVENKINGDOMS.LOCAL", "distinguishedname": "OU=LAPS,DC=SEVENKINGDOMS,DC=LOCAL", "domainsid": "S-1-5-21-3356225206-989342118-3217507422", "highvalue": false, "blocksinheritance": false, "description": null, "whencreated": 1688613072}, "IsDeleted": false, "IsACLProtected": false, "Aces": [{"RightName": "GenericAll", "IsInherited": false, "PrincipalSID": "S-1-5-21-3356225206-989342118-3217507422-512", "PrincipalType": "Group"}, {"RightName": "GenericAll", "IsInherited": true, "PrincipalSID": "S-1-5-21-3356225206-989342118-3217507422-519", "PrincipalType": "Group"}, {"RightName": "WriteOwner", "IsInherited": true, "PrincipalSID": "SEVENKINGDOMS.LOCAL-S-1-5-32-544", "PrincipalType": "Group"}, {"RightName": "WriteDacl", "IsInherited": true, "PrincipalSID": "SEVENKINGDOMS.LOCAL-S-1-5-32-544", "PrincipalType": "Group"}], "Links": [{"IsEnforced": true, "GUID": "2F56469A-75BA-400A-A367-958C7A6E2E12"}], "ChildObjects": [], "GPOChanges": {"AffectedComputers": [], "DcomUsers": [], "LocalAdmins": [], "PSRemoteUsers": [], "RemoteDesktopUsers": []}},{"ObjectIdentifier": "FFF2C946-4A57-428D-9AE3-5D843E5696B3", "Properties": {"domain": "SEVENKINGDOMS.LOCAL", "name": "DORNE@SEVENKINGDOMS.LOCAL", "distinguishedname": "OU=DORNE,DC=SEVENKINGDOMS,DC=LOCAL", "domainsid": "S-1-5-21-3356225206-989342118-3217507422", "highvalue": false, "blocksinheritance": false, "description": null, "whencreated": 1688612981}, "IsDeleted": false, "IsACLProtected": false, "Aces": [{"RightName": "GenericAll", "IsInherited": false, "PrincipalSID": "S-1-5-21-3356225206-989342118-3217507422-512", "PrincipalType": "Group"}, {"RightName": "GenericAll", "IsInherited": true, "PrincipalSID": "S-1-5-21-3356225206-989342118-3217507422-519", "PrincipalType": "Group"}, {"RightName": "WriteOwner", "IsInherited": true, "PrincipalSID": "SEVENKINGDOMS.LOCAL-S-1-5-32-544", "PrincipalType": "Group"}, {"RightName": "WriteDacl", "IsInherited": true, "PrincipalSID": "SEVENKINGDOMS.LOCAL-S-1-5-32-544", "PrincipalType": "Group"}], "Links": [], "ChildObjects": [], "GPOChanges": {"AffectedComputers": [], "DcomUsers": [], "LocalAdmins": [], "PSRemoteUsers": [], "RemoteDesktopUsers": []}},{"ObjectIdentifier": "C8850BCC-B211-4272-93EA-449E55D40C9B", "Properties": {"domain": "SEVENKINGDOMS.LOCAL", "name": "WESTERLANDS@SEVENKINGDOMS.LOCAL", "distinguishedname": "OU=WESTERLANDS,DC=SEVENKINGDOMS,DC=LOCAL", "domainsid": "S-1-5-21-3356225206-989342118-3217507422", "highvalue": false, "blocksinheritance": false, "description": null, "whencreated": 1688612973}, "IsDeleted": false, "IsACLProtected": false, "Aces": [{"RightName": "GenericAll", "IsInherited": false, "PrincipalSID": "S-1-5-21-3356225206-989342118-3217507422-512", "PrincipalType": "Group"}, {"RightName": "GenericAll", "IsInherited": true, "PrincipalSID": "S-1-5-21-3356225206-989342118-3217507422-519", "PrincipalType": "Group"}, {"RightName": "WriteOwner", "IsInherited": true, "PrincipalSID": "SEVENKINGDOMS.LOCAL-S-1-5-32-544", "PrincipalType": "Group"}, {"RightName": "WriteDacl", "IsInherited": true, "PrincipalSID": "SEVENKINGDOMS.LOCAL-S-1-5-32-544", "PrincipalType": "Group"}], "Links": [], "ChildObjects": [{"ObjectIdentifier": "S-1-5-21-3356225206-989342118-3217507422-1116", "ObjectType": "User"}, {"ObjectIdentifier": "S-1-5-21-3356225206-989342118-3217507422-1106", "ObjectType": "Group"}], "GPOChanges": {"AffectedComputers": [], "DcomUsers": [], "LocalAdmins": [], "PSRemoteUsers": [], "RemoteDesktopUsers": []}},{"ObjectIdentifier": "9EA6EC84-C2AF-4E2D-8309-69603C8FCFCD", "Properties": {"domain": "SEVENKINGDOMS.LOCAL", "name": "REACH@SEVENKINGDOMS.LOCAL", "distinguishedname": "OU=REACH,DC=SEVENKINGDOMS,DC=LOCAL", "domainsid": "S-1-5-21-3356225206-989342118-3217507422", "highvalue": false, "blocksinheritance": false, "description": null, "whencreated": 1688612977}, "IsDeleted": false, "IsACLProtected": false, "Aces": [{"RightName": "GenericAll", "IsInherited": false, "PrincipalSID": "S-1-5-21-3356225206-989342118-3217507422-512", "PrincipalType": "Group"}, {"RightName": "GenericAll", "IsInherited": true, "PrincipalSID": "S-1-5-21-3356225206-989342118-3217507422-519", "PrincipalType": "Group"}, {"RightName": "WriteOwner", "IsInherited": true, "PrincipalSID": "SEVENKINGDOMS.LOCAL-S-1-5-32-544", "PrincipalType": "Group"}, {"RightName": "WriteDacl", "IsInherited": true, "PrincipalSID": "SEVENKINGDOMS.LOCAL-S-1-5-32-544", "PrincipalType": "Group"}], "Links": [], "ChildObjects": [], "GPOChanges": {"AffectedComputers": [], "DcomUsers": [], "LocalAdmins": [], "PSRemoteUsers": [], "RemoteDesktopUsers": []}},{"ObjectIdentifier": "C0DDFB4F-A29C-4CA7-A120-3DC6EC496C76", "Properties": {"domain": "SEVENKINGDOMS.LOCAL", "name": "STORMLANDS@SEVENKINGDOMS.LOCAL", "distinguishedname": "OU=STORMLANDS,DC=SEVENKINGDOMS,DC=LOCAL", "domainsid": "S-1-5-21-3356225206-989342118-3217507422", "highvalue": false, "blocksinheritance": false, "description": null, "whencreated": 1688612969}, "IsDeleted": false, "IsACLProtected": false, "Aces": [{"RightName": "GenericAll", "IsInherited": false, "PrincipalSID": "S-1-5-21-3356225206-989342118-3217507422-512", "PrincipalType": "Group"}, {"RightName": "GenericAll", "IsInherited": true, "PrincipalSID": "S-1-5-21-3356225206-989342118-3217507422-519", "PrincipalType": "Group"}, {"RightName": "WriteOwner", "IsInherited": true, "PrincipalSID": "SEVENKINGDOMS.LOCAL-S-1-5-32-544", "PrincipalType": "Group"}, {"RightName": "WriteDacl", "IsInherited": true, "PrincipalSID": "SEVENKINGDOMS.LOCAL-S-1-5-32-544", "PrincipalType": "Group"}], "Links": [], "ChildObjects": [{"ObjectIdentifier": "S-1-5-21-3356225206-989342118-3217507422-1107", "ObjectType": "Group"}], "GPOChanges": {"AffectedComputers": [], "DcomUsers": [], "LocalAdmins": [], "PSRemoteUsers": [], "RemoteDesktopUsers": []}},{"ObjectIdentifier": "310E8E4E-FCF3-4699-B319-0F7592C3306A", "Properties": {"domain": "SEVENKINGDOMS.LOCAL", "name": "CROWNLANDS@SEVENKINGDOMS.LOCAL", "distinguishedname": "OU=CROWNLANDS,DC=SEVENKINGDOMS,DC=LOCAL", "domainsid": "S-1-5-21-3356225206-989342118-3217507422", "highvalue": false, "blocksinheritance": false, "description": null, "whencreated": 1688612965}, "IsDeleted": false, "IsACLProtected": false, "Aces": [{"RightName": "GenericAll", "IsInherited": false, "PrincipalSID": "S-1-5-21-3356225206-989342118-3217507422-512", "PrincipalType": "Group"}, {"RightName": "GenericAll", "IsInherited": true, "PrincipalSID": "S-1-5-21-3356225206-989342118-3217507422-519", "PrincipalType": "Group"}, {"RightName": "WriteOwner", "IsInherited": true, "PrincipalSID": "SEVENKINGDOMS.LOCAL-S-1-5-32-544", "PrincipalType": "Group"}, {"RightName": "WriteDacl", "IsInherited": true, "PrincipalSID": "SEVENKINGDOMS.LOCAL-S-1-5-32-544", "PrincipalType": "Group"}], "Links": [], "ChildObjects": [{"ObjectIdentifier": "S-1-5-21-3356225206-989342118-3217507422-1113", "ObjectType": "User"}, {"ObjectIdentifier": "S-1-5-21-3356225206-989342118-3217507422-1120", "ObjectType": "User"}, {"ObjectIdentifier": "S-1-5-21-3356225206-989342118-3217507422-1108", "ObjectType": "Group"}, {"ObjectIdentifier": "S-1-5-21-3356225206-989342118-3217507422-1117", "ObjectType": "User"}, {"ObjectIdentifier": "S-1-5-21-3356225206-989342118-3217507422-1119", "ObjectType": "User"}, {"ObjectIdentifier": "S-1-5-21-3356225206-989342118-3217507422-1121", "ObjectType": "User"}, {"ObjectIdentifier": "S-1-5-21-3356225206-989342118-3217507422-1123", "ObjectType": "User"}, {"ObjectIdentifier": "S-1-5-21-3356225206-989342118-3217507422-1122", "ObjectType": "User"}, {"ObjectIdentifier": "S-1-5-21-3356225206-989342118-3217507422-1110", "ObjectType": "Group"}, {"ObjectIdentifier": "S-1-5-21-3356225206-989342118-3217507422-1118", "ObjectType": "User"}, {"ObjectIdentifier": "S-1-5-21-3356225206-989342118-3217507422-1114", "ObjectType": "User"}, {"ObjectIdentifier": "S-1-5-21-3356225206-989342118-3217507422-1109", "ObjectType": "Group"}, {"ObjectIdentifier": "S-1-5-21-3356225206-989342118-3217507422-1111", "ObjectType": "Group"}, {"ObjectIdentifier": "S-1-5-21-3356225206-989342118-3217507422-1115", "ObjectType": "User"}], "GPOChanges": {"AffectedComputers": [], "DcomUsers": [], "LocalAdmins": [], "PSRemoteUsers": [], "RemoteDesktopUsers": []}},{"ObjectIdentifier": "5604C96F-B0C3-4E26-8B4F-86F2E5F6D846", "Properties": {"domain": "SEVENKINGDOMS.LOCAL", "name": "RIVERLANDS@SEVENKINGDOMS.LOCAL", "distinguishedname": "OU=RIVERLANDS,DC=SEVENKINGDOMS,DC=LOCAL", "domainsid": "S-1-5-21-3356225206-989342118-3217507422", "highvalue": false, "blocksinheritance": false, "description": null, "whencreated": 1688612961}, "IsDeleted": false, "IsACLProtected": false, "Aces": [{"RightName": "GenericAll", "IsInherited": false, "PrincipalSID": "S-1-5-21-3356225206-989342118-3217507422-512", "PrincipalType": "Group"}, {"RightName": "GenericAll", "IsInherited": true, "PrincipalSID": "S-1-5-21-3356225206-989342118-3217507422-519", "PrincipalType": "Group"}, {"RightName": "WriteOwner", "IsInherited": true, "PrincipalSID": "SEVENKINGDOMS.LOCAL-S-1-5-32-544", "PrincipalType": "Group"}, {"RightName": "WriteDacl", "IsInherited": true, "PrincipalSID": "SEVENKINGDOMS.LOCAL-S-1-5-32-544", "PrincipalType": "Group"}], "Links": [], "ChildObjects": [], "GPOChanges": {"AffectedComputers": [], "DcomUsers": [], "LocalAdmins": [], "PSRemoteUsers": [], "RemoteDesktopUsers": []}},{"ObjectIdentifier": "237B8536-F1E3-432B-84B2-4497FD0CFDE0", "Properties": {"domain": "SEVENKINGDOMS.LOCAL", "name": "IRONISLANDS@SEVENKINGDOMS.LOCAL", "distinguishedname": "OU=IRONISLANDS,DC=SEVENKINGDOMS,DC=LOCAL", "domainsid": "S-1-5-21-3356225206-989342118-3217507422", "highvalue": false, "blocksinheritance": false, "description": null, "whencreated": 1688612957}, "IsDeleted": false, "IsACLProtected": false, "Aces": [{"RightName": "GenericAll", "IsInherited": false, "PrincipalSID": "S-1-5-21-3356225206-989342118-3217507422-512", "PrincipalType": "Group"}, {"RightName": "GenericAll", "IsInherited": true, "PrincipalSID": "S-1-5-21-3356225206-989342118-3217507422-519", "PrincipalType": "Group"}, {"RightName": "WriteOwner", "IsInherited": true, "PrincipalSID": "SEVENKINGDOMS.LOCAL-S-1-5-32-544", "PrincipalType": "Group"}, {"RightName": "WriteDacl", "IsInherited": true, "PrincipalSID": "SEVENKINGDOMS.LOCAL-S-1-5-32-544", "PrincipalType": "Group"}], "Links": [], "ChildObjects": [], "GPOChanges": {"AffectedComputers": [], "DcomUsers": [], "LocalAdmins": [], "PSRemoteUsers": [], "RemoteDesktopUsers": []}},{"ObjectIdentifier": "1A77BBAE-58DB-4B01-B879-7A8C3FA8B4A5", "Properties": {"domain": "SEVENKINGDOMS.LOCAL", "name": "VALE@SEVENKINGDOMS.LOCAL", "distinguishedname": "OU=VALE,DC=SEVENKINGDOMS,DC=LOCAL", "domainsid": "S-1-5-21-3356225206-989342118-3217507422", "highvalue": false, "blocksinheritance": false, "description": null, "whencreated": 1688612953}, "IsDeleted": false, "IsACLProtected": false, "Aces": [{"RightName": "GenericAll", "IsInherited": false, "PrincipalSID": "S-1-5-21-3356225206-989342118-3217507422-512", "PrincipalType": "Group"}, {"RightName": "GenericAll", "IsInherited": true, "PrincipalSID": "S-1-5-21-3356225206-989342118-3217507422-519", "PrincipalType": "Group"}, {"RightName": "WriteOwner", "IsInherited": true, "PrincipalSID": "SEVENKINGDOMS.LOCAL-S-1-5-32-544", "PrincipalType": "Group"}, {"RightName": "WriteDacl", "IsInherited": true, "PrincipalSID": "SEVENKINGDOMS.LOCAL-S-1-5-32-544", "PrincipalType": "Group"}], "Links": [], "ChildObjects": [], "GPOChanges": {"AffectedComputers": [], "DcomUsers": [], "LocalAdmins": [], "PSRemoteUsers": [], "RemoteDesktopUsers": []}},{"ObjectIdentifier": "82746551-6849-4509-8C63-0418B566710C", "Properties": {"domain": "SEVENKINGDOMS.LOCAL", "name": "DOMAIN CONTROLLERS@SEVENKINGDOMS.LOCAL", "distinguishedname": "OU=DOMAIN CONTROLLERS,DC=SEVENKINGDOMS,DC=LOCAL", "domainsid": "S-1-5-21-3356225206-989342118-3217507422", "highvalue": false, "blocksinheritance": false, "description": "Default container for domain controllers", "whencreated": 1688610529}, "IsDeleted": false, "IsACLProtected": false, "Aces": [{"RightName": "Owns", "IsInherited": false, "PrincipalSID": "S-1-5-21-3356225206-989342118-3217507422-512", "PrincipalType": "Group"}, {"RightName": "WriteOwner", "IsInherited": false, "PrincipalSID": "S-1-5-21-3356225206-989342118-3217507422-512", "PrincipalType": "Group"}, {"RightName": "WriteDacl", "IsInherited": false, "PrincipalSID": "S-1-5-21-3356225206-989342118-3217507422-512", "PrincipalType": "Group"}, {"RightName": "GenericAll", "IsInherited": true, "PrincipalSID": "S-1-5-21-3356225206-989342118-3217507422-519", "PrincipalType": "Group"}, {"RightName": "WriteOwner", "IsInherited": true, "PrincipalSID": "SEVENKINGDOMS.LOCAL-S-1-5-32-544", "PrincipalType": "Group"}, {"RightName": "WriteDacl", "IsInherited": true, "PrincipalSID": "SEVENKINGDOMS.LOCAL-S-1-5-32-544", "PrincipalType": "Group"}], "Links": [{"IsEnforced": false, "GUID": "9F90BB06-4023-44AC-B22A-3B8F53DE9533"}], "ChildObjects": [{"ObjectIdentifier": "S-1-5-21-3356225206-989342118-3217507422-1001", "ObjectType": "Computer"}], "GPOChanges": {"AffectedComputers": [], "DcomUsers": [], "LocalAdmins": [], "PSRemoteUsers": [], "RemoteDesktopUsers": []}}],"meta":{"methods":0,"type":"ous","count":10, "version":5}}