﻿{"data":[{"Properties":{"domain":"NORTH.SEVENKINGDOMS.LOCAL","name":"DEFAULT DOMAIN POLICY@NORTH.SEVENKINGDOMS.LOCAL","distinguishedname":"CN={31B2F340-016D-11D2-945F-00C04FB984F9},CN=POLICIES,CN=SYSTEM,DC=NORTH,DC=SEVENKINGDOMS,DC=LOCAL","domainsid":"S-1-5-21-1741091980-3075726550-22591605","highvalue":false,"description":null,"whencreated":1688586170,"gpcpath":"\\\\NORTH.SEVENKINGDOMS.LOCAL\\SYSVOL\\NORTH.SEVENKINGDOMS.LOCAL\\POLICIES\\{31B2F340-016D-11D2-945F-00C04FB984F9}"},"Aces":[{"PrincipalSID":"S-1-5-21-1741091980-3075726550-22591605-512","PrincipalType":"Group","RightName":"Owns","IsInherited":false},{"PrincipalSID":"S-1-5-21-1741091980-3075726550-22591605-512","PrincipalType":"Group","RightName":"WriteDacl","IsInherited":false},{"PrincipalSID":"S-1-5-21-1741091980-3075726550-22591605-512","PrincipalType":"Group","RightName":"WriteOwner","IsInherited":false},{"PrincipalSID":"S-1-5-21-1741091980-3075726550-22591605-512","PrincipalType":"Group","RightName":"GenericWrite","IsInherited":false},{"PrincipalSID":"S-1-5-21-1741091980-3075726550-22591605-512","PrincipalType":"Group","RightName":"WriteDacl","IsInherited":false},{"PrincipalSID":"S-1-5-21-1741091980-3075726550-22591605-512","PrincipalType":"Group","RightName":"WriteOwner","IsInherited":false},{"PrincipalSID":"S-1-5-21-1741091980-3075726550-22591605-512","PrincipalType":"Group","RightName":"GenericWrite","IsInherited":false},{"PrincipalSID":"S-1-5-21-3356225206-989342118-3217507422-519","PrincipalType":"Base","RightName":"WriteDacl","IsInherited":false},{"PrincipalSID":"S-1-5-21-3356225206-989342118-3217507422-519","PrincipalType":"Base","RightName":"WriteOwner","IsInherited":false},{"PrincipalSID":"S-1-5-21-3356225206-989342118-3217507422-519","PrincipalType":"Base","RightName":"GenericWrite","IsInherited":false}],"ObjectIdentifier":"4BF269C1-CAAE-41C9-9494-964FB55E20D4","IsDeleted":false,"IsACLProtected":true},{"Properties":{"domain":"NORTH.SEVENKINGDOMS.LOCAL","name":"ANSIBLE-LAPS@NORTH.SEVENKINGDOMS.LOCAL","distinguishedname":"CN={6CE535AB-728E-4D6D-853E-A78604BD6E8D},CN=POLICIES,CN=SYSTEM,DC=NORTH,DC=SEVENKINGDOMS,DC=LOCAL","domainsid":"S-1-5-21-1741091980-3075726550-22591605","highvalue":false,"description":null,"whencreated":1688607386,"gpcpath":"\\\\NORTH.SEVENKINGDOMS.LOCAL\\SYSVOL\\NORTH.SEVENKINGDOMS.LOCAL\\POLICIES\\{6CE535AB-728E-4D6D-853E-A78604BD6E8D}"},"Aces":[{"PrincipalSID":"S-1-5-21-1741091980-3075726550-22591605-1000","PrincipalType":"User","RightName":"Owns","IsInherited":false},{"PrincipalSID":"S-1-5-21-1741091980-3075726550-22591605-512","PrincipalType":"Group","RightName":"WriteDacl","IsInherited":false},{"PrincipalSID":"S-1-5-21-1741091980-3075726550-22591605-512","PrincipalType":"Group","RightName":"WriteOwner","IsInherited":false},{"PrincipalSID":"S-1-5-21-1741091980-3075726550-22591605-512","PrincipalType":"Group","RightName":"GenericWrite","IsInherited":false},{"PrincipalSID":"S-1-5-21-1741091980-3075726550-22591605-1000","PrincipalType":"User","RightName":"WriteDacl","IsInherited":false},{"PrincipalSID":"S-1-5-21-1741091980-3075726550-22591605-1000","PrincipalType":"User","RightName":"WriteOwner","IsInherited":false},{"PrincipalSID":"S-1-5-21-1741091980-3075726550-22591605-1000","PrincipalType":"User","RightName":"GenericWrite","IsInherited":false},{"PrincipalSID":"S-1-5-21-3356225206-989342118-3217507422-519","PrincipalType":"Base","RightName":"WriteDacl","IsInherited":false},{"PrincipalSID":"S-1-5-21-3356225206-989342118-3217507422-519","PrincipalType":"Base","RightName":"WriteOwner","IsInherited":false},{"PrincipalSID":"S-1-5-21-3356225206-989342118-3217507422-519","PrincipalType":"Base","RightName":"GenericWrite","IsInherited":false}],"ObjectIdentifier":"49FD6D51-6EF7-417E-9007-5072B2720071","IsDeleted":false,"IsACLProtected":true},{"Properties":{"domain":"NORTH.SEVENKINGDOMS.LOCAL","name":"STARKWALLPAPER@NORTH.SEVENKINGDOMS.LOCAL","distinguishedname":"CN={EEA581ED-C009-4135-8B36-E04859DAEAA4},CN=POLICIES,CN=SYSTEM,DC=NORTH,DC=SEVENKINGDOMS,DC=LOCAL","domainsid":"S-1-5-21-1741091980-3075726550-22591605","highvalue":false,"description":null,"whencreated":1688608864,"gpcpath":"\\\\NORTH.SEVENKINGDOMS.LOCAL\\SYSVOL\\NORTH.SEVENKINGDOMS.LOCAL\\POLICIES\\{EEA581ED-C009-4135-8B36-E04859DAEAA4}"},"Aces":[{"PrincipalSID":"S-1-5-21-1741091980-3075726550-22591605-1000","PrincipalType":"User","RightName":"Owns","IsInherited":false},{"PrincipalSID":"S-1-5-21-1741091980-3075726550-22591605-512","PrincipalType":"Group","RightName":"WriteDacl","IsInherited":false},{"PrincipalSID":"S-1-5-21-1741091980-3075726550-22591605-512","PrincipalType":"Group","RightName":"WriteOwner","IsInherited":false},{"PrincipalSID":"S-1-5-21-1741091980-3075726550-22591605-512","PrincipalType":"Group","RightName":"GenericWrite","IsInherited":false},{"PrincipalSID":"S-1-5-21-1741091980-3075726550-22591605-1000","PrincipalType":"User","RightName":"WriteDacl","IsInherited":false},{"PrincipalSID":"S-1-5-21-1741091980-3075726550-22591605-1000","PrincipalType":"User","RightName":"WriteOwner","IsInherited":false},{"PrincipalSID":"S-1-5-21-1741091980-3075726550-22591605-1000","PrincipalType":"User","RightName":"GenericWrite","IsInherited":false},{"PrincipalSID":"S-1-5-21-1741091980-3075726550-22591605-1119","PrincipalType":"User","RightName":"WriteDacl","IsInherited":false},{"PrincipalSID":"S-1-5-21-1741091980-3075726550-22591605-1119","PrincipalType":"User","RightName":"WriteOwner","IsInherited":false},{"PrincipalSID":"S-1-5-21-1741091980-3075726550-22591605-1119","PrincipalType":"User","RightName":"GenericWrite","IsInherited":false},{"PrincipalSID":"S-1-5-21-3356225206-989342118-3217507422-519","PrincipalType":"Base","RightName":"WriteDacl","IsInherited":false},{"PrincipalSID":"S-1-5-21-3356225206-989342118-3217507422-519","PrincipalType":"Base","RightName":"WriteOwner","IsInherited":false},{"PrincipalSID":"S-1-5-21-3356225206-989342118-3217507422-519","PrincipalType":"Base","RightName":"GenericWrite","IsInherited":false}],"ObjectIdentifier":"74E65B61-06FE-4CC6-B941-940FD095C971","IsDeleted":false,"IsACLProtected":true},{"Properties":{"domain":"NORTH.SEVENKINGDOMS.LOCAL","name":"DEFAULT DOMAIN CONTROLLERS POLICY@NORTH.SEVENKINGDOMS.LOCAL","distinguishedname":"CN={6AC1786C-016F-11D2-945F-00C04FB984F9},CN=POLICIES,CN=SYSTEM,DC=NORTH,DC=SEVENKINGDOMS,DC=LOCAL","domainsid":"S-1-5-21-1741091980-3075726550-22591605","highvalue":false,"description":null,"whencreated":1688586170,"gpcpath":"\\\\NORTH.SEVENKINGDOMS.LOCAL\\SYSVOL\\NORTH.SEVENKINGDOMS.LOCAL\\POLICIES\\{6AC1786C-016F-11D2-945F-00C04FB984F9}"},"Aces":[{"PrincipalSID":"S-1-5-21-1741091980-3075726550-22591605-512","PrincipalType":"Group","RightName":"Owns","IsInherited":false},{"PrincipalSID":"S-1-5-21-1741091980-3075726550-22591605-512","PrincipalType":"Group","RightName":"WriteDacl","IsInherited":false},{"PrincipalSID":"S-1-5-21-1741091980-3075726550-22591605-512","PrincipalType":"Group","RightName":"WriteOwner","IsInherited":false},{"PrincipalSID":"S-1-5-21-1741091980-3075726550-22591605-512","PrincipalType":"Group","RightName":"GenericWrite","IsInherited":false},{"PrincipalSID":"S-1-5-21-1741091980-3075726550-22591605-512","PrincipalType":"Group","RightName":"WriteDacl","IsInherited":false},{"PrincipalSID":"S-1-5-21-1741091980-3075726550-22591605-512","PrincipalType":"Group","RightName":"WriteOwner","IsInherited":false},{"PrincipalSID":"S-1-5-21-1741091980-3075726550-22591605-512","PrincipalType":"Group","RightName":"GenericWrite","IsInherited":false},{"PrincipalSID":"S-1-5-21-3356225206-989342118-3217507422-519","PrincipalType":"Group","RightName":"WriteDacl","IsInherited":false},{"PrincipalSID":"S-1-5-21-3356225206-989342118-3217507422-519","PrincipalType":"Group","RightName":"WriteOwner","IsInherited":false},{"PrincipalSID":"S-1-5-21-3356225206-989342118-3217507422-519","PrincipalType":"Group","RightName":"GenericWrite","IsInherited":false}],"ObjectIdentifier":"F0D5D977-C4DC-4671-A501-E9B1CE1D5191","IsDeleted":false,"IsACLProtected":true}],"meta":{"methods":29695,"type":"gpos","count":4,"version":5}}