﻿{"data":[{"Properties":{"domain":"NORTH.SEVENKINGDOMS.LOCAL","name":"ADMINSDHOLDER@NORTH.SEVENKINGDOMS.LOCAL","distinguishedname":"CN=ADMINSDHOLDER,CN=SYSTEM,DC=NORTH,DC=SEVENKINGDOMS,DC=LOCAL","domainsid":"S-1-5-21-1741091980-3075726550-22591605","highvalue":false},"ChildObjects":[],"Aces":[{"PrincipalSID":"S-1-5-21-1741091980-3075726550-22591605-512","PrincipalType":"Group","RightName":"Owns","IsInherited":false},{"PrincipalSID":"NORTH.SEVENKINGDOMS.LOCAL-S-1-5-32-544","PrincipalType":"Group","RightName":"WriteDacl","IsInherited":false},{"PrincipalSID":"NORTH.SEVENKINGDOMS.LOCAL-S-1-5-32-544","PrincipalType":"Group","RightName":"WriteOwner","IsInherited":false},{"PrincipalSID":"S-1-5-21-1741091980-3075726550-22591605-512","PrincipalType":"Group","RightName":"WriteDacl","IsInherited":false},{"PrincipalSID":"S-1-5-21-1741091980-3075726550-22591605-512","PrincipalType":"Group","RightName":"WriteOwner","IsInherited":false},{"PrincipalSID":"S-1-5-21-3356225206-989342118-3217507422-519","PrincipalType":"Base","RightName":"WriteDacl","IsInherited":false},{"PrincipalSID":"S-1-5-21-3356225206-989342118-3217507422-519","PrincipalType":"Base","RightName":"WriteOwner","IsInherited":false}],"ObjectIdentifier":"19E65C25-F2AA-4D41-A64E-0B1195DA9D94","IsDeleted":false,"IsACLProtected":true},{"Properties":{"domain":"NORTH.SEVENKINGDOMS.LOCAL","name":"COMPARTITIONS@NORTH.SEVENKINGDOMS.LOCAL","distinguishedname":"CN=COMPARTITIONS,CN=SYSTEM,DC=NORTH,DC=SEVENKINGDOMS,DC=LOCAL","domainsid":"S-1-5-21-1741091980-3075726550-22591605","highvalue":false},"ChildObjects":[],"Aces":[{"PrincipalSID":"S-1-5-21-1741091980-3075726550-22591605-512","PrincipalType":"Group","RightName":"Owns","IsInherited":false},{"PrincipalSID":"S-1-5-21-1741091980-3075726550-22591605-512","PrincipalType":"Group","RightName":"WriteDacl","IsInherited":false},{"PrincipalSID":"S-1-5-21-1741091980-3075726550-22591605-512","PrincipalType":"Group","RightName":"WriteOwner","IsInherited":false},{"PrincipalSID":"S-1-5-21-3356225206-989342118-3217507422-519","PrincipalType":"Base","RightName":"GenericAll","IsInherited":true},{"PrincipalSID":"NORTH.SEVENKINGDOMS.LOCAL-S-1-5-32-544","PrincipalType":"Group","RightName":"WriteDacl","IsInherited":true},{"PrincipalSID":"NORTH.SEVENKINGDOMS.LOCAL-S-1-5-32-544","PrincipalType":"Group","RightName":"WriteOwner","IsInherited":true}],"ObjectIdentifier":"467787B9-643D-45D6-B428-38B5747BE28D","IsDeleted":false,"IsACLProtected":false},{"Properties":{"domain":"NORTH.SEVENKINGDOMS.LOCAL","name":"RAS AND IAS SERVERS ACCESS CHECK@NORTH.SEVENKINGDOMS.LOCAL","distinguishedname":"CN=RAS AND IAS SERVERS ACCESS CHECK,CN=SYSTEM,DC=NORTH,DC=SEVENKINGDOMS,DC=LOCAL","domainsid":"S-1-5-21-1741091980-3075726550-22591605","highvalue":false},"ChildObjects":[],"Aces":[{"PrincipalSID":"S-1-5-21-1741091980-3075726550-22591605-512","PrincipalType":"Group","RightName":"Owns","IsInherited":false},{"PrincipalSID":"S-1-5-21-1741091980-3075726550-22591605-553","PrincipalType":"Group","RightName":"WriteDacl","IsInherited":false},{"PrincipalSID":"S-1-5-21-1741091980-3075726550-22591605-553","PrincipalType":"Group","RightName":"WriteOwner","IsInherited":false},{"PrincipalSID":"S-1-5-21-3356225206-989342118-3217507422-519","PrincipalType":"Base","RightName":"GenericAll","IsInherited":true},{"PrincipalSID":"NORTH.SEVENKINGDOMS.LOCAL-S-1-5-32-544","PrincipalType":"Group","RightName":"WriteDacl","IsInherited":true},{"PrincipalSID":"NORTH.SEVENKINGDOMS.LOCAL-S-1-5-32-544","PrincipalType":"Group","RightName":"WriteOwner","IsInherited":true}],"ObjectIdentifier":"22E689C8-F764-4D01-B67C-499B37C915FB","IsDeleted":false,"IsACLProtected":false},{"Properties":{"domain":"NORTH.SEVENKINGDOMS.LOCAL","name":"POLICIES@NORTH.SEVENKINGDOMS.LOCAL","distinguishedname":"CN=POLICIES,CN=SYSTEM,DC=NORTH,DC=SEVENKINGDOMS,DC=LOCAL","domainsid":"S-1-5-21-1741091980-3075726550-22591605","highvalue":false},"ChildObjects":[],"Aces":[{"PrincipalSID":"S-1-5-21-1741091980-3075726550-22591605-512","PrincipalType":"Group","RightName":"Owns","IsInherited":false},{"PrincipalSID":"S-1-5-21-1741091980-3075726550-22591605-512","PrincipalType":"Group","RightName":"WriteDacl","IsInherited":false},{"PrincipalSID":"S-1-5-21-1741091980-3075726550-22591605-512","PrincipalType":"Group","RightName":"WriteOwner","IsInherited":false},{"PrincipalSID":"S-1-5-21-3356225206-989342118-3217507422-519","PrincipalType":"Base","RightName":"GenericAll","IsInherited":true},{"PrincipalSID":"NORTH.SEVENKINGDOMS.LOCAL-S-1-5-32-544","PrincipalType":"Group","RightName":"WriteDacl","IsInherited":true},{"PrincipalSID":"NORTH.SEVENKINGDOMS.LOCAL-S-1-5-32-544","PrincipalType":"Group","RightName":"WriteOwner","IsInherited":true}],"ObjectIdentifier":"ED24FDB6-DBAA-4C4B-AF61-076F68179AEF","IsDeleted":false,"IsACLProtected":false},{"Properties":{"domain":"NORTH.SEVENKINGDOMS.LOCAL","name":"MEETINGS@NORTH.SEVENKINGDOMS.LOCAL","distinguishedname":"CN=MEETINGS,CN=SYSTEM,DC=NORTH,DC=SEVENKINGDOMS,DC=LOCAL","domainsid":"S-1-5-21-1741091980-3075726550-22591605","highvalue":false},"ChildObjects":[],"Aces":[{"PrincipalSID":"S-1-5-21-1741091980-3075726550-22591605-512","PrincipalType":"Group","RightName":"Owns","IsInherited":false},{"PrincipalSID":"S-1-5-21-1741091980-3075726550-22591605-512","PrincipalType":"Group","RightName":"WriteDacl","IsInherited":false},{"PrincipalSID":"S-1-5-21-1741091980-3075726550-22591605-512","PrincipalType":"Group","RightName":"WriteOwner","IsInherited":false},{"PrincipalSID":"S-1-5-21-3356225206-989342118-3217507422-519","PrincipalType":"Base","RightName":"GenericAll","IsInherited":true},{"PrincipalSID":"NORTH.SEVENKINGDOMS.LOCAL-S-1-5-32-544","PrincipalType":"Group","RightName":"WriteDacl","IsInherited":true},{"PrincipalSID":"NORTH.SEVENKINGDOMS.LOCAL-S-1-5-32-544","PrincipalType":"Group","RightName":"WriteOwner","IsInherited":true}],"ObjectIdentifier":"4446FB39-5DCD-4D64-B412-1BC86283A67B","IsDeleted":false,"IsACLProtected":false},{"Properties":{"domain":"NORTH.SEVENKINGDOMS.LOCAL","name":"RPCSERVICES@NORTH.SEVENKINGDOMS.LOCAL","distinguishedname":"CN=RPCSERVICES,CN=SYSTEM,DC=NORTH,DC=SEVENKINGDOMS,DC=LOCAL","domainsid":"S-1-5-21-1741091980-3075726550-22591605","highvalue":false},"ChildObjects":[],"Aces":[{"PrincipalSID":"S-1-5-21-1741091980-3075726550-22591605-512","PrincipalType":"Group","RightName":"Owns","IsInherited":false},{"PrincipalSID":"S-1-5-21-1741091980-3075726550-22591605-512","PrincipalType":"Group","RightName":"WriteDacl","IsInherited":false},{"PrincipalSID":"S-1-5-21-1741091980-3075726550-22591605-512","PrincipalType":"Group","RightName":"WriteOwner","IsInherited":false},{"PrincipalSID":"S-1-5-21-3356225206-989342118-3217507422-519","PrincipalType":"Base","RightName":"GenericAll","IsInherited":true},{"PrincipalSID":"NORTH.SEVENKINGDOMS.LOCAL-S-1-5-32-544","PrincipalType":"Group","RightName":"WriteDacl","IsInherited":true},{"PrincipalSID":"NORTH.SEVENKINGDOMS.LOCAL-S-1-5-32-544","PrincipalType":"Group","RightName":"WriteOwner","IsInherited":true}],"ObjectIdentifier":"2374A6FC-81CD-4AD0-B24E-71284A440FFE","IsDeleted":false,"IsACLProtected":false},{"Properties":{"domain":"NORTH.SEVENKINGDOMS.LOCAL","name":"WINSOCKSERVICES@NORTH.SEVENKINGDOMS.LOCAL","distinguishedname":"CN=WINSOCKSERVICES,CN=SYSTEM,DC=NORTH,DC=SEVENKINGDOMS,DC=LOCAL","domainsid":"S-1-5-21-1741091980-3075726550-22591605","highvalue":false},"ChildObjects":[],"Aces":[{"PrincipalSID":"S-1-5-21-1741091980-3075726550-22591605-512","PrincipalType":"Group","RightName":"Owns","IsInherited":false},{"PrincipalSID":"S-1-5-21-1741091980-3075726550-22591605-512","PrincipalType":"Group","RightName":"WriteDacl","IsInherited":false},{"PrincipalSID":"S-1-5-21-1741091980-3075726550-22591605-512","PrincipalType":"Group","RightName":"WriteOwner","IsInherited":false},{"PrincipalSID":"S-1-5-21-3356225206-989342118-3217507422-519","PrincipalType":"Base","RightName":"GenericAll","IsInherited":true},{"PrincipalSID":"NORTH.SEVENKINGDOMS.LOCAL-S-1-5-32-544","PrincipalType":"Group","RightName":"WriteDacl","IsInherited":true},{"PrincipalSID":"NORTH.SEVENKINGDOMS.LOCAL-S-1-5-32-544","PrincipalType":"Group","RightName":"WriteOwner","IsInherited":true}],"ObjectIdentifier":"D6C46A14-5F31-4B53-AE36-3ECBFEE81088","IsDeleted":false,"IsACLProtected":false},{"Properties":{"domain":"NORTH.SEVENKINGDOMS.LOCAL","name":"SYSTEM@NORTH.SEVENKINGDOMS.LOCAL","distinguishedname":"CN=SYSTEM,DC=NORTH,DC=SEVENKINGDOMS,DC=LOCAL","domainsid":"S-1-5-21-1741091980-3075726550-22591605","highvalue":false},"ChildObjects":[],"Aces":[{"PrincipalSID":"S-1-5-21-1741091980-3075726550-22591605-512","PrincipalType":"Group","RightName":"Owns","IsInherited":false},{"PrincipalSID":"S-1-5-21-1741091980-3075726550-22591605-512","PrincipalType":"Group","RightName":"WriteDacl","IsInherited":false},{"PrincipalSID":"S-1-5-21-1741091980-3075726550-22591605-512","PrincipalType":"Group","RightName":"WriteOwner","IsInherited":false},{"PrincipalSID":"S-1-5-21-3356225206-989342118-3217507422-519","PrincipalType":"Base","RightName":"GenericAll","IsInherited":true},{"PrincipalSID":"NORTH.SEVENKINGDOMS.LOCAL-S-1-5-32-544","PrincipalType":"Group","RightName":"WriteDacl","IsInherited":true},{"PrincipalSID":"NORTH.SEVENKINGDOMS.LOCAL-S-1-5-32-544","PrincipalType":"Group","RightName":"WriteOwner","IsInherited":true}],"ObjectIdentifier":"33FA2639-5524-4DFB-ACA9-B8FF8934F7B2","IsDeleted":false,"IsACLProtected":false},{"Properties":{"domain":"NORTH.SEVENKINGDOMS.LOCAL","name":"COMPUTERS@NORTH.SEVENKINGDOMS.LOCAL","distinguishedname":"CN=COMPUTERS,DC=NORTH,DC=SEVENKINGDOMS,DC=LOCAL","domainsid":"S-1-5-21-1741091980-3075726550-22591605","highvalue":false},"ChildObjects":[{"ObjectIdentifier":"S-1-5-21-1741091980-3075726550-22591605-1104","ObjectType":"Computer"}],"Aces":[{"PrincipalSID":"S-1-5-21-1741091980-3075726550-22591605-512","PrincipalType":"Group","RightName":"Owns","IsInherited":false},{"PrincipalSID":"S-1-5-21-1741091980-3075726550-22591605-512","PrincipalType":"Group","RightName":"WriteDacl","IsInherited":false},{"PrincipalSID":"S-1-5-21-1741091980-3075726550-22591605-512","PrincipalType":"Group","RightName":"WriteOwner","IsInherited":false},{"PrincipalSID":"S-1-5-21-3356225206-989342118-3217507422-519","PrincipalType":"Base","RightName":"GenericAll","IsInherited":true},{"PrincipalSID":"NORTH.SEVENKINGDOMS.LOCAL-S-1-5-32-544","PrincipalType":"Group","RightName":"WriteDacl","IsInherited":true},{"PrincipalSID":"NORTH.SEVENKINGDOMS.LOCAL-S-1-5-32-544","PrincipalType":"Group","RightName":"WriteOwner","IsInherited":true}],"ObjectIdentifier":"11058B63-ED55-43C9-95F9-F8734BCF7594","IsDeleted":false,"IsACLProtected":false},{"Properties":{"domain":"NORTH.SEVENKINGDOMS.LOCAL","name":"COMPARTITIONSETS@NORTH.SEVENKINGDOMS.LOCAL","distinguishedname":"CN=COMPARTITIONSETS,CN=SYSTEM,DC=NORTH,DC=SEVENKINGDOMS,DC=LOCAL","domainsid":"S-1-5-21-1741091980-3075726550-22591605","highvalue":false},"ChildObjects":[],"Aces":[{"PrincipalSID":"S-1-5-21-1741091980-3075726550-22591605-512","PrincipalType":"Group","RightName":"Owns","IsInherited":false},{"PrincipalSID":"S-1-5-21-1741091980-3075726550-22591605-512","PrincipalType":"Group","RightName":"WriteDacl","IsInherited":false},{"PrincipalSID":"S-1-5-21-1741091980-3075726550-22591605-512","PrincipalType":"Group","RightName":"WriteOwner","IsInherited":false},{"PrincipalSID":"S-1-5-21-3356225206-989342118-3217507422-519","PrincipalType":"Base","RightName":"GenericAll","IsInherited":true},{"PrincipalSID":"NORTH.SEVENKINGDOMS.LOCAL-S-1-5-32-544","PrincipalType":"Group","RightName":"WriteDacl","IsInherited":true},{"PrincipalSID":"NORTH.SEVENKINGDOMS.LOCAL-S-1-5-32-544","PrincipalType":"Group","RightName":"WriteOwner","IsInherited":true}],"ObjectIdentifier":"9AE89466-7DCC-455D-A4CA-27E2DEC2E142","IsDeleted":false,"IsACLProtected":false},{"Properties":{"domain":"NORTH.SEVENKINGDOMS.LOCAL","name":"MICROSOFT@NORTH.SEVENKINGDOMS.LOCAL","distinguishedname":"CN=MICROSOFT,CN=PROGRAM DATA,DC=NORTH,DC=SEVENKINGDOMS,DC=LOCAL","domainsid":"S-1-5-21-1741091980-3075726550-22591605","highvalue":false},"ChildObjects":[],"Aces":[{"PrincipalSID":"S-1-5-21-1741091980-3075726550-22591605-512","PrincipalType":"Group","RightName":"Owns","IsInherited":false},{"PrincipalSID":"S-1-5-21-1741091980-3075726550-22591605-512","PrincipalType":"Group","RightName":"GenericAll","IsInherited":false},{"PrincipalSID":"S-1-5-21-3356225206-989342118-3217507422-519","PrincipalType":"Base","RightName":"GenericAll","IsInherited":true},{"PrincipalSID":"NORTH.SEVENKINGDOMS.LOCAL-S-1-5-32-544","PrincipalType":"Group","RightName":"WriteDacl","IsInherited":true},{"PrincipalSID":"NORTH.SEVENKINGDOMS.LOCAL-S-1-5-32-544","PrincipalType":"Group","RightName":"WriteOwner","IsInherited":true}],"ObjectIdentifier":"EDEE8F21-B6CA-451E-904E-4E5FE809F3A2","IsDeleted":false,"IsACLProtected":false},{"Properties":{"domain":"NORTH.SEVENKINGDOMS.LOCAL","name":"MANAGED SERVICE ACCOUNTS@NORTH.SEVENKINGDOMS.LOCAL","distinguishedname":"CN=MANAGED SERVICE ACCOUNTS,DC=NORTH,DC=SEVENKINGDOMS,DC=LOCAL","domainsid":"S-1-5-21-1741091980-3075726550-22591605","highvalue":false},"ChildObjects":[],"Aces":[{"PrincipalSID":"S-1-5-21-1741091980-3075726550-22591605-512","PrincipalType":"Group","RightName":"Owns","IsInherited":false},{"PrincipalSID":"S-1-5-21-1741091980-3075726550-22591605-512","PrincipalType":"Group","RightName":"WriteDacl","IsInherited":false},{"PrincipalSID":"S-1-5-21-1741091980-3075726550-22591605-512","PrincipalType":"Group","RightName":"WriteOwner","IsInherited":false},{"PrincipalSID":"S-1-5-21-3356225206-989342118-3217507422-519","PrincipalType":"Base","RightName":"GenericAll","IsInherited":true},{"PrincipalSID":"NORTH.SEVENKINGDOMS.LOCAL-S-1-5-32-544","PrincipalType":"Group","RightName":"WriteDacl","IsInherited":true},{"PrincipalSID":"NORTH.SEVENKINGDOMS.LOCAL-S-1-5-32-544","PrincipalType":"Group","RightName":"WriteOwner","IsInherited":true}],"ObjectIdentifier":"AA9C22FF-DFAE-4CC7-914E-9C069478F856","IsDeleted":false,"IsACLProtected":false},{"Properties":{"domain":"NORTH.SEVENKINGDOMS.LOCAL","name":"PROGRAM DATA@NORTH.SEVENKINGDOMS.LOCAL","distinguishedname":"CN=PROGRAM DATA,DC=NORTH,DC=SEVENKINGDOMS,DC=LOCAL","domainsid":"S-1-5-21-1741091980-3075726550-22591605","highvalue":false},"ChildObjects":[],"Aces":[{"PrincipalSID":"S-1-5-21-1741091980-3075726550-22591605-512","PrincipalType":"Group","RightName":"Owns","IsInherited":false},{"PrincipalSID":"S-1-5-21-1741091980-3075726550-22591605-512","PrincipalType":"Group","RightName":"GenericAll","IsInherited":false},{"PrincipalSID":"S-1-5-21-3356225206-989342118-3217507422-519","PrincipalType":"Base","RightName":"GenericAll","IsInherited":true},{"PrincipalSID":"NORTH.SEVENKINGDOMS.LOCAL-S-1-5-32-544","PrincipalType":"Group","RightName":"WriteDacl","IsInherited":true},{"PrincipalSID":"NORTH.SEVENKINGDOMS.LOCAL-S-1-5-32-544","PrincipalType":"Group","RightName":"WriteOwner","IsInherited":true}],"ObjectIdentifier":"0B38D8A2-3C18-4045-BCDA-A672C51F6D6F","IsDeleted":false,"IsACLProtected":false},{"Properties":{"domain":"NORTH.SEVENKINGDOMS.LOCAL","name":"FOREIGNSECURITYPRINCIPALS@NORTH.SEVENKINGDOMS.LOCAL","distinguishedname":"CN=FOREIGNSECURITYPRINCIPALS,DC=NORTH,DC=SEVENKINGDOMS,DC=LOCAL","domainsid":"S-1-5-21-1741091980-3075726550-22591605","highvalue":false},"ChildObjects":[],"Aces":[{"PrincipalSID":"S-1-5-21-1741091980-3075726550-22591605-512","PrincipalType":"Group","RightName":"Owns","IsInherited":false},{"PrincipalSID":"S-1-5-21-1741091980-3075726550-22591605-512","PrincipalType":"Group","RightName":"GenericAll","IsInherited":false},{"PrincipalSID":"S-1-5-21-3356225206-989342118-3217507422-519","PrincipalType":"Base","RightName":"GenericAll","IsInherited":true},{"PrincipalSID":"NORTH.SEVENKINGDOMS.LOCAL-S-1-5-32-544","PrincipalType":"Group","RightName":"WriteDacl","IsInherited":true},{"PrincipalSID":"NORTH.SEVENKINGDOMS.LOCAL-S-1-5-32-544","PrincipalType":"Group","RightName":"WriteOwner","IsInherited":true}],"ObjectIdentifier":"D2DFD292-47C0-4A92-A084-E34454AD14C5","IsDeleted":false,"IsACLProtected":false},{"Properties":{"domain":"NORTH.SEVENKINGDOMS.LOCAL","name":"PSPS@NORTH.SEVENKINGDOMS.LOCAL","distinguishedname":"CN=PSPS,CN=SYSTEM,DC=NORTH,DC=SEVENKINGDOMS,DC=LOCAL","domainsid":"S-1-5-21-1741091980-3075726550-22591605","highvalue":false},"ChildObjects":[],"Aces":[{"PrincipalSID":"S-1-5-21-1741091980-3075726550-22591605-512","PrincipalType":"Group","RightName":"Owns","IsInherited":false},{"PrincipalSID":"S-1-5-21-1741091980-3075726550-22591605-512","PrincipalType":"Group","RightName":"GenericAll","IsInherited":false},{"PrincipalSID":"S-1-5-21-3356225206-989342118-3217507422-519","PrincipalType":"Base","RightName":"GenericAll","IsInherited":true},{"PrincipalSID":"NORTH.SEVENKINGDOMS.LOCAL-S-1-5-32-544","PrincipalType":"Group","RightName":"WriteDacl","IsInherited":true},{"PrincipalSID":"NORTH.SEVENKINGDOMS.LOCAL-S-1-5-32-544","PrincipalType":"Group","RightName":"WriteOwner","IsInherited":true}],"ObjectIdentifier":"866B429F-39DE-4CCE-B131-0CD42865D75C","IsDeleted":false,"IsACLProtected":false},{"Properties":{"domain":"NORTH.SEVENKINGDOMS.LOCAL","name":"WMIGPO@NORTH.SEVENKINGDOMS.LOCAL","distinguishedname":"CN=WMIGPO,CN=WMIPOLICY,CN=SYSTEM,DC=NORTH,DC=SEVENKINGDOMS,DC=LOCAL","domainsid":"S-1-5-21-1741091980-3075726550-22591605","highvalue":false},"ChildObjects":[],"Aces":[{"PrincipalSID":"S-1-5-21-1741091980-3075726550-22591605-512","PrincipalType":"Group","RightName":"Owns","IsInherited":false},{"PrincipalSID":"S-1-5-21-1741091980-3075726550-22591605-512","PrincipalType":"Group","RightName":"WriteDacl","IsInherited":false},{"PrincipalSID":"S-1-5-21-1741091980-3075726550-22591605-512","PrincipalType":"Group","RightName":"WriteOwner","IsInherited":false},{"PrincipalSID":"S-1-5-21-3356225206-989342118-3217507422-519","PrincipalType":"Base","RightName":"GenericAll","IsInherited":true},{"PrincipalSID":"S-1-5-21-1741091980-3075726550-22591605-512","PrincipalType":"Group","RightName":"GenericAll","IsInherited":true}],"ObjectIdentifier":"9AB84923-4DA2-4C85-B3E4-62AD9F38E4E3","IsDeleted":false,"IsACLProtected":false},{"Properties":{"domain":"NORTH.SEVENKINGDOMS.LOCAL","name":"POLICYTYPE@NORTH.SEVENKINGDOMS.LOCAL","distinguishedname":"CN=POLICYTYPE,CN=WMIPOLICY,CN=SYSTEM,DC=NORTH,DC=SEVENKINGDOMS,DC=LOCAL","domainsid":"S-1-5-21-1741091980-3075726550-22591605","highvalue":false},"ChildObjects":[],"Aces":[{"PrincipalSID":"S-1-5-21-1741091980-3075726550-22591605-512","PrincipalType":"Group","RightName":"Owns","IsInherited":false},{"PrincipalSID":"S-1-5-21-1741091980-3075726550-22591605-512","PrincipalType":"Group","RightName":"WriteDacl","IsInherited":false},{"PrincipalSID":"S-1-5-21-1741091980-3075726550-22591605-512","PrincipalType":"Group","RightName":"WriteOwner","IsInherited":false},{"PrincipalSID":"S-1-5-21-3356225206-989342118-3217507422-519","PrincipalType":"Base","RightName":"GenericAll","IsInherited":true},{"PrincipalSID":"S-1-5-21-1741091980-3075726550-22591605-512","PrincipalType":"Group","RightName":"GenericAll","IsInherited":true}],"ObjectIdentifier":"410543E0-0F30-4597-B2FF-4BC4DDC04C96","IsDeleted":false,"IsACLProtected":false},{"Properties":{"domain":"NORTH.SEVENKINGDOMS.LOCAL","name":"SOM@NORTH.SEVENKINGDOMS.LOCAL","distinguishedname":"CN=SOM,CN=WMIPOLICY,CN=SYSTEM,DC=NORTH,DC=SEVENKINGDOMS,DC=LOCAL","domainsid":"S-1-5-21-1741091980-3075726550-22591605","highvalue":false},"ChildObjects":[],"Aces":[{"PrincipalSID":"S-1-5-21-1741091980-3075726550-22591605-512","PrincipalType":"Group","RightName":"Owns","IsInherited":false},{"PrincipalSID":"S-1-5-21-1741091980-3075726550-22591605-512","PrincipalType":"Group","RightName":"GenericAll","IsInherited":false},{"PrincipalSID":"S-1-5-21-3356225206-989342118-3217507422-519","PrincipalType":"Base","RightName":"GenericAll","IsInherited":false}],"ObjectIdentifier":"3DD5DB63-4353-4B49-A88C-4942AA71D79A","IsDeleted":false,"IsACLProtected":true},{"Properties":{"domain":"NORTH.SEVENKINGDOMS.LOCAL","name":"POLICYTEMPLATE@NORTH.SEVENKINGDOMS.LOCAL","distinguishedname":"CN=POLICYTEMPLATE,CN=WMIPOLICY,CN=SYSTEM,DC=NORTH,DC=SEVENKINGDOMS,DC=LOCAL","domainsid":"S-1-5-21-1741091980-3075726550-22591605","highvalue":false},"ChildObjects":[],"Aces":[{"PrincipalSID":"S-1-5-21-1741091980-3075726550-22591605-512","PrincipalType":"Group","RightName":"Owns","IsInherited":false},{"PrincipalSID":"S-1-5-21-1741091980-3075726550-22591605-512","PrincipalType":"Group","RightName":"WriteDacl","IsInherited":false},{"PrincipalSID":"S-1-5-21-1741091980-3075726550-22591605-512","PrincipalType":"Group","RightName":"WriteOwner","IsInherited":false},{"PrincipalSID":"S-1-5-21-3356225206-989342118-3217507422-519","PrincipalType":"Base","RightName":"GenericAll","IsInherited":true},{"PrincipalSID":"S-1-5-21-1741091980-3075726550-22591605-512","PrincipalType":"Group","RightName":"GenericAll","IsInherited":true}],"ObjectIdentifier":"806215B0-B14D-415D-9F66-A0EABB409ABE","IsDeleted":false,"IsACLProtected":false},{"Properties":{"domain":"NORTH.SEVENKINGDOMS.LOCAL","name":"WMIPOLICY@NORTH.SEVENKINGDOMS.LOCAL","distinguishedname":"CN=WMIPOLICY,CN=SYSTEM,DC=NORTH,DC=SEVENKINGDOMS,DC=LOCAL","domainsid":"S-1-5-21-1741091980-3075726550-22591605","highvalue":false},"ChildObjects":[],"Aces":[{"PrincipalSID":"S-1-5-21-1741091980-3075726550-22591605-512","PrincipalType":"Group","RightName":"Owns","IsInherited":false},{"PrincipalSID":"S-1-5-21-1741091980-3075726550-22591605-512","PrincipalType":"Group","RightName":"GenericAll","IsInherited":false},{"PrincipalSID":"S-1-5-21-3356225206-989342118-3217507422-519","PrincipalType":"Base","RightName":"GenericAll","IsInherited":false}],"ObjectIdentifier":"E1AFC3BF-B7B7-4B88-B942-4D2992508A90","IsDeleted":false,"IsACLProtected":true},{"Properties":{"domain":"NORTH.SEVENKINGDOMS.LOCAL","name":"USERS@NORTH.SEVENKINGDOMS.LOCAL","distinguishedname":"CN=USERS,DC=NORTH,DC=SEVENKINGDOMS,DC=LOCAL","domainsid":"S-1-5-21-1741091980-3075726550-22591605","highvalue":false},"ChildObjects":[{"ObjectIdentifier":"S-1-5-21-1741091980-3075726550-22591605-1109","ObjectType":"Group"},{"ObjectIdentifier":"S-1-5-21-1741091980-3075726550-22591605-500","ObjectType":"User"},{"ObjectIdentifier":"S-1-5-21-1741091980-3075726550-22591605-571","ObjectType":"Group"},{"ObjectIdentifier":"S-1-5-21-1741091980-3075726550-22591605-1110","ObjectType":"User"},{"ObjectIdentifier":"S-1-5-21-1741091980-3075726550-22591605-1115","ObjectType":"User"},{"ObjectIdentifier":"S-1-5-21-1741091980-3075726550-22591605-1112","ObjectType":"User"},{"ObjectIdentifier":"S-1-5-21-1741091980-3075726550-22591605-517","ObjectType":"Group"},{"ObjectIdentifier":"S-1-5-21-1741091980-3075726550-22591605-522","ObjectType":"Group"},{"ObjectIdentifier":"S-1-5-21-1741091980-3075726550-22591605-572","ObjectType":"Group"},{"ObjectIdentifier":"S-1-5-21-1741091980-3075726550-22591605-1102","ObjectType":"Group"},{"ObjectIdentifier":"S-1-5-21-1741091980-3075726550-22591605-1103","ObjectType":"Group"},{"ObjectIdentifier":"S-1-5-21-1741091980-3075726550-22591605-512","ObjectType":"Group"},{"ObjectIdentifier":"S-1-5-21-1741091980-3075726550-22591605-515","ObjectType":"Group"},{"ObjectIdentifier":"S-1-5-21-1741091980-3075726550-22591605-516","ObjectType":"Group"},{"ObjectIdentifier":"S-1-5-21-1741091980-3075726550-22591605-514","ObjectType":"Group"},{"ObjectIdentifier":"S-1-5-21-1741091980-3075726550-22591605-513","ObjectType":"Group"},{"ObjectIdentifier":"S-1-5-21-1741091980-3075726550-22591605-1111","ObjectType":"User"},{"ObjectIdentifier":"S-1-5-21-1741091980-3075726550-22591605-520","ObjectType":"Group"},{"ObjectIdentifier":"S-1-5-21-1741091980-3075726550-22591605-501","ObjectType":"User"},{"ObjectIdentifier":"S-1-5-21-1741091980-3075726550-22591605-1117","ObjectType":"User"},{"ObjectIdentifier":"S-1-5-21-1741091980-3075726550-22591605-1120","ObjectType":"User"},{"ObjectIdentifier":"S-1-5-21-1741091980-3075726550-22591605-1118","ObjectType":"User"},{"ObjectIdentifier":"S-1-5-21-1741091980-3075726550-22591605-526","ObjectType":"Group"},{"ObjectIdentifier":"S-1-5-21-1741091980-3075726550-22591605-502","ObjectType":"User"},{"ObjectIdentifier":"S-1-5-21-1741091980-3075726550-22591605-1108","ObjectType":"Group"},{"ObjectIdentifier":"S-1-5-21-1741091980-3075726550-22591605-1107","ObjectType":"Group"},{"ObjectIdentifier":"S-1-5-21-1741091980-3075726550-22591605-525","ObjectType":"Group"},{"ObjectIdentifier":"S-1-5-21-1741091980-3075726550-22591605-553","ObjectType":"Group"},{"ObjectIdentifier":"S-1-5-21-1741091980-3075726550-22591605-521","ObjectType":"Group"},{"ObjectIdentifier":"S-1-5-21-1741091980-3075726550-22591605-1116","ObjectType":"User"},{"ObjectIdentifier":"S-1-5-21-1741091980-3075726550-22591605-1113","ObjectType":"User"},{"ObjectIdentifier":"S-1-5-21-1741091980-3075726550-22591605-1119","ObjectType":"User"},{"ObjectIdentifier":"S-1-5-21-1741091980-3075726550-22591605-1114","ObjectType":"User"},{"ObjectIdentifier":"S-1-5-21-1741091980-3075726550-22591605-1121","ObjectType":"User"},{"ObjectIdentifier":"S-1-5-21-1741091980-3075726550-22591605-1106","ObjectType":"Group"},{"ObjectIdentifier":"S-1-5-21-1741091980-3075726550-22591605-1000","ObjectType":"User"}],"Aces":[{"PrincipalSID":"S-1-5-21-1741091980-3075726550-22591605-512","PrincipalType":"Group","RightName":"Owns","IsInherited":false},{"PrincipalSID":"S-1-5-21-1741091980-3075726550-22591605-512","PrincipalType":"Group","RightName":"WriteDacl","IsInherited":false},{"PrincipalSID":"S-1-5-21-1741091980-3075726550-22591605-512","PrincipalType":"Group","RightName":"WriteOwner","IsInherited":false},{"PrincipalSID":"S-1-5-21-3356225206-989342118-3217507422-519","PrincipalType":"Base","RightName":"GenericAll","IsInherited":true},{"PrincipalSID":"NORTH.SEVENKINGDOMS.LOCAL-S-1-5-32-544","PrincipalType":"Group","RightName":"WriteDacl","IsInherited":true},{"PrincipalSID":"NORTH.SEVENKINGDOMS.LOCAL-S-1-5-32-544","PrincipalType":"Group","RightName":"WriteOwner","IsInherited":true}],"ObjectIdentifier":"3E74A006-F830-4A60-8834-6E54EBD8A66A","IsDeleted":false,"IsACLProtected":false}],"meta":{"methods":29695,"type":"containers","count":21,"version":5}}