﻿{"data":[{"GPOChanges":{"LocalAdmins":[],"RemoteDesktopUsers":[],"DcomUsers":[],"PSRemoteUsers":[],"AffectedComputers":[{"ObjectIdentifier":"S-1-5-21-1741091980-3075726550-22591605-1001","ObjectType":"Computer"},{"ObjectIdentifier":"S-1-5-21-1741091980-3075726550-22591605-1104","ObjectType":"Computer"}]},"Properties":{"domain":"NORTH.SEVENKINGDOMS.LOCAL","name":"NORTH.SEVENKINGDOMS.LOCAL","distinguishedname":"DC=NORTH,DC=SEVENKINGDOMS,DC=LOCAL","domainsid":"S-1-5-21-1741091980-3075726550-22591605","highvalue":true,"description":null,"whencreated":1688586170,"functionallevel":"2016"},"ChildObjects":[{"ObjectIdentifier":"11058B63-ED55-43C9-95F9-F8734BCF7594","ObjectType":"Container"},{"ObjectIdentifier":"834A5D42-7B8B-4F49-A8B0-A661DD4076A7","ObjectType":"OU"},{"ObjectIdentifier":"D2DFD292-47C0-4A92-A084-E34454AD14C5","ObjectType":"Container"},{"ObjectIdentifier":"EDF85390-58DD-4BAF-8FED-C5CDD8E8CD4B","ObjectType":"OU"},{"ObjectIdentifier":"AA9C22FF-DFAE-4CC7-914E-9C069478F856","ObjectType":"Container"},{"ObjectIdentifier":"3E74A006-F830-4A60-8834-6E54EBD8A66A","ObjectType":"Container"}],"Trusts":[{"TargetDomainSid":"S-1-5-21-3356225206-989342118-3217507422","TargetDomainName":"SEVENKINGDOMS.LOCAL","IsTransitive":true,"SidFilteringEnabled":false,"TrustDirection":3,"TrustType":0}],"Links":[{"IsEnforced":false,"GUID":"74E65B61-06FE-4CC6-B941-940FD095C971"},{"IsEnforced":false,"GUID":"4BF269C1-CAAE-41C9-9494-964FB55E20D4"}],"Aces":[{"PrincipalSID":"NORTH.SEVENKINGDOMS.LOCAL-S-1-5-32-544","PrincipalType":"Group","RightName":"Owns","IsInherited":false},{"PrincipalSID":"NORTH.SEVENKINGDOMS.LOCAL-S-1-5-32-544","PrincipalType":"Group","RightName":"WriteDacl","IsInherited":false},{"PrincipalSID":"NORTH.SEVENKINGDOMS.LOCAL-S-1-5-32-544","PrincipalType":"Group","RightName":"WriteOwner","IsInherited":false},{"PrincipalSID":"NORTH.SEVENKINGDOMS.LOCAL-S-1-5-32-544","PrincipalType":"Group","RightName":"AllExtendedRights","IsInherited":false},{"PrincipalSID":"S-1-5-21-1741091980-3075726550-22591605-512","PrincipalType":"Group","RightName":"WriteDacl","IsInherited":false},{"PrincipalSID":"S-1-5-21-1741091980-3075726550-22591605-512","PrincipalType":"Group","RightName":"WriteOwner","IsInherited":false},{"PrincipalSID":"S-1-5-21-1741091980-3075726550-22591605-512","PrincipalType":"Group","RightName":"AllExtendedRights","IsInherited":false},{"PrincipalSID":"S-1-5-21-3356225206-989342118-3217507422-519","PrincipalType":"Group","RightName":"GenericAll","IsInherited":false},{"PrincipalSID":"SEVENKINGDOMS.LOCAL-S-1-5-9","PrincipalType":"Group","RightName":"GetChanges","IsInherited":false},{"PrincipalSID":"SEVENKINGDOMS.LOCAL-S-1-5-9","PrincipalType":"Group","RightName":"GetChangesInFilteredSet","IsInherited":false},{"PrincipalSID":"NORTH.SEVENKINGDOMS.LOCAL-S-1-5-32-544","PrincipalType":"Group","RightName":"GetChangesAll","IsInherited":false},{"PrincipalSID":"NORTH.SEVENKINGDOMS.LOCAL-S-1-5-32-544","PrincipalType":"Group","RightName":"GetChanges","IsInherited":false},{"PrincipalSID":"NORTH.SEVENKINGDOMS.LOCAL-S-1-5-32-544","PrincipalType":"Group","RightName":"GetChangesInFilteredSet","IsInherited":false},{"PrincipalSID":"S-1-5-21-1741091980-3075726550-22591605-516","PrincipalType":"Group","RightName":"GetChangesAll","IsInherited":false},{"PrincipalSID":"S-1-5-21-3356225206-989342118-3217507422-498","PrincipalType":"Group","RightName":"GetChanges","IsInherited":false}],"ObjectIdentifier":"S-1-5-21-1741091980-3075726550-22591605","IsDeleted":false,"IsACLProtected":false}],"meta":{"methods":29695,"type":"domains","count":1,"version":5}}