﻿{"data":[{"Properties":{"domain":"ESSOS.LOCAL","name":"REPLICATORS@ESSOS.LOCAL","distinguishedname":"CN=REPLICATOR,CN=BUILTIN,DC=ESSOS,DC=LOCAL","domainsid":"S-1-5-21-254479581-914559915-1075136021","highvalue":false,"samaccountname":"Replicator","description":"Supports file replication in a domain","whencreated":1688585320,"admincount":true},"Members":[],"Aces":[{"PrincipalSID":"S-1-5-21-254479581-914559915-1075136021-512","PrincipalType":"Group","RightName":"Owns","IsInherited":false},{"PrincipalSID":"ESSOS.LOCAL-S-1-5-32-544","PrincipalType":"Group","RightName":"WriteDacl","IsInherited":false},{"PrincipalSID":"ESSOS.LOCAL-S-1-5-32-544","PrincipalType":"Group","RightName":"WriteOwner","IsInherited":false},{"PrincipalSID":"ESSOS.LOCAL-S-1-5-32-544","PrincipalType":"Group","RightName":"GenericWrite","IsInherited":false},{"PrincipalSID":"S-1-5-21-254479581-914559915-1075136021-512","PrincipalType":"Group","RightName":"WriteDacl","IsInherited":false},{"PrincipalSID":"S-1-5-21-254479581-914559915-1075136021-512","PrincipalType":"Group","RightName":"WriteOwner","IsInherited":false},{"PrincipalSID":"S-1-5-21-254479581-914559915-1075136021-512","PrincipalType":"Group","RightName":"GenericWrite","IsInherited":false},{"PrincipalSID":"S-1-5-21-254479581-914559915-1075136021-519","PrincipalType":"Group","RightName":"WriteDacl","IsInherited":false},{"PrincipalSID":"S-1-5-21-254479581-914559915-1075136021-519","PrincipalType":"Group","RightName":"WriteOwner","IsInherited":false},{"PrincipalSID":"S-1-5-21-254479581-914559915-1075136021-519","PrincipalType":"Group","RightName":"GenericWrite","IsInherited":false}],"ObjectIdentifier":"ESSOS.LOCAL-S-1-5-32-552","IsDeleted":false,"IsACLProtected":true},{"Properties":{"domain":"ESSOS.LOCAL","name":"ALLOWED RODC PASSWORD REPLICATION GROUP@ESSOS.LOCAL","distinguishedname":"CN=ALLOWED RODC PASSWORD REPLICATION GROUP,CN=USERS,DC=ESSOS,DC=LOCAL","domainsid":"S-1-5-21-254479581-914559915-1075136021","highvalue":false,"samaccountname":"Allowed RODC Password Replication Group","description":"Members in this group can have their passwords replicated to all read-only domain controllers in the domain","whencreated":1688585636,"admincount":false},"Members":[],"Aces":[{"PrincipalSID":"S-1-5-21-254479581-914559915-1075136021-512","PrincipalType":"Group","RightName":"Owns","IsInherited":false},{"PrincipalSID":"ESSOS.LOCAL-S-1-5-32-548","PrincipalType":"Group","RightName":"GenericAll","IsInherited":false},{"PrincipalSID":"S-1-5-21-254479581-914559915-1075136021-512","PrincipalType":"Group","RightName":"GenericAll","IsInherited":false},{"PrincipalSID":"S-1-5-21-254479581-914559915-1075136021-519","PrincipalType":"Group","RightName":"GenericAll","IsInherited":true},{"PrincipalSID":"ESSOS.LOCAL-S-1-5-32-544","PrincipalType":"Group","RightName":"WriteDacl","IsInherited":true},{"PrincipalSID":"ESSOS.LOCAL-S-1-5-32-544","PrincipalType":"Group","RightName":"WriteOwner","IsInherited":true},{"PrincipalSID":"ESSOS.LOCAL-S-1-5-32-544","PrincipalType":"Group","RightName":"GenericWrite","IsInherited":true}],"ObjectIdentifier":"S-1-5-21-254479581-914559915-1075136021-571","IsDeleted":false,"IsACLProtected":false},{"Properties":{"domain":"ESSOS.LOCAL","name":"DRAGONSFRIENDS@ESSOS.LOCAL","distinguishedname":"CN=DRAGONSFRIENDS,CN=USERS,DC=ESSOS,DC=LOCAL","domainsid":"S-1-5-21-254479581-914559915-1075136021","highvalue":false,"samaccountname":"DragonsFriends","description":null,"whencreated":1688587790,"admincount":false},"Members":[{"ObjectIdentifier":"S-1-5-21-3356225206-989342118-3217507422-1116","ObjectType":"Base"},{"ObjectIdentifier":"S-1-5-21-254479581-914559915-1075136021-1110","ObjectType":"User"}],"Aces":[{"PrincipalSID":"S-1-5-21-254479581-914559915-1075136021-1000","PrincipalType":"User","RightName":"Owns","IsInherited":false},{"PrincipalSID":"ESSOS.LOCAL-S-1-5-32-548","PrincipalType":"Group","RightName":"GenericAll","IsInherited":false},{"PrincipalSID":"S-1-5-21-254479581-914559915-1075136021-512","PrincipalType":"Group","RightName":"GenericAll","IsInherited":false},{"PrincipalSID":"S-1-5-21-254479581-914559915-1075136021-519","PrincipalType":"Group","RightName":"GenericAll","IsInherited":true},{"PrincipalSID":"ESSOS.LOCAL-S-1-5-32-544","PrincipalType":"Group","RightName":"WriteDacl","IsInherited":true},{"PrincipalSID":"ESSOS.LOCAL-S-1-5-32-544","PrincipalType":"Group","RightName":"WriteOwner","IsInherited":true},{"PrincipalSID":"ESSOS.LOCAL-S-1-5-32-544","PrincipalType":"Group","RightName":"GenericWrite","IsInherited":true}],"ObjectIdentifier":"S-1-5-21-254479581-914559915-1075136021-1108","IsDeleted":false,"IsACLProtected":false},{"Properties":{"domain":"ESSOS.LOCAL","name":"SCHEMA ADMINS@ESSOS.LOCAL","distinguishedname":"CN=SCHEMA ADMINS,CN=USERS,DC=ESSOS,DC=LOCAL","domainsid":"S-1-5-21-254479581-914559915-1075136021","highvalue":false,"samaccountname":"Schema Admins","description":"Designated administrators of the schema","whencreated":1688585636,"admincount":true},"Members":[{"ObjectIdentifier":"S-1-5-21-254479581-914559915-1075136021-500","ObjectType":"User"}],"Aces":[{"PrincipalSID":"S-1-5-21-254479581-914559915-1075136021-512","PrincipalType":"Group","RightName":"Owns","IsInherited":false},{"PrincipalSID":"ESSOS.LOCAL-S-1-5-32-544","PrincipalType":"Group","RightName":"WriteDacl","IsInherited":false},{"PrincipalSID":"ESSOS.LOCAL-S-1-5-32-544","PrincipalType":"Group","RightName":"WriteOwner","IsInherited":false},{"PrincipalSID":"ESSOS.LOCAL-S-1-5-32-544","PrincipalType":"Group","RightName":"GenericWrite","IsInherited":false},{"PrincipalSID":"S-1-5-21-254479581-914559915-1075136021-512","PrincipalType":"Group","RightName":"WriteDacl","IsInherited":false},{"PrincipalSID":"S-1-5-21-254479581-914559915-1075136021-512","PrincipalType":"Group","RightName":"WriteOwner","IsInherited":false},{"PrincipalSID":"S-1-5-21-254479581-914559915-1075136021-512","PrincipalType":"Group","RightName":"GenericWrite","IsInherited":false},{"PrincipalSID":"S-1-5-21-254479581-914559915-1075136021-519","PrincipalType":"Group","RightName":"WriteDacl","IsInherited":false},{"PrincipalSID":"S-1-5-21-254479581-914559915-1075136021-519","PrincipalType":"Group","RightName":"WriteOwner","IsInherited":false},{"PrincipalSID":"S-1-5-21-254479581-914559915-1075136021-519","PrincipalType":"Group","RightName":"GenericWrite","IsInherited":false}],"ObjectIdentifier":"S-1-5-21-254479581-914559915-1075136021-518","IsDeleted":false,"IsACLProtected":true},{"Properties":{"domain":"ESSOS.LOCAL","name":"ENTERPRISE ADMINS@ESSOS.LOCAL","distinguishedname":"CN=ENTERPRISE ADMINS,CN=USERS,DC=ESSOS,DC=LOCAL","domainsid":"S-1-5-21-254479581-914559915-1075136021","highvalue":true,"samaccountname":"Enterprise Admins","description":"Designated administrators of the enterprise","whencreated":1688585636,"admincount":true},"Members":[{"ObjectIdentifier":"S-1-5-21-254479581-914559915-1075136021-500","ObjectType":"User"}],"Aces":[{"PrincipalSID":"S-1-5-21-254479581-914559915-1075136021-512","PrincipalType":"Group","RightName":"Owns","IsInherited":false},{"PrincipalSID":"ESSOS.LOCAL-S-1-5-32-544","PrincipalType":"Group","RightName":"WriteDacl","IsInherited":false},{"PrincipalSID":"ESSOS.LOCAL-S-1-5-32-544","PrincipalType":"Group","RightName":"WriteOwner","IsInherited":false},{"PrincipalSID":"ESSOS.LOCAL-S-1-5-32-544","PrincipalType":"Group","RightName":"GenericWrite","IsInherited":false},{"PrincipalSID":"S-1-5-21-254479581-914559915-1075136021-512","PrincipalType":"Group","RightName":"WriteDacl","IsInherited":false},{"PrincipalSID":"S-1-5-21-254479581-914559915-1075136021-512","PrincipalType":"Group","RightName":"WriteOwner","IsInherited":false},{"PrincipalSID":"S-1-5-21-254479581-914559915-1075136021-512","PrincipalType":"Group","RightName":"GenericWrite","IsInherited":false},{"PrincipalSID":"S-1-5-21-254479581-914559915-1075136021-519","PrincipalType":"Group","RightName":"WriteDacl","IsInherited":false},{"PrincipalSID":"S-1-5-21-254479581-914559915-1075136021-519","PrincipalType":"Group","RightName":"WriteOwner","IsInherited":false},{"PrincipalSID":"S-1-5-21-254479581-914559915-1075136021-519","PrincipalType":"Group","RightName":"GenericWrite","IsInherited":false}],"ObjectIdentifier":"S-1-5-21-254479581-914559915-1075136021-519","IsDeleted":false,"IsACLProtected":true},{"Properties":{"domain":"ESSOS.LOCAL","name":"PRINT OPERATORS@ESSOS.LOCAL","distinguishedname":"CN=PRINT OPERATORS,CN=BUILTIN,DC=ESSOS,DC=LOCAL","domainsid":"S-1-5-21-254479581-914559915-1075136021","highvalue":true,"samaccountname":"Print Operators","description":"Members can administer printers installed on domain controllers","whencreated":1688585320,"admincount":true},"Members":[],"Aces":[{"PrincipalSID":"S-1-5-21-254479581-914559915-1075136021-512","PrincipalType":"Group","RightName":"Owns","IsInherited":false},{"PrincipalSID":"ESSOS.LOCAL-S-1-5-32-544","PrincipalType":"Group","RightName":"WriteDacl","IsInherited":false},{"PrincipalSID":"ESSOS.LOCAL-S-1-5-32-544","PrincipalType":"Group","RightName":"WriteOwner","IsInherited":false},{"PrincipalSID":"ESSOS.LOCAL-S-1-5-32-544","PrincipalType":"Group","RightName":"GenericWrite","IsInherited":false},{"PrincipalSID":"S-1-5-21-254479581-914559915-1075136021-512","PrincipalType":"Group","RightName":"WriteDacl","IsInherited":false},{"PrincipalSID":"S-1-5-21-254479581-914559915-1075136021-512","PrincipalType":"Group","RightName":"WriteOwner","IsInherited":false},{"PrincipalSID":"S-1-5-21-254479581-914559915-1075136021-512","PrincipalType":"Group","RightName":"GenericWrite","IsInherited":false},{"PrincipalSID":"S-1-5-21-254479581-914559915-1075136021-519","PrincipalType":"Group","RightName":"WriteDacl","IsInherited":false},{"PrincipalSID":"S-1-5-21-254479581-914559915-1075136021-519","PrincipalType":"Group","RightName":"WriteOwner","IsInherited":false},{"PrincipalSID":"S-1-5-21-254479581-914559915-1075136021-519","PrincipalType":"Group","RightName":"GenericWrite","IsInherited":false}],"ObjectIdentifier":"ESSOS.LOCAL-S-1-5-32-550","IsDeleted":false,"IsACLProtected":true},{"Properties":{"domain":"ESSOS.LOCAL","name":"DOMAIN ADMINS@ESSOS.LOCAL","distinguishedname":"CN=DOMAIN ADMINS,CN=USERS,DC=ESSOS,DC=LOCAL","domainsid":"S-1-5-21-254479581-914559915-1075136021","highvalue":true,"samaccountname":"Domain Admins","description":"Designated administrators of the domain","whencreated":1688585636,"admincount":true},"Members":[{"ObjectIdentifier":"S-1-5-21-254479581-914559915-1075136021-1110","ObjectType":"Base"},{"ObjectIdentifier":"S-1-5-21-254479581-914559915-1075136021-500","ObjectType":"User"}],"Aces":[{"PrincipalSID":"S-1-5-21-254479581-914559915-1075136021-512","PrincipalType":"Group","RightName":"Owns","IsInherited":false},{"PrincipalSID":"ESSOS.LOCAL-S-1-5-32-544","PrincipalType":"Group","RightName":"WriteDacl","IsInherited":false},{"PrincipalSID":"ESSOS.LOCAL-S-1-5-32-544","PrincipalType":"Group","RightName":"WriteOwner","IsInherited":false},{"PrincipalSID":"ESSOS.LOCAL-S-1-5-32-544","PrincipalType":"Group","RightName":"GenericWrite","IsInherited":false},{"PrincipalSID":"S-1-5-21-254479581-914559915-1075136021-512","PrincipalType":"Group","RightName":"WriteDacl","IsInherited":false},{"PrincipalSID":"S-1-5-21-254479581-914559915-1075136021-512","PrincipalType":"Group","RightName":"WriteOwner","IsInherited":false},{"PrincipalSID":"S-1-5-21-254479581-914559915-1075136021-512","PrincipalType":"Group","RightName":"GenericWrite","IsInherited":false},{"PrincipalSID":"S-1-5-21-254479581-914559915-1075136021-519","PrincipalType":"Group","RightName":"WriteDacl","IsInherited":false},{"PrincipalSID":"S-1-5-21-254479581-914559915-1075136021-519","PrincipalType":"Group","RightName":"WriteOwner","IsInherited":false},{"PrincipalSID":"S-1-5-21-254479581-914559915-1075136021-519","PrincipalType":"Group","RightName":"GenericWrite","IsInherited":false}],"ObjectIdentifier":"S-1-5-21-254479581-914559915-1075136021-512","IsDeleted":false,"IsACLProtected":true},{"Properties":{"domain":"ESSOS.LOCAL","name":"ADMINISTRATORS@ESSOS.LOCAL","distinguishedname":"CN=ADMINISTRATORS,CN=BUILTIN,DC=ESSOS,DC=LOCAL","domainsid":"S-1-5-21-254479581-914559915-1075136021","highvalue":true,"samaccountname":"Administrators","description":"Administrators have complete and unrestricted access to the computer/domain","whencreated":1688585320,"admincount":true},"Members":[{"ObjectIdentifier":"S-1-5-21-254479581-914559915-1075136021-1115","ObjectType":"User"},{"ObjectIdentifier":"S-1-5-21-254479581-914559915-1075136021-1110","ObjectType":"Base"},{"ObjectIdentifier":"S-1-5-21-254479581-914559915-1075136021-512","ObjectType":"Group"},{"ObjectIdentifier":"S-1-5-21-254479581-914559915-1075136021-519","ObjectType":"Group"},{"ObjectIdentifier":"S-1-5-21-254479581-914559915-1075136021-1000","ObjectType":"User"},{"ObjectIdentifier":"S-1-5-21-254479581-914559915-1075136021-500","ObjectType":"User"}],"Aces":[{"PrincipalSID":"S-1-5-21-254479581-914559915-1075136021-512","PrincipalType":"Group","RightName":"Owns","IsInherited":false},{"PrincipalSID":"ESSOS.LOCAL-S-1-5-32-544","PrincipalType":"Group","RightName":"WriteDacl","IsInherited":false},{"PrincipalSID":"ESSOS.LOCAL-S-1-5-32-544","PrincipalType":"Group","RightName":"WriteOwner","IsInherited":false},{"PrincipalSID":"ESSOS.LOCAL-S-1-5-32-544","PrincipalType":"Group","RightName":"GenericWrite","IsInherited":false},{"PrincipalSID":"S-1-5-21-254479581-914559915-1075136021-512","PrincipalType":"Group","RightName":"WriteDacl","IsInherited":false},{"PrincipalSID":"S-1-5-21-254479581-914559915-1075136021-512","PrincipalType":"Group","RightName":"WriteOwner","IsInherited":false},{"PrincipalSID":"S-1-5-21-254479581-914559915-1075136021-512","PrincipalType":"Group","RightName":"GenericWrite","IsInherited":false},{"PrincipalSID":"S-1-5-21-254479581-914559915-1075136021-519","PrincipalType":"Group","RightName":"WriteDacl","IsInherited":false},{"PrincipalSID":"S-1-5-21-254479581-914559915-1075136021-519","PrincipalType":"Group","RightName":"WriteOwner","IsInherited":false},{"PrincipalSID":"S-1-5-21-254479581-914559915-1075136021-519","PrincipalType":"Group","RightName":"GenericWrite","IsInherited":false}],"ObjectIdentifier":"ESSOS.LOCAL-S-1-5-32-544","IsDeleted":false,"IsACLProtected":true},{"Properties":{"domain":"ESSOS.LOCAL","name":"GROUP POLICY CREATOR OWNERS@ESSOS.LOCAL","distinguishedname":"CN=GROUP POLICY CREATOR OWNERS,CN=USERS,DC=ESSOS,DC=LOCAL","domainsid":"S-1-5-21-254479581-914559915-1075136021","highvalue":false,"samaccountname":"Group Policy Creator Owners","description":"Members in this group can modify group policy for the domain","whencreated":1688585636,"admincount":false},"Members":[{"ObjectIdentifier":"S-1-5-21-254479581-914559915-1075136021-500","ObjectType":"User"}],"Aces":[{"PrincipalSID":"S-1-5-21-254479581-914559915-1075136021-512","PrincipalType":"Group","RightName":"Owns","IsInherited":false},{"PrincipalSID":"ESSOS.LOCAL-S-1-5-32-548","PrincipalType":"Group","RightName":"GenericAll","IsInherited":false},{"PrincipalSID":"S-1-5-21-254479581-914559915-1075136021-512","PrincipalType":"Group","RightName":"GenericAll","IsInherited":false},{"PrincipalSID":"S-1-5-21-254479581-914559915-1075136021-519","PrincipalType":"Group","RightName":"GenericAll","IsInherited":true},{"PrincipalSID":"ESSOS.LOCAL-S-1-5-32-544","PrincipalType":"Group","RightName":"WriteDacl","IsInherited":true},{"PrincipalSID":"ESSOS.LOCAL-S-1-5-32-544","PrincipalType":"Group","RightName":"WriteOwner","IsInherited":true},{"PrincipalSID":"ESSOS.LOCAL-S-1-5-32-544","PrincipalType":"Group","RightName":"GenericWrite","IsInherited":true}],"ObjectIdentifier":"S-1-5-21-254479581-914559915-1075136021-520","IsDeleted":false,"IsACLProtected":false},{"Properties":{"domain":"ESSOS.LOCAL","name":"DOMAIN USERS@ESSOS.LOCAL","distinguishedname":"CN=DOMAIN USERS,CN=USERS,DC=ESSOS,DC=LOCAL","domainsid":"S-1-5-21-254479581-914559915-1075136021","highvalue":false,"samaccountname":"Domain Users","description":"All domain users","whencreated":1688585636,"admincount":false},"Members":[],"Aces":[{"PrincipalSID":"S-1-5-21-254479581-914559915-1075136021-512","PrincipalType":"Group","RightName":"Owns","IsInherited":false},{"PrincipalSID":"ESSOS.LOCAL-S-1-5-32-548","PrincipalType":"Group","RightName":"GenericAll","IsInherited":false},{"PrincipalSID":"S-1-5-21-254479581-914559915-1075136021-512","PrincipalType":"Group","RightName":"GenericAll","IsInherited":false},{"PrincipalSID":"S-1-5-21-254479581-914559915-1075136021-519","PrincipalType":"Group","RightName":"GenericAll","IsInherited":true},{"PrincipalSID":"ESSOS.LOCAL-S-1-5-32-544","PrincipalType":"Group","RightName":"WriteDacl","IsInherited":true},{"PrincipalSID":"ESSOS.LOCAL-S-1-5-32-544","PrincipalType":"Group","RightName":"WriteOwner","IsInherited":true},{"PrincipalSID":"ESSOS.LOCAL-S-1-5-32-544","PrincipalType":"Group","RightName":"GenericWrite","IsInherited":true}],"ObjectIdentifier":"S-1-5-21-254479581-914559915-1075136021-513","IsDeleted":false,"IsACLProtected":false},{"Properties":{"domain":"ESSOS.LOCAL","name":"DOMAIN CONTROLLERS@ESSOS.LOCAL","distinguishedname":"CN=DOMAIN CONTROLLERS,CN=USERS,DC=ESSOS,DC=LOCAL","domainsid":"S-1-5-21-254479581-914559915-1075136021","highvalue":true,"samaccountname":"Domain Controllers","description":"All domain controllers in the domain","whencreated":1688585636,"admincount":true},"Members":[],"Aces":[{"PrincipalSID":"S-1-5-21-254479581-914559915-1075136021-512","PrincipalType":"Group","RightName":"Owns","IsInherited":false},{"PrincipalSID":"ESSOS.LOCAL-S-1-5-32-544","PrincipalType":"Group","RightName":"WriteDacl","IsInherited":false},{"PrincipalSID":"ESSOS.LOCAL-S-1-5-32-544","PrincipalType":"Group","RightName":"WriteOwner","IsInherited":false},{"PrincipalSID":"ESSOS.LOCAL-S-1-5-32-544","PrincipalType":"Group","RightName":"GenericWrite","IsInherited":false},{"PrincipalSID":"S-1-5-21-254479581-914559915-1075136021-512","PrincipalType":"Group","RightName":"WriteDacl","IsInherited":false},{"PrincipalSID":"S-1-5-21-254479581-914559915-1075136021-512","PrincipalType":"Group","RightName":"WriteOwner","IsInherited":false},{"PrincipalSID":"S-1-5-21-254479581-914559915-1075136021-512","PrincipalType":"Group","RightName":"GenericWrite","IsInherited":false},{"PrincipalSID":"S-1-5-21-254479581-914559915-1075136021-519","PrincipalType":"Group","RightName":"WriteDacl","IsInherited":false},{"PrincipalSID":"S-1-5-21-254479581-914559915-1075136021-519","PrincipalType":"Group","RightName":"WriteOwner","IsInherited":false},{"PrincipalSID":"S-1-5-21-254479581-914559915-1075136021-519","PrincipalType":"Group","RightName":"GenericWrite","IsInherited":false}],"ObjectIdentifier":"S-1-5-21-254479581-914559915-1075136021-516","IsDeleted":false,"IsACLProtected":true},{"Properties":{"domain":"ESSOS.LOCAL","name":"PROTECTED USERS@ESSOS.LOCAL","distinguishedname":"CN=PROTECTED USERS,CN=USERS,DC=ESSOS,DC=LOCAL","domainsid":"S-1-5-21-254479581-914559915-1075136021","highvalue":false,"samaccountname":"Protected Users","description":"Members of this group are afforded additional protections against authentication security threats. See http://go.microsoft.com/fwlink/?LinkId=298939 for more information.","whencreated":1688585636,"admincount":false},"Members":[],"Aces":[{"PrincipalSID":"S-1-5-21-254479581-914559915-1075136021-512","PrincipalType":"Group","RightName":"Owns","IsInherited":false},{"PrincipalSID":"ESSOS.LOCAL-S-1-5-32-548","PrincipalType":"Group","RightName":"GenericAll","IsInherited":false},{"PrincipalSID":"S-1-5-21-254479581-914559915-1075136021-512","PrincipalType":"Group","RightName":"GenericAll","IsInherited":false},{"PrincipalSID":"S-1-5-21-254479581-914559915-1075136021-519","PrincipalType":"Group","RightName":"GenericAll","IsInherited":true},{"PrincipalSID":"ESSOS.LOCAL-S-1-5-32-544","PrincipalType":"Group","RightName":"WriteDacl","IsInherited":true},{"PrincipalSID":"ESSOS.LOCAL-S-1-5-32-544","PrincipalType":"Group","RightName":"WriteOwner","IsInherited":true},{"PrincipalSID":"ESSOS.LOCAL-S-1-5-32-544","PrincipalType":"Group","RightName":"GenericWrite","IsInherited":true}],"ObjectIdentifier":"S-1-5-21-254479581-914559915-1075136021-525","IsDeleted":false,"IsACLProtected":false},{"Properties":{"domain":"ESSOS.LOCAL","name":"SPYS@ESSOS.LOCAL","distinguishedname":"CN=SPYS,CN=USERS,DC=ESSOS,DC=LOCAL","domainsid":"S-1-5-21-254479581-914559915-1075136021","highvalue":false,"samaccountname":"Spys","description":null,"whencreated":1688587791,"admincount":false},"Members":[{"ObjectIdentifier":"S-1-5-21-3356225206-989342118-3217507422-1108","ObjectType":"Base"}],"Aces":[{"PrincipalSID":"S-1-5-21-254479581-914559915-1075136021-1000","PrincipalType":"User","RightName":"Owns","IsInherited":false},{"PrincipalSID":"ESSOS.LOCAL-S-1-5-32-548","PrincipalType":"Group","RightName":"GenericAll","IsInherited":false},{"PrincipalSID":"S-1-5-21-254479581-914559915-1075136021-512","PrincipalType":"Group","RightName":"GenericAll","IsInherited":false},{"PrincipalSID":"S-1-5-21-254479581-914559915-1075136021-519","PrincipalType":"Group","RightName":"GenericAll","IsInherited":true},{"PrincipalSID":"ESSOS.LOCAL-S-1-5-32-544","PrincipalType":"Group","RightName":"WriteDacl","IsInherited":true},{"PrincipalSID":"ESSOS.LOCAL-S-1-5-32-544","PrincipalType":"Group","RightName":"WriteOwner","IsInherited":true},{"PrincipalSID":"ESSOS.LOCAL-S-1-5-32-544","PrincipalType":"Group","RightName":"GenericWrite","IsInherited":true}],"ObjectIdentifier":"S-1-5-21-254479581-914559915-1075136021-1109","IsDeleted":false,"IsACLProtected":false},{"Properties":{"domain":"ESSOS.LOCAL","name":"KEY ADMINS@ESSOS.LOCAL","distinguishedname":"CN=KEY ADMINS,CN=USERS,DC=ESSOS,DC=LOCAL","domainsid":"S-1-5-21-254479581-914559915-1075136021","highvalue":false,"samaccountname":"Key Admins","description":"Members of this group can perform administrative actions on key objects within the domain.","whencreated":1688585636,"admincount":false},"Members":[],"Aces":[{"PrincipalSID":"S-1-5-21-254479581-914559915-1075136021-512","PrincipalType":"Group","RightName":"Owns","IsInherited":false},{"PrincipalSID":"ESSOS.LOCAL-S-1-5-32-548","PrincipalType":"Group","RightName":"GenericAll","IsInherited":false},{"PrincipalSID":"S-1-5-21-254479581-914559915-1075136021-512","PrincipalType":"Group","RightName":"GenericAll","IsInherited":false},{"PrincipalSID":"S-1-5-21-254479581-914559915-1075136021-519","PrincipalType":"Group","RightName":"GenericAll","IsInherited":true},{"PrincipalSID":"ESSOS.LOCAL-S-1-5-32-544","PrincipalType":"Group","RightName":"WriteDacl","IsInherited":true},{"PrincipalSID":"ESSOS.LOCAL-S-1-5-32-544","PrincipalType":"Group","RightName":"WriteOwner","IsInherited":true},{"PrincipalSID":"ESSOS.LOCAL-S-1-5-32-544","PrincipalType":"Group","RightName":"GenericWrite","IsInherited":true}],"ObjectIdentifier":"S-1-5-21-254479581-914559915-1075136021-526","IsDeleted":false,"IsACLProtected":false},{"Properties":{"domain":"ESSOS.LOCAL","name":"SERVER OPERATORS@ESSOS.LOCAL","distinguishedname":"CN=SERVER OPERATORS,CN=BUILTIN,DC=ESSOS,DC=LOCAL","domainsid":"S-1-5-21-254479581-914559915-1075136021","highvalue":true,"samaccountname":"Server Operators","description":"Members can administer domain servers","whencreated":1688585636,"admincount":true},"Members":[],"Aces":[{"PrincipalSID":"S-1-5-21-254479581-914559915-1075136021-512","PrincipalType":"Group","RightName":"Owns","IsInherited":false},{"PrincipalSID":"ESSOS.LOCAL-S-1-5-32-544","PrincipalType":"Group","RightName":"WriteDacl","IsInherited":false},{"PrincipalSID":"ESSOS.LOCAL-S-1-5-32-544","PrincipalType":"Group","RightName":"WriteOwner","IsInherited":false},{"PrincipalSID":"ESSOS.LOCAL-S-1-5-32-544","PrincipalType":"Group","RightName":"GenericWrite","IsInherited":false},{"PrincipalSID":"S-1-5-21-254479581-914559915-1075136021-512","PrincipalType":"Group","RightName":"WriteDacl","IsInherited":false},{"PrincipalSID":"S-1-5-21-254479581-914559915-1075136021-512","PrincipalType":"Group","RightName":"WriteOwner","IsInherited":false},{"PrincipalSID":"S-1-5-21-254479581-914559915-1075136021-512","PrincipalType":"Group","RightName":"GenericWrite","IsInherited":false},{"PrincipalSID":"S-1-5-21-254479581-914559915-1075136021-519","PrincipalType":"Group","RightName":"WriteDacl","IsInherited":false},{"PrincipalSID":"S-1-5-21-254479581-914559915-1075136021-519","PrincipalType":"Group","RightName":"WriteOwner","IsInherited":false},{"PrincipalSID":"S-1-5-21-254479581-914559915-1075136021-519","PrincipalType":"Group","RightName":"GenericWrite","IsInherited":false}],"ObjectIdentifier":"ESSOS.LOCAL-S-1-5-32-549","IsDeleted":false,"IsACLProtected":true},{"Properties":{"domain":"ESSOS.LOCAL","name":"PERFORMANCE LOG USERS@ESSOS.LOCAL","distinguishedname":"CN=PERFORMANCE LOG USERS,CN=BUILTIN,DC=ESSOS,DC=LOCAL","domainsid":"S-1-5-21-254479581-914559915-1075136021","highvalue":false,"samaccountname":"Performance Log Users","description":"Members of this group may schedule logging of performance counters, enable trace providers, and collect event traces both locally and via remote access to this computer","whencreated":1688585320,"admincount":false},"Members":[],"Aces":[{"PrincipalSID":"ESSOS.LOCAL-S-1-5-32-544","PrincipalType":"Group","RightName":"Owns","IsInherited":false},{"PrincipalSID":"ESSOS.LOCAL-S-1-5-32-548","PrincipalType":"Group","RightName":"GenericAll","IsInherited":false},{"PrincipalSID":"S-1-5-21-254479581-914559915-1075136021-512","PrincipalType":"Group","RightName":"GenericAll","IsInherited":false},{"PrincipalSID":"S-1-5-21-254479581-914559915-1075136021-519","PrincipalType":"Group","RightName":"GenericAll","IsInherited":true},{"PrincipalSID":"ESSOS.LOCAL-S-1-5-32-544","PrincipalType":"Group","RightName":"WriteDacl","IsInherited":true},{"PrincipalSID":"ESSOS.LOCAL-S-1-5-32-544","PrincipalType":"Group","RightName":"WriteOwner","IsInherited":true},{"PrincipalSID":"ESSOS.LOCAL-S-1-5-32-544","PrincipalType":"Group","RightName":"GenericWrite","IsInherited":true}],"ObjectIdentifier":"ESSOS.LOCAL-S-1-5-32-559","IsDeleted":false,"IsACLProtected":false},{"Properties":{"domain":"ESSOS.LOCAL","name":"DOMAIN COMPUTERS@ESSOS.LOCAL","distinguishedname":"CN=DOMAIN COMPUTERS,CN=USERS,DC=ESSOS,DC=LOCAL","domainsid":"S-1-5-21-254479581-914559915-1075136021","highvalue":false,"samaccountname":"Domain Computers","description":"All workstations and servers joined to the domain","whencreated":1688585636,"admincount":false},"Members":[],"Aces":[{"PrincipalSID":"S-1-5-21-254479581-914559915-1075136021-512","PrincipalType":"Group","RightName":"Owns","IsInherited":false},{"PrincipalSID":"ESSOS.LOCAL-S-1-5-32-548","PrincipalType":"Group","RightName":"GenericAll","IsInherited":false},{"PrincipalSID":"S-1-5-21-254479581-914559915-1075136021-512","PrincipalType":"Group","RightName":"GenericAll","IsInherited":false},{"PrincipalSID":"S-1-5-21-254479581-914559915-1075136021-519","PrincipalType":"Group","RightName":"GenericAll","IsInherited":true},{"PrincipalSID":"ESSOS.LOCAL-S-1-5-32-544","PrincipalType":"Group","RightName":"WriteDacl","IsInherited":true},{"PrincipalSID":"ESSOS.LOCAL-S-1-5-32-544","PrincipalType":"Group","RightName":"WriteOwner","IsInherited":true},{"PrincipalSID":"ESSOS.LOCAL-S-1-5-32-544","PrincipalType":"Group","RightName":"GenericWrite","IsInherited":true}],"ObjectIdentifier":"S-1-5-21-254479581-914559915-1075136021-515","IsDeleted":false,"IsACLProtected":false},{"Properties":{"domain":"ESSOS.LOCAL","name":"SYSTEM MANAGED ACCOUNTS GROUP@ESSOS.LOCAL","distinguishedname":"CN=SYSTEM MANAGED ACCOUNTS GROUP,CN=BUILTIN,DC=ESSOS,DC=LOCAL","domainsid":"S-1-5-21-254479581-914559915-1075136021","highvalue":false,"samaccountname":"System Managed Accounts Group","description":"Members of this group are managed by the system.","whencreated":1688585320,"admincount":false},"Members":[{"ObjectIdentifier":"S-1-5-21-254479581-914559915-1075136021-503","ObjectType":"User"}],"Aces":[{"PrincipalSID":"ESSOS.LOCAL-S-1-5-32-544","PrincipalType":"Group","RightName":"Owns","IsInherited":false},{"PrincipalSID":"ESSOS.LOCAL-S-1-5-32-548","PrincipalType":"Group","RightName":"GenericAll","IsInherited":false},{"PrincipalSID":"S-1-5-21-254479581-914559915-1075136021-512","PrincipalType":"Group","RightName":"GenericAll","IsInherited":false},{"PrincipalSID":"S-1-5-21-254479581-914559915-1075136021-519","PrincipalType":"Group","RightName":"GenericAll","IsInherited":true},{"PrincipalSID":"ESSOS.LOCAL-S-1-5-32-544","PrincipalType":"Group","RightName":"WriteDacl","IsInherited":true},{"PrincipalSID":"ESSOS.LOCAL-S-1-5-32-544","PrincipalType":"Group","RightName":"WriteOwner","IsInherited":true},{"PrincipalSID":"ESSOS.LOCAL-S-1-5-32-544","PrincipalType":"Group","RightName":"GenericWrite","IsInherited":true}],"ObjectIdentifier":"ESSOS.LOCAL-S-1-5-32-581","IsDeleted":false,"IsACLProtected":false},{"Properties":{"domain":"ESSOS.LOCAL","name":"DISTRIBUTED COM USERS@ESSOS.LOCAL","distinguishedname":"CN=DISTRIBUTED COM USERS,CN=BUILTIN,DC=ESSOS,DC=LOCAL","domainsid":"S-1-5-21-254479581-914559915-1075136021","highvalue":false,"samaccountname":"Distributed COM Users","description":"Members are allowed to launch, activate and use Distributed COM objects on this machine.","whencreated":1688585320,"admincount":false},"Members":[],"Aces":[{"PrincipalSID":"ESSOS.LOCAL-S-1-5-32-544","PrincipalType":"Group","RightName":"Owns","IsInherited":false},{"PrincipalSID":"ESSOS.LOCAL-S-1-5-32-548","PrincipalType":"Group","RightName":"GenericAll","IsInherited":false},{"PrincipalSID":"S-1-5-21-254479581-914559915-1075136021-512","PrincipalType":"Group","RightName":"GenericAll","IsInherited":false},{"PrincipalSID":"S-1-5-21-254479581-914559915-1075136021-519","PrincipalType":"Group","RightName":"GenericAll","IsInherited":true},{"PrincipalSID":"ESSOS.LOCAL-S-1-5-32-544","PrincipalType":"Group","RightName":"WriteDacl","IsInherited":true},{"PrincipalSID":"ESSOS.LOCAL-S-1-5-32-544","PrincipalType":"Group","RightName":"WriteOwner","IsInherited":true},{"PrincipalSID":"ESSOS.LOCAL-S-1-5-32-544","PrincipalType":"Group","RightName":"GenericWrite","IsInherited":true}],"ObjectIdentifier":"ESSOS.LOCAL-S-1-5-32-562","IsDeleted":false,"IsACLProtected":false},{"Properties":{"domain":"ESSOS.LOCAL","name":"REMOTE DESKTOP USERS@ESSOS.LOCAL","distinguishedname":"CN=REMOTE DESKTOP USERS,CN=BUILTIN,DC=ESSOS,DC=LOCAL","domainsid":"S-1-5-21-254479581-914559915-1075136021","highvalue":false,"samaccountname":"Remote Desktop Users","description":"Members in this group are granted the right to logon remotely","whencreated":1688585320,"admincount":false},"Members":[{"ObjectIdentifier":"S-1-5-21-254479581-914559915-1075136021-1106","ObjectType":"Group"}],"Aces":[{"PrincipalSID":"ESSOS.LOCAL-S-1-5-32-544","PrincipalType":"Group","RightName":"Owns","IsInherited":false},{"PrincipalSID":"ESSOS.LOCAL-S-1-5-32-548","PrincipalType":"Group","RightName":"GenericAll","IsInherited":false},{"PrincipalSID":"S-1-5-21-254479581-914559915-1075136021-512","PrincipalType":"Group","RightName":"GenericAll","IsInherited":false},{"PrincipalSID":"S-1-5-21-254479581-914559915-1075136021-519","PrincipalType":"Group","RightName":"GenericAll","IsInherited":true},{"PrincipalSID":"ESSOS.LOCAL-S-1-5-32-544","PrincipalType":"Group","RightName":"WriteDacl","IsInherited":true},{"PrincipalSID":"ESSOS.LOCAL-S-1-5-32-544","PrincipalType":"Group","RightName":"WriteOwner","IsInherited":true},{"PrincipalSID":"ESSOS.LOCAL-S-1-5-32-544","PrincipalType":"Group","RightName":"GenericWrite","IsInherited":true}],"ObjectIdentifier":"ESSOS.LOCAL-S-1-5-32-555","IsDeleted":false,"IsACLProtected":false},{"Properties":{"domain":"ESSOS.LOCAL","name":"ACCOUNT OPERATORS@ESSOS.LOCAL","distinguishedname":"CN=ACCOUNT OPERATORS,CN=BUILTIN,DC=ESSOS,DC=LOCAL","domainsid":"S-1-5-21-254479581-914559915-1075136021","highvalue":true,"samaccountname":"Account Operators","description":"Members can administer domain user and group accounts","whencreated":1688585636,"admincount":true},"Members":[],"Aces":[{"PrincipalSID":"S-1-5-21-254479581-914559915-1075136021-512","PrincipalType":"Group","RightName":"Owns","IsInherited":false},{"PrincipalSID":"ESSOS.LOCAL-S-1-5-32-544","PrincipalType":"Group","RightName":"WriteDacl","IsInherited":false},{"PrincipalSID":"ESSOS.LOCAL-S-1-5-32-544","PrincipalType":"Group","RightName":"WriteOwner","IsInherited":false},{"PrincipalSID":"ESSOS.LOCAL-S-1-5-32-544","PrincipalType":"Group","RightName":"GenericWrite","IsInherited":false},{"PrincipalSID":"S-1-5-21-254479581-914559915-1075136021-512","PrincipalType":"Group","RightName":"WriteDacl","IsInherited":false},{"PrincipalSID":"S-1-5-21-254479581-914559915-1075136021-512","PrincipalType":"Group","RightName":"WriteOwner","IsInherited":false},{"PrincipalSID":"S-1-5-21-254479581-914559915-1075136021-512","PrincipalType":"Group","RightName":"GenericWrite","IsInherited":false},{"PrincipalSID":"S-1-5-21-254479581-914559915-1075136021-519","PrincipalType":"Group","RightName":"WriteDacl","IsInherited":false},{"PrincipalSID":"S-1-5-21-254479581-914559915-1075136021-519","PrincipalType":"Group","RightName":"WriteOwner","IsInherited":false},{"PrincipalSID":"S-1-5-21-254479581-914559915-1075136021-519","PrincipalType":"Group","RightName":"GenericWrite","IsInherited":false}],"ObjectIdentifier":"ESSOS.LOCAL-S-1-5-32-548","IsDeleted":false,"IsACLProtected":true},{"Properties":{"domain":"ESSOS.LOCAL","name":"DOMAIN GUESTS@ESSOS.LOCAL","distinguishedname":"CN=DOMAIN GUESTS,CN=USERS,DC=ESSOS,DC=LOCAL","domainsid":"S-1-5-21-254479581-914559915-1075136021","highvalue":false,"samaccountname":"Domain Guests","description":"All domain guests","whencreated":1688585636,"admincount":false},"Members":[],"Aces":[{"PrincipalSID":"S-1-5-21-254479581-914559915-1075136021-512","PrincipalType":"Group","RightName":"Owns","IsInherited":false},{"PrincipalSID":"ESSOS.LOCAL-S-1-5-32-548","PrincipalType":"Group","RightName":"GenericAll","IsInherited":false},{"PrincipalSID":"S-1-5-21-254479581-914559915-1075136021-512","PrincipalType":"Group","RightName":"GenericAll","IsInherited":false},{"PrincipalSID":"S-1-5-21-254479581-914559915-1075136021-519","PrincipalType":"Group","RightName":"GenericAll","IsInherited":true},{"PrincipalSID":"ESSOS.LOCAL-S-1-5-32-544","PrincipalType":"Group","RightName":"WriteDacl","IsInherited":true},{"PrincipalSID":"ESSOS.LOCAL-S-1-5-32-544","PrincipalType":"Group","RightName":"WriteOwner","IsInherited":true},{"PrincipalSID":"ESSOS.LOCAL-S-1-5-32-544","PrincipalType":"Group","RightName":"GenericWrite","IsInherited":true}],"ObjectIdentifier":"S-1-5-21-254479581-914559915-1075136021-514","IsDeleted":false,"IsACLProtected":false},{"Properties":{"domain":"ESSOS.LOCAL","name":"ENTERPRISE READ-ONLY DOMAIN CONTROLLERS@ESSOS.LOCAL","distinguishedname":"CN=ENTERPRISE READ-ONLY DOMAIN CONTROLLERS,CN=USERS,DC=ESSOS,DC=LOCAL","domainsid":"S-1-5-21-254479581-914559915-1075136021","highvalue":false,"samaccountname":"Enterprise Read-only Domain Controllers","description":"Members of this group are Read-Only Domain Controllers in the enterprise","whencreated":1688585636,"admincount":false},"Members":[],"Aces":[{"PrincipalSID":"S-1-5-21-254479581-914559915-1075136021-512","PrincipalType":"Group","RightName":"Owns","IsInherited":false},{"PrincipalSID":"ESSOS.LOCAL-S-1-5-32-548","PrincipalType":"Group","RightName":"GenericAll","IsInherited":false},{"PrincipalSID":"S-1-5-21-254479581-914559915-1075136021-512","PrincipalType":"Group","RightName":"GenericAll","IsInherited":false},{"PrincipalSID":"S-1-5-21-254479581-914559915-1075136021-519","PrincipalType":"Group","RightName":"GenericAll","IsInherited":true},{"PrincipalSID":"ESSOS.LOCAL-S-1-5-32-544","PrincipalType":"Group","RightName":"WriteDacl","IsInherited":true},{"PrincipalSID":"ESSOS.LOCAL-S-1-5-32-544","PrincipalType":"Group","RightName":"WriteOwner","IsInherited":true},{"PrincipalSID":"ESSOS.LOCAL-S-1-5-32-544","PrincipalType":"Group","RightName":"GenericWrite","IsInherited":true}],"ObjectIdentifier":"S-1-5-21-254479581-914559915-1075136021-498","IsDeleted":false,"IsACLProtected":false},{"Properties":{"domain":"ESSOS.LOCAL","name":"READ-ONLY DOMAIN CONTROLLERS@ESSOS.LOCAL","distinguishedname":"CN=READ-ONLY DOMAIN CONTROLLERS,CN=USERS,DC=ESSOS,DC=LOCAL","domainsid":"S-1-5-21-254479581-914559915-1075136021","highvalue":false,"samaccountname":"Read-only Domain Controllers","description":"Members of this group are Read-Only Domain Controllers in the domain","whencreated":1688585636,"admincount":true},"Members":[],"Aces":[{"PrincipalSID":"S-1-5-21-254479581-914559915-1075136021-512","PrincipalType":"Group","RightName":"Owns","IsInherited":false},{"PrincipalSID":"ESSOS.LOCAL-S-1-5-32-544","PrincipalType":"Group","RightName":"WriteDacl","IsInherited":false},{"PrincipalSID":"ESSOS.LOCAL-S-1-5-32-544","PrincipalType":"Group","RightName":"WriteOwner","IsInherited":false},{"PrincipalSID":"ESSOS.LOCAL-S-1-5-32-544","PrincipalType":"Group","RightName":"GenericWrite","IsInherited":false},{"PrincipalSID":"S-1-5-21-254479581-914559915-1075136021-512","PrincipalType":"Group","RightName":"WriteDacl","IsInherited":false},{"PrincipalSID":"S-1-5-21-254479581-914559915-1075136021-512","PrincipalType":"Group","RightName":"WriteOwner","IsInherited":false},{"PrincipalSID":"S-1-5-21-254479581-914559915-1075136021-512","PrincipalType":"Group","RightName":"GenericWrite","IsInherited":false},{"PrincipalSID":"S-1-5-21-254479581-914559915-1075136021-519","PrincipalType":"Group","RightName":"WriteDacl","IsInherited":false},{"PrincipalSID":"S-1-5-21-254479581-914559915-1075136021-519","PrincipalType":"Group","RightName":"WriteOwner","IsInherited":false},{"PrincipalSID":"S-1-5-21-254479581-914559915-1075136021-519","PrincipalType":"Group","RightName":"GenericWrite","IsInherited":false}],"ObjectIdentifier":"S-1-5-21-254479581-914559915-1075136021-521","IsDeleted":false,"IsACLProtected":true},{"Properties":{"domain":"ESSOS.LOCAL","name":"BACKUP OPERATORS@ESSOS.LOCAL","distinguishedname":"CN=BACKUP OPERATORS,CN=BUILTIN,DC=ESSOS,DC=LOCAL","domainsid":"S-1-5-21-254479581-914559915-1075136021","highvalue":true,"samaccountname":"Backup Operators","description":"Backup Operators can override security restrictions for the sole purpose of backing up or restoring files","whencreated":1688585320,"admincount":true},"Members":[],"Aces":[{"PrincipalSID":"S-1-5-21-254479581-914559915-1075136021-512","PrincipalType":"Group","RightName":"Owns","IsInherited":false},{"PrincipalSID":"ESSOS.LOCAL-S-1-5-32-544","PrincipalType":"Group","RightName":"WriteDacl","IsInherited":false},{"PrincipalSID":"ESSOS.LOCAL-S-1-5-32-544","PrincipalType":"Group","RightName":"WriteOwner","IsInherited":false},{"PrincipalSID":"ESSOS.LOCAL-S-1-5-32-544","PrincipalType":"Group","RightName":"GenericWrite","IsInherited":false},{"PrincipalSID":"S-1-5-21-254479581-914559915-1075136021-512","PrincipalType":"Group","RightName":"WriteDacl","IsInherited":false},{"PrincipalSID":"S-1-5-21-254479581-914559915-1075136021-512","PrincipalType":"Group","RightName":"WriteOwner","IsInherited":false},{"PrincipalSID":"S-1-5-21-254479581-914559915-1075136021-512","PrincipalType":"Group","RightName":"GenericWrite","IsInherited":false},{"PrincipalSID":"S-1-5-21-254479581-914559915-1075136021-519","PrincipalType":"Group","RightName":"WriteDacl","IsInherited":false},{"PrincipalSID":"S-1-5-21-254479581-914559915-1075136021-519","PrincipalType":"Group","RightName":"WriteOwner","IsInherited":false},{"PrincipalSID":"S-1-5-21-254479581-914559915-1075136021-519","PrincipalType":"Group","RightName":"GenericWrite","IsInherited":false}],"ObjectIdentifier":"ESSOS.LOCAL-S-1-5-32-551","IsDeleted":false,"IsACLProtected":true},{"Properties":{"domain":"ESSOS.LOCAL","name":"DNSADMINS@ESSOS.LOCAL","distinguishedname":"CN=DNSADMINS,CN=USERS,DC=ESSOS,DC=LOCAL","domainsid":"S-1-5-21-254479581-914559915-1075136021","highvalue":false,"samaccountname":"DnsAdmins","description":"DNS Administrators Group","whencreated":1688585675,"admincount":false},"Members":[],"Aces":[{"PrincipalSID":"ESSOS.LOCAL-S-1-5-32-548","PrincipalType":"Group","RightName":"GenericAll","IsInherited":false},{"PrincipalSID":"S-1-5-21-254479581-914559915-1075136021-512","PrincipalType":"Group","RightName":"GenericAll","IsInherited":false},{"PrincipalSID":"S-1-5-21-254479581-914559915-1075136021-519","PrincipalType":"Group","RightName":"GenericAll","IsInherited":true},{"PrincipalSID":"ESSOS.LOCAL-S-1-5-32-544","PrincipalType":"Group","RightName":"WriteDacl","IsInherited":true},{"PrincipalSID":"ESSOS.LOCAL-S-1-5-32-544","PrincipalType":"Group","RightName":"WriteOwner","IsInherited":true},{"PrincipalSID":"ESSOS.LOCAL-S-1-5-32-544","PrincipalType":"Group","RightName":"GenericWrite","IsInherited":true}],"ObjectIdentifier":"S-1-5-21-254479581-914559915-1075136021-1102","IsDeleted":false,"IsACLProtected":false},{"Properties":{"domain":"ESSOS.LOCAL","name":"DENIED RODC PASSWORD REPLICATION GROUP@ESSOS.LOCAL","distinguishedname":"CN=DENIED RODC PASSWORD REPLICATION GROUP,CN=USERS,DC=ESSOS,DC=LOCAL","domainsid":"S-1-5-21-254479581-914559915-1075136021","highvalue":false,"samaccountname":"Denied RODC Password Replication Group","description":"Members in this group cannot have their passwords replicated to any read-only domain controllers in the domain","whencreated":1688585636,"admincount":false},"Members":[{"ObjectIdentifier":"S-1-5-21-254479581-914559915-1075136021-521","ObjectType":"Group"},{"ObjectIdentifier":"S-1-5-21-254479581-914559915-1075136021-520","ObjectType":"Group"},{"ObjectIdentifier":"S-1-5-21-254479581-914559915-1075136021-512","ObjectType":"Group"},{"ObjectIdentifier":"S-1-5-21-254479581-914559915-1075136021-517","ObjectType":"Group"},{"ObjectIdentifier":"S-1-5-21-254479581-914559915-1075136021-519","ObjectType":"Group"},{"ObjectIdentifier":"S-1-5-21-254479581-914559915-1075136021-518","ObjectType":"Group"},{"ObjectIdentifier":"S-1-5-21-254479581-914559915-1075136021-516","ObjectType":"Group"},{"ObjectIdentifier":"S-1-5-21-254479581-914559915-1075136021-502","ObjectType":"User"}],"Aces":[{"PrincipalSID":"S-1-5-21-254479581-914559915-1075136021-512","PrincipalType":"Group","RightName":"Owns","IsInherited":false},{"PrincipalSID":"ESSOS.LOCAL-S-1-5-32-548","PrincipalType":"Group","RightName":"GenericAll","IsInherited":false},{"PrincipalSID":"S-1-5-21-254479581-914559915-1075136021-512","PrincipalType":"Group","RightName":"GenericAll","IsInherited":false},{"PrincipalSID":"S-1-5-21-254479581-914559915-1075136021-519","PrincipalType":"Group","RightName":"GenericAll","IsInherited":true},{"PrincipalSID":"ESSOS.LOCAL-S-1-5-32-544","PrincipalType":"Group","RightName":"WriteDacl","IsInherited":true},{"PrincipalSID":"ESSOS.LOCAL-S-1-5-32-544","PrincipalType":"Group","RightName":"WriteOwner","IsInherited":true},{"PrincipalSID":"ESSOS.LOCAL-S-1-5-32-544","PrincipalType":"Group","RightName":"GenericWrite","IsInherited":true}],"ObjectIdentifier":"S-1-5-21-254479581-914559915-1075136021-572","IsDeleted":false,"IsACLProtected":false},{"Properties":{"domain":"ESSOS.LOCAL","name":"IIS_IUSRS@ESSOS.LOCAL","distinguishedname":"CN=IIS_IUSRS,CN=BUILTIN,DC=ESSOS,DC=LOCAL","domainsid":"S-1-5-21-254479581-914559915-1075136021","highvalue":false,"samaccountname":"IIS_IUSRS","description":"Built-in group used by Internet Information Services.","whencreated":1688585320,"admincount":false},"Members":[{"ObjectIdentifier":"ESSOS.LOCAL-S-1-5-17","ObjectType":"Group"}],"Aces":[{"PrincipalSID":"ESSOS.LOCAL-S-1-5-32-544","PrincipalType":"Group","RightName":"Owns","IsInherited":false},{"PrincipalSID":"ESSOS.LOCAL-S-1-5-32-548","PrincipalType":"Group","RightName":"GenericAll","IsInherited":false},{"PrincipalSID":"S-1-5-21-254479581-914559915-1075136021-512","PrincipalType":"Group","RightName":"GenericAll","IsInherited":false},{"PrincipalSID":"S-1-5-21-254479581-914559915-1075136021-519","PrincipalType":"Group","RightName":"GenericAll","IsInherited":true},{"PrincipalSID":"ESSOS.LOCAL-S-1-5-32-544","PrincipalType":"Group","RightName":"WriteDacl","IsInherited":true},{"PrincipalSID":"ESSOS.LOCAL-S-1-5-32-544","PrincipalType":"Group","RightName":"WriteOwner","IsInherited":true},{"PrincipalSID":"ESSOS.LOCAL-S-1-5-32-544","PrincipalType":"Group","RightName":"GenericWrite","IsInherited":true}],"ObjectIdentifier":"ESSOS.LOCAL-S-1-5-32-568","IsDeleted":false,"IsACLProtected":false},{"Properties":{"domain":"ESSOS.LOCAL","name":"CERTIFICATE SERVICE DCOM ACCESS@ESSOS.LOCAL","distinguishedname":"CN=CERTIFICATE SERVICE DCOM ACCESS,CN=BUILTIN,DC=ESSOS,DC=LOCAL","domainsid":"S-1-5-21-254479581-914559915-1075136021","highvalue":false,"samaccountname":"Certificate Service DCOM Access","description":"Members of this group are allowed to connect to Certification Authorities in the enterprise","whencreated":1688585320,"admincount":false},"Members":[],"Aces":[{"PrincipalSID":"ESSOS.LOCAL-S-1-5-32-544","PrincipalType":"Group","RightName":"Owns","IsInherited":false},{"PrincipalSID":"ESSOS.LOCAL-S-1-5-32-548","PrincipalType":"Group","RightName":"GenericAll","IsInherited":false},{"PrincipalSID":"S-1-5-21-254479581-914559915-1075136021-512","PrincipalType":"Group","RightName":"GenericAll","IsInherited":false},{"PrincipalSID":"S-1-5-21-254479581-914559915-1075136021-519","PrincipalType":"Group","RightName":"GenericAll","IsInherited":true},{"PrincipalSID":"ESSOS.LOCAL-S-1-5-32-544","PrincipalType":"Group","RightName":"WriteDacl","IsInherited":true},{"PrincipalSID":"ESSOS.LOCAL-S-1-5-32-544","PrincipalType":"Group","RightName":"WriteOwner","IsInherited":true},{"PrincipalSID":"ESSOS.LOCAL-S-1-5-32-544","PrincipalType":"Group","RightName":"GenericWrite","IsInherited":true}],"ObjectIdentifier":"ESSOS.LOCAL-S-1-5-32-574","IsDeleted":false,"IsACLProtected":false},{"Properties":{"domain":"ESSOS.LOCAL","name":"CRYPTOGRAPHIC OPERATORS@ESSOS.LOCAL","distinguishedname":"CN=CRYPTOGRAPHIC OPERATORS,CN=BUILTIN,DC=ESSOS,DC=LOCAL","domainsid":"S-1-5-21-254479581-914559915-1075136021","highvalue":false,"samaccountname":"Cryptographic Operators","description":"Members are authorized to perform cryptographic operations.","whencreated":1688585320,"admincount":false},"Members":[],"Aces":[{"PrincipalSID":"ESSOS.LOCAL-S-1-5-32-544","PrincipalType":"Group","RightName":"Owns","IsInherited":false},{"PrincipalSID":"ESSOS.LOCAL-S-1-5-32-548","PrincipalType":"Group","RightName":"GenericAll","IsInherited":false},{"PrincipalSID":"S-1-5-21-254479581-914559915-1075136021-512","PrincipalType":"Group","RightName":"GenericAll","IsInherited":false},{"PrincipalSID":"S-1-5-21-254479581-914559915-1075136021-519","PrincipalType":"Group","RightName":"GenericAll","IsInherited":true},{"PrincipalSID":"ESSOS.LOCAL-S-1-5-32-544","PrincipalType":"Group","RightName":"WriteDacl","IsInherited":true},{"PrincipalSID":"ESSOS.LOCAL-S-1-5-32-544","PrincipalType":"Group","RightName":"WriteOwner","IsInherited":true},{"PrincipalSID":"ESSOS.LOCAL-S-1-5-32-544","PrincipalType":"Group","RightName":"GenericWrite","IsInherited":true}],"ObjectIdentifier":"ESSOS.LOCAL-S-1-5-32-569","IsDeleted":false,"IsACLProtected":false},{"Properties":{"domain":"ESSOS.LOCAL","name":"CLONEABLE DOMAIN CONTROLLERS@ESSOS.LOCAL","distinguishedname":"CN=CLONEABLE DOMAIN CONTROLLERS,CN=USERS,DC=ESSOS,DC=LOCAL","domainsid":"S-1-5-21-254479581-914559915-1075136021","highvalue":false,"samaccountname":"Cloneable Domain Controllers","description":"Members of this group that are domain controllers may be cloned.","whencreated":1688585636,"admincount":false},"Members":[],"Aces":[{"PrincipalSID":"S-1-5-21-254479581-914559915-1075136021-512","PrincipalType":"Group","RightName":"Owns","IsInherited":false},{"PrincipalSID":"ESSOS.LOCAL-S-1-5-32-548","PrincipalType":"Group","RightName":"GenericAll","IsInherited":false},{"PrincipalSID":"S-1-5-21-254479581-914559915-1075136021-512","PrincipalType":"Group","RightName":"GenericAll","IsInherited":false},{"PrincipalSID":"S-1-5-21-254479581-914559915-1075136021-519","PrincipalType":"Group","RightName":"GenericAll","IsInherited":true},{"PrincipalSID":"ESSOS.LOCAL-S-1-5-32-544","PrincipalType":"Group","RightName":"WriteDacl","IsInherited":true},{"PrincipalSID":"ESSOS.LOCAL-S-1-5-32-544","PrincipalType":"Group","RightName":"WriteOwner","IsInherited":true},{"PrincipalSID":"ESSOS.LOCAL-S-1-5-32-544","PrincipalType":"Group","RightName":"GenericWrite","IsInherited":true}],"ObjectIdentifier":"S-1-5-21-254479581-914559915-1075136021-522","IsDeleted":false,"IsACLProtected":false},{"Properties":{"domain":"ESSOS.LOCAL","name":"ENTERPRISE KEY ADMINS@ESSOS.LOCAL","distinguishedname":"CN=ENTERPRISE KEY ADMINS,CN=USERS,DC=ESSOS,DC=LOCAL","domainsid":"S-1-5-21-254479581-914559915-1075136021","highvalue":false,"samaccountname":"Enterprise Key Admins","description":"Members of this group can perform administrative actions on key objects within the forest.","whencreated":1688585636,"admincount":false},"Members":[],"Aces":[{"PrincipalSID":"S-1-5-21-254479581-914559915-1075136021-512","PrincipalType":"Group","RightName":"Owns","IsInherited":false},{"PrincipalSID":"ESSOS.LOCAL-S-1-5-32-548","PrincipalType":"Group","RightName":"GenericAll","IsInherited":false},{"PrincipalSID":"S-1-5-21-254479581-914559915-1075136021-512","PrincipalType":"Group","RightName":"GenericAll","IsInherited":false},{"PrincipalSID":"S-1-5-21-254479581-914559915-1075136021-519","PrincipalType":"Group","RightName":"GenericAll","IsInherited":true},{"PrincipalSID":"ESSOS.LOCAL-S-1-5-32-544","PrincipalType":"Group","RightName":"WriteDacl","IsInherited":true},{"PrincipalSID":"ESSOS.LOCAL-S-1-5-32-544","PrincipalType":"Group","RightName":"WriteOwner","IsInherited":true},{"PrincipalSID":"ESSOS.LOCAL-S-1-5-32-544","PrincipalType":"Group","RightName":"GenericWrite","IsInherited":true}],"ObjectIdentifier":"S-1-5-21-254479581-914559915-1075136021-527","IsDeleted":false,"IsACLProtected":false},{"Properties":{"domain":"ESSOS.LOCAL","name":"DNSUPDATEPROXY@ESSOS.LOCAL","distinguishedname":"CN=DNSUPDATEPROXY,CN=USERS,DC=ESSOS,DC=LOCAL","domainsid":"S-1-5-21-254479581-914559915-1075136021","highvalue":false,"samaccountname":"DnsUpdateProxy","description":"DNS clients who are permitted to perform dynamic updates on behalf of some other clients (such as DHCP servers).","whencreated":1688585675,"admincount":false},"Members":[],"Aces":[{"PrincipalSID":"ESSOS.LOCAL-S-1-5-32-548","PrincipalType":"Group","RightName":"GenericAll","IsInherited":false},{"PrincipalSID":"S-1-5-21-254479581-914559915-1075136021-512","PrincipalType":"Group","RightName":"GenericAll","IsInherited":false},{"PrincipalSID":"S-1-5-21-254479581-914559915-1075136021-519","PrincipalType":"Group","RightName":"GenericAll","IsInherited":true},{"PrincipalSID":"ESSOS.LOCAL-S-1-5-32-544","PrincipalType":"Group","RightName":"WriteDacl","IsInherited":true},{"PrincipalSID":"ESSOS.LOCAL-S-1-5-32-544","PrincipalType":"Group","RightName":"WriteOwner","IsInherited":true},{"PrincipalSID":"ESSOS.LOCAL-S-1-5-32-544","PrincipalType":"Group","RightName":"GenericWrite","IsInherited":true}],"ObjectIdentifier":"S-1-5-21-254479581-914559915-1075136021-1103","IsDeleted":false,"IsACLProtected":false},{"Properties":{"domain":"ESSOS.LOCAL","name":"INCOMING FOREST TRUST BUILDERS@ESSOS.LOCAL","distinguishedname":"CN=INCOMING FOREST TRUST BUILDERS,CN=BUILTIN,DC=ESSOS,DC=LOCAL","domainsid":"S-1-5-21-254479581-914559915-1075136021","highvalue":false,"samaccountname":"Incoming Forest Trust Builders","description":"Members of this group can create incoming, one-way trusts to this forest","whencreated":1688585636,"admincount":false},"Members":[],"Aces":[{"PrincipalSID":"S-1-5-21-254479581-914559915-1075136021-512","PrincipalType":"Group","RightName":"Owns","IsInherited":false},{"PrincipalSID":"ESSOS.LOCAL-S-1-5-32-548","PrincipalType":"Group","RightName":"GenericAll","IsInherited":false},{"PrincipalSID":"S-1-5-21-254479581-914559915-1075136021-512","PrincipalType":"Group","RightName":"GenericAll","IsInherited":false},{"PrincipalSID":"S-1-5-21-254479581-914559915-1075136021-519","PrincipalType":"Group","RightName":"GenericAll","IsInherited":true},{"PrincipalSID":"ESSOS.LOCAL-S-1-5-32-544","PrincipalType":"Group","RightName":"WriteDacl","IsInherited":true},{"PrincipalSID":"ESSOS.LOCAL-S-1-5-32-544","PrincipalType":"Group","RightName":"WriteOwner","IsInherited":true},{"PrincipalSID":"ESSOS.LOCAL-S-1-5-32-544","PrincipalType":"Group","RightName":"GenericWrite","IsInherited":true}],"ObjectIdentifier":"ESSOS.LOCAL-S-1-5-32-557","IsDeleted":false,"IsACLProtected":false},{"Properties":{"domain":"ESSOS.LOCAL","name":"TARGARYEN@ESSOS.LOCAL","distinguishedname":"CN=TARGARYEN,CN=USERS,DC=ESSOS,DC=LOCAL","domainsid":"S-1-5-21-254479581-914559915-1075136021","highvalue":false,"samaccountname":"Targaryen","description":null,"whencreated":1688587782,"admincount":false},"Members":[{"ObjectIdentifier":"S-1-5-21-254479581-914559915-1075136021-1113","ObjectType":"User"},{"ObjectIdentifier":"S-1-5-21-254479581-914559915-1075136021-1111","ObjectType":"User"},{"ObjectIdentifier":"S-1-5-21-254479581-914559915-1075136021-1110","ObjectType":"Base"}],"Aces":[{"PrincipalSID":"S-1-5-21-254479581-914559915-1075136021-1000","PrincipalType":"User","RightName":"Owns","IsInherited":false},{"PrincipalSID":"ESSOS.LOCAL-S-1-5-32-548","PrincipalType":"Group","RightName":"GenericAll","IsInherited":false},{"PrincipalSID":"S-1-5-21-254479581-914559915-1075136021-512","PrincipalType":"Group","RightName":"GenericAll","IsInherited":false},{"PrincipalSID":"S-1-5-21-254479581-914559915-1075136021-519","PrincipalType":"Group","RightName":"GenericAll","IsInherited":true},{"PrincipalSID":"ESSOS.LOCAL-S-1-5-32-544","PrincipalType":"Group","RightName":"WriteDacl","IsInherited":true},{"PrincipalSID":"ESSOS.LOCAL-S-1-5-32-544","PrincipalType":"Group","RightName":"WriteOwner","IsInherited":true},{"PrincipalSID":"ESSOS.LOCAL-S-1-5-32-544","PrincipalType":"Group","RightName":"GenericWrite","IsInherited":true}],"ObjectIdentifier":"S-1-5-21-254479581-914559915-1075136021-1106","IsDeleted":false,"IsACLProtected":false},{"Properties":{"domain":"ESSOS.LOCAL","name":"DOTHRAKI@ESSOS.LOCAL","distinguishedname":"CN=DOTHRAKI,CN=USERS,DC=ESSOS,DC=LOCAL","domainsid":"S-1-5-21-254479581-914559915-1075136021","highvalue":false,"samaccountname":"Dothraki","description":null,"whencreated":1688587783,"admincount":false},"Members":[{"ObjectIdentifier":"S-1-5-21-254479581-914559915-1075136021-1112","ObjectType":"User"}],"Aces":[{"PrincipalSID":"S-1-5-21-254479581-914559915-1075136021-1000","PrincipalType":"User","RightName":"Owns","IsInherited":false},{"PrincipalSID":"ESSOS.LOCAL-S-1-5-32-548","PrincipalType":"Group","RightName":"GenericAll","IsInherited":false},{"PrincipalSID":"S-1-5-21-254479581-914559915-1075136021-512","PrincipalType":"Group","RightName":"GenericAll","IsInherited":false},{"PrincipalSID":"S-1-5-21-254479581-914559915-1075136021-519","PrincipalType":"Group","RightName":"GenericAll","IsInherited":true},{"PrincipalSID":"ESSOS.LOCAL-S-1-5-32-544","PrincipalType":"Group","RightName":"WriteDacl","IsInherited":true},{"PrincipalSID":"ESSOS.LOCAL-S-1-5-32-544","PrincipalType":"Group","RightName":"WriteOwner","IsInherited":true},{"PrincipalSID":"ESSOS.LOCAL-S-1-5-32-544","PrincipalType":"Group","RightName":"GenericWrite","IsInherited":true}],"ObjectIdentifier":"S-1-5-21-254479581-914559915-1075136021-1107","IsDeleted":false,"IsACLProtected":false},{"Properties":{"domain":"ESSOS.LOCAL","name":"REMOTE MANAGEMENT USERS@ESSOS.LOCAL","distinguishedname":"CN=REMOTE MANAGEMENT USERS,CN=BUILTIN,DC=ESSOS,DC=LOCAL","domainsid":"S-1-5-21-254479581-914559915-1075136021","highvalue":false,"samaccountname":"Remote Management Users","description":"Members of this group can access WMI resources over management protocols (such as WS-Management via the Windows Remote Management service). This applies only to WMI namespaces that grant access to the user.","whencreated":1688585320,"admincount":false},"Members":[],"Aces":[{"PrincipalSID":"ESSOS.LOCAL-S-1-5-32-544","PrincipalType":"Group","RightName":"Owns","IsInherited":false},{"PrincipalSID":"ESSOS.LOCAL-S-1-5-32-548","PrincipalType":"Group","RightName":"GenericAll","IsInherited":false},{"PrincipalSID":"S-1-5-21-254479581-914559915-1075136021-512","PrincipalType":"Group","RightName":"GenericAll","IsInherited":false},{"PrincipalSID":"S-1-5-21-254479581-914559915-1075136021-519","PrincipalType":"Group","RightName":"GenericAll","IsInherited":true},{"PrincipalSID":"ESSOS.LOCAL-S-1-5-32-544","PrincipalType":"Group","RightName":"WriteDacl","IsInherited":true},{"PrincipalSID":"ESSOS.LOCAL-S-1-5-32-544","PrincipalType":"Group","RightName":"WriteOwner","IsInherited":true},{"PrincipalSID":"ESSOS.LOCAL-S-1-5-32-544","PrincipalType":"Group","RightName":"GenericWrite","IsInherited":true}],"ObjectIdentifier":"ESSOS.LOCAL-S-1-5-32-580","IsDeleted":false,"IsACLProtected":false},{"Properties":{"domain":"ESSOS.LOCAL","name":"STORAGE REPLICA ADMINISTRATORS@ESSOS.LOCAL","distinguishedname":"CN=STORAGE REPLICA ADMINISTRATORS,CN=BUILTIN,DC=ESSOS,DC=LOCAL","domainsid":"S-1-5-21-254479581-914559915-1075136021","highvalue":false,"samaccountname":"Storage Replica Administrators","description":"Members of this group have complete and unrestricted access to all features of Storage Replica.","whencreated":1688585320,"admincount":false},"Members":[],"Aces":[{"PrincipalSID":"ESSOS.LOCAL-S-1-5-32-544","PrincipalType":"Group","RightName":"Owns","IsInherited":false},{"PrincipalSID":"ESSOS.LOCAL-S-1-5-32-548","PrincipalType":"Group","RightName":"GenericAll","IsInherited":false},{"PrincipalSID":"S-1-5-21-254479581-914559915-1075136021-512","PrincipalType":"Group","RightName":"GenericAll","IsInherited":false},{"PrincipalSID":"S-1-5-21-254479581-914559915-1075136021-519","PrincipalType":"Group","RightName":"GenericAll","IsInherited":true},{"PrincipalSID":"ESSOS.LOCAL-S-1-5-32-544","PrincipalType":"Group","RightName":"WriteDacl","IsInherited":true},{"PrincipalSID":"ESSOS.LOCAL-S-1-5-32-544","PrincipalType":"Group","RightName":"WriteOwner","IsInherited":true},{"PrincipalSID":"ESSOS.LOCAL-S-1-5-32-544","PrincipalType":"Group","RightName":"GenericWrite","IsInherited":true}],"ObjectIdentifier":"ESSOS.LOCAL-S-1-5-32-582","IsDeleted":false,"IsACLProtected":false},{"Properties":{"domain":"ESSOS.LOCAL","name":"RDS MANAGEMENT SERVERS@ESSOS.LOCAL","distinguishedname":"CN=RDS MANAGEMENT SERVERS,CN=BUILTIN,DC=ESSOS,DC=LOCAL","domainsid":"S-1-5-21-254479581-914559915-1075136021","highvalue":false,"samaccountname":"RDS Management Servers","description":"Servers in this group can perform routine administrative actions on servers running Remote Desktop Services. This group needs to be populated on all servers in a Remote Desktop Services deployment. The servers running the RDS Central Management service must be included in this group.","whencreated":1688585320,"admincount":false},"Members":[],"Aces":[{"PrincipalSID":"ESSOS.LOCAL-S-1-5-32-544","PrincipalType":"Group","RightName":"Owns","IsInherited":false},{"PrincipalSID":"ESSOS.LOCAL-S-1-5-32-548","PrincipalType":"Group","RightName":"GenericAll","IsInherited":false},{"PrincipalSID":"S-1-5-21-254479581-914559915-1075136021-512","PrincipalType":"Group","RightName":"GenericAll","IsInherited":false},{"PrincipalSID":"S-1-5-21-254479581-914559915-1075136021-519","PrincipalType":"Group","RightName":"GenericAll","IsInherited":true},{"PrincipalSID":"ESSOS.LOCAL-S-1-5-32-544","PrincipalType":"Group","RightName":"WriteDacl","IsInherited":true},{"PrincipalSID":"ESSOS.LOCAL-S-1-5-32-544","PrincipalType":"Group","RightName":"WriteOwner","IsInherited":true},{"PrincipalSID":"ESSOS.LOCAL-S-1-5-32-544","PrincipalType":"Group","RightName":"GenericWrite","IsInherited":true}],"ObjectIdentifier":"ESSOS.LOCAL-S-1-5-32-577","IsDeleted":false,"IsACLProtected":false},{"Properties":{"domain":"ESSOS.LOCAL","name":"RAS AND IAS SERVERS@ESSOS.LOCAL","distinguishedname":"CN=RAS AND IAS SERVERS,CN=USERS,DC=ESSOS,DC=LOCAL","domainsid":"S-1-5-21-254479581-914559915-1075136021","highvalue":false,"samaccountname":"RAS and IAS Servers","description":"Servers in this group can access remote access properties of users","whencreated":1688585636,"admincount":false},"Members":[],"Aces":[{"PrincipalSID":"S-1-5-21-254479581-914559915-1075136021-512","PrincipalType":"Group","RightName":"Owns","IsInherited":false},{"PrincipalSID":"ESSOS.LOCAL-S-1-5-32-548","PrincipalType":"Group","RightName":"GenericAll","IsInherited":false},{"PrincipalSID":"S-1-5-21-254479581-914559915-1075136021-512","PrincipalType":"Group","RightName":"GenericAll","IsInherited":false},{"PrincipalSID":"S-1-5-21-254479581-914559915-1075136021-519","PrincipalType":"Group","RightName":"GenericAll","IsInherited":true},{"PrincipalSID":"ESSOS.LOCAL-S-1-5-32-544","PrincipalType":"Group","RightName":"WriteDacl","IsInherited":true},{"PrincipalSID":"ESSOS.LOCAL-S-1-5-32-544","PrincipalType":"Group","RightName":"WriteOwner","IsInherited":true},{"PrincipalSID":"ESSOS.LOCAL-S-1-5-32-544","PrincipalType":"Group","RightName":"GenericWrite","IsInherited":true}],"ObjectIdentifier":"S-1-5-21-254479581-914559915-1075136021-553","IsDeleted":false,"IsACLProtected":false},{"Properties":{"domain":"ESSOS.LOCAL","name":"HYPER-V ADMINISTRATORS@ESSOS.LOCAL","distinguishedname":"CN=HYPER-V ADMINISTRATORS,CN=BUILTIN,DC=ESSOS,DC=LOCAL","domainsid":"S-1-5-21-254479581-914559915-1075136021","highvalue":false,"samaccountname":"Hyper-V Administrators","description":"Members of this group have complete and unrestricted access to all features of Hyper-V.","whencreated":1688585320,"admincount":false},"Members":[],"Aces":[{"PrincipalSID":"ESSOS.LOCAL-S-1-5-32-544","PrincipalType":"Group","RightName":"Owns","IsInherited":false},{"PrincipalSID":"ESSOS.LOCAL-S-1-5-32-548","PrincipalType":"Group","RightName":"GenericAll","IsInherited":false},{"PrincipalSID":"S-1-5-21-254479581-914559915-1075136021-512","PrincipalType":"Group","RightName":"GenericAll","IsInherited":false},{"PrincipalSID":"S-1-5-21-254479581-914559915-1075136021-519","PrincipalType":"Group","RightName":"GenericAll","IsInherited":true},{"PrincipalSID":"ESSOS.LOCAL-S-1-5-32-544","PrincipalType":"Group","RightName":"WriteDacl","IsInherited":true},{"PrincipalSID":"ESSOS.LOCAL-S-1-5-32-544","PrincipalType":"Group","RightName":"WriteOwner","IsInherited":true},{"PrincipalSID":"ESSOS.LOCAL-S-1-5-32-544","PrincipalType":"Group","RightName":"GenericWrite","IsInherited":true}],"ObjectIdentifier":"ESSOS.LOCAL-S-1-5-32-578","IsDeleted":false,"IsACLProtected":false},{"Properties":{"domain":"ESSOS.LOCAL","name":"RDS ENDPOINT SERVERS@ESSOS.LOCAL","distinguishedname":"CN=RDS ENDPOINT SERVERS,CN=BUILTIN,DC=ESSOS,DC=LOCAL","domainsid":"S-1-5-21-254479581-914559915-1075136021","highvalue":false,"samaccountname":"RDS Endpoint Servers","description":"Servers in this group run virtual machines and host sessions where users RemoteApp programs and personal virtual desktops run. This group needs to be populated on servers running RD Connection Broker. RD Session Host servers and RD Virtualization Host servers used in the deployment need to be in this group.","whencreated":1688585320,"admincount":false},"Members":[],"Aces":[{"PrincipalSID":"ESSOS.LOCAL-S-1-5-32-544","PrincipalType":"Group","RightName":"Owns","IsInherited":false},{"PrincipalSID":"ESSOS.LOCAL-S-1-5-32-548","PrincipalType":"Group","RightName":"GenericAll","IsInherited":false},{"PrincipalSID":"S-1-5-21-254479581-914559915-1075136021-512","PrincipalType":"Group","RightName":"GenericAll","IsInherited":false},{"PrincipalSID":"S-1-5-21-254479581-914559915-1075136021-519","PrincipalType":"Group","RightName":"GenericAll","IsInherited":true},{"PrincipalSID":"ESSOS.LOCAL-S-1-5-32-544","PrincipalType":"Group","RightName":"WriteDacl","IsInherited":true},{"PrincipalSID":"ESSOS.LOCAL-S-1-5-32-544","PrincipalType":"Group","RightName":"WriteOwner","IsInherited":true},{"PrincipalSID":"ESSOS.LOCAL-S-1-5-32-544","PrincipalType":"Group","RightName":"GenericWrite","IsInherited":true}],"ObjectIdentifier":"ESSOS.LOCAL-S-1-5-32-576","IsDeleted":false,"IsACLProtected":false},{"Properties":{"domain":"ESSOS.LOCAL","name":"WINDOWS AUTHORIZATION ACCESS GROUP@ESSOS.LOCAL","distinguishedname":"CN=WINDOWS AUTHORIZATION ACCESS GROUP,CN=BUILTIN,DC=ESSOS,DC=LOCAL","domainsid":"S-1-5-21-254479581-914559915-1075136021","highvalue":false,"samaccountname":"Windows Authorization Access Group","description":"Members of this group have access to the computed tokenGroupsGlobalAndUniversal attribute on User objects","whencreated":1688585636,"admincount":false},"Members":[{"ObjectIdentifier":"ESSOS.LOCAL-S-1-5-9","ObjectType":"Group"}],"Aces":[{"PrincipalSID":"S-1-5-21-254479581-914559915-1075136021-512","PrincipalType":"Group","RightName":"Owns","IsInherited":false},{"PrincipalSID":"ESSOS.LOCAL-S-1-5-32-548","PrincipalType":"Group","RightName":"GenericAll","IsInherited":false},{"PrincipalSID":"S-1-5-21-254479581-914559915-1075136021-512","PrincipalType":"Group","RightName":"GenericAll","IsInherited":false},{"PrincipalSID":"S-1-5-21-254479581-914559915-1075136021-519","PrincipalType":"Group","RightName":"GenericAll","IsInherited":true},{"PrincipalSID":"ESSOS.LOCAL-S-1-5-32-544","PrincipalType":"Group","RightName":"WriteDacl","IsInherited":true},{"PrincipalSID":"ESSOS.LOCAL-S-1-5-32-544","PrincipalType":"Group","RightName":"WriteOwner","IsInherited":true},{"PrincipalSID":"ESSOS.LOCAL-S-1-5-32-544","PrincipalType":"Group","RightName":"GenericWrite","IsInherited":true}],"ObjectIdentifier":"ESSOS.LOCAL-S-1-5-32-560","IsDeleted":false,"IsACLProtected":false},{"Properties":{"domain":"ESSOS.LOCAL","name":"CERT PUBLISHERS@ESSOS.LOCAL","distinguishedname":"CN=CERT PUBLISHERS,CN=USERS,DC=ESSOS,DC=LOCAL","domainsid":"S-1-5-21-254479581-914559915-1075136021","highvalue":false,"samaccountname":"Cert Publishers","description":"Members of this group are permitted to publish certificates to the directory","whencreated":1688585636,"admincount":false},"Members":[{"ObjectIdentifier":"S-1-5-21-254479581-914559915-1075136021-1104","ObjectType":"Computer"}],"Aces":[{"PrincipalSID":"S-1-5-21-254479581-914559915-1075136021-512","PrincipalType":"Group","RightName":"Owns","IsInherited":false},{"PrincipalSID":"ESSOS.LOCAL-S-1-5-32-548","PrincipalType":"Group","RightName":"GenericAll","IsInherited":false},{"PrincipalSID":"S-1-5-21-254479581-914559915-1075136021-512","PrincipalType":"Group","RightName":"GenericAll","IsInherited":false},{"PrincipalSID":"S-1-5-21-254479581-914559915-1075136021-519","PrincipalType":"Group","RightName":"GenericAll","IsInherited":true},{"PrincipalSID":"ESSOS.LOCAL-S-1-5-32-544","PrincipalType":"Group","RightName":"WriteDacl","IsInherited":true},{"PrincipalSID":"ESSOS.LOCAL-S-1-5-32-544","PrincipalType":"Group","RightName":"WriteOwner","IsInherited":true},{"PrincipalSID":"ESSOS.LOCAL-S-1-5-32-544","PrincipalType":"Group","RightName":"GenericWrite","IsInherited":true}],"ObjectIdentifier":"S-1-5-21-254479581-914559915-1075136021-517","IsDeleted":false,"IsACLProtected":false},{"Properties":{"domain":"ESSOS.LOCAL","name":"RDS REMOTE ACCESS SERVERS@ESSOS.LOCAL","distinguishedname":"CN=RDS REMOTE ACCESS SERVERS,CN=BUILTIN,DC=ESSOS,DC=LOCAL","domainsid":"S-1-5-21-254479581-914559915-1075136021","highvalue":false,"samaccountname":"RDS Remote Access Servers","description":"Servers in this group enable users of RemoteApp programs and personal virtual desktops access to these resources. In Internet-facing deployments, these servers are typically deployed in an edge network. This group needs to be populated on servers running RD Connection Broker. RD Gateway servers and RD Web Access servers used in the deployment need to be in this group.","whencreated":1688585320,"admincount":false},"Members":[],"Aces":[{"PrincipalSID":"ESSOS.LOCAL-S-1-5-32-544","PrincipalType":"Group","RightName":"Owns","IsInherited":false},{"PrincipalSID":"ESSOS.LOCAL-S-1-5-32-548","PrincipalType":"Group","RightName":"GenericAll","IsInherited":false},{"PrincipalSID":"S-1-5-21-254479581-914559915-1075136021-512","PrincipalType":"Group","RightName":"GenericAll","IsInherited":false},{"PrincipalSID":"S-1-5-21-254479581-914559915-1075136021-519","PrincipalType":"Group","RightName":"GenericAll","IsInherited":true},{"PrincipalSID":"ESSOS.LOCAL-S-1-5-32-544","PrincipalType":"Group","RightName":"WriteDacl","IsInherited":true},{"PrincipalSID":"ESSOS.LOCAL-S-1-5-32-544","PrincipalType":"Group","RightName":"WriteOwner","IsInherited":true},{"PrincipalSID":"ESSOS.LOCAL-S-1-5-32-544","PrincipalType":"Group","RightName":"GenericWrite","IsInherited":true}],"ObjectIdentifier":"ESSOS.LOCAL-S-1-5-32-575","IsDeleted":false,"IsACLProtected":false},{"Properties":{"domain":"ESSOS.LOCAL","name":"PERFORMANCE MONITOR USERS@ESSOS.LOCAL","distinguishedname":"CN=PERFORMANCE MONITOR USERS,CN=BUILTIN,DC=ESSOS,DC=LOCAL","domainsid":"S-1-5-21-254479581-914559915-1075136021","highvalue":false,"samaccountname":"Performance Monitor Users","description":"Members of this group can access performance counter data locally and remotely","whencreated":1688585320,"admincount":false},"Members":[],"Aces":[{"PrincipalSID":"ESSOS.LOCAL-S-1-5-32-544","PrincipalType":"Group","RightName":"Owns","IsInherited":false},{"PrincipalSID":"ESSOS.LOCAL-S-1-5-32-548","PrincipalType":"Group","RightName":"GenericAll","IsInherited":false},{"PrincipalSID":"S-1-5-21-254479581-914559915-1075136021-512","PrincipalType":"Group","RightName":"GenericAll","IsInherited":false},{"PrincipalSID":"S-1-5-21-254479581-914559915-1075136021-519","PrincipalType":"Group","RightName":"GenericAll","IsInherited":true},{"PrincipalSID":"ESSOS.LOCAL-S-1-5-32-544","PrincipalType":"Group","RightName":"WriteDacl","IsInherited":true},{"PrincipalSID":"ESSOS.LOCAL-S-1-5-32-544","PrincipalType":"Group","RightName":"WriteOwner","IsInherited":true},{"PrincipalSID":"ESSOS.LOCAL-S-1-5-32-544","PrincipalType":"Group","RightName":"GenericWrite","IsInherited":true}],"ObjectIdentifier":"ESSOS.LOCAL-S-1-5-32-558","IsDeleted":false,"IsACLProtected":false},{"Properties":{"domain":"ESSOS.LOCAL","name":"NETWORK CONFIGURATION OPERATORS@ESSOS.LOCAL","distinguishedname":"CN=NETWORK CONFIGURATION OPERATORS,CN=BUILTIN,DC=ESSOS,DC=LOCAL","domainsid":"S-1-5-21-254479581-914559915-1075136021","highvalue":false,"samaccountname":"Network Configuration Operators","description":"Members in this group can have some administrative privileges to manage configuration of networking features","whencreated":1688585320,"admincount":false},"Members":[],"Aces":[{"PrincipalSID":"ESSOS.LOCAL-S-1-5-32-544","PrincipalType":"Group","RightName":"Owns","IsInherited":false},{"PrincipalSID":"ESSOS.LOCAL-S-1-5-32-548","PrincipalType":"Group","RightName":"GenericAll","IsInherited":false},{"PrincipalSID":"S-1-5-21-254479581-914559915-1075136021-512","PrincipalType":"Group","RightName":"GenericAll","IsInherited":false},{"PrincipalSID":"S-1-5-21-254479581-914559915-1075136021-519","PrincipalType":"Group","RightName":"GenericAll","IsInherited":true},{"PrincipalSID":"ESSOS.LOCAL-S-1-5-32-544","PrincipalType":"Group","RightName":"WriteDacl","IsInherited":true},{"PrincipalSID":"ESSOS.LOCAL-S-1-5-32-544","PrincipalType":"Group","RightName":"WriteOwner","IsInherited":true},{"PrincipalSID":"ESSOS.LOCAL-S-1-5-32-544","PrincipalType":"Group","RightName":"GenericWrite","IsInherited":true}],"ObjectIdentifier":"ESSOS.LOCAL-S-1-5-32-556","IsDeleted":false,"IsACLProtected":false},{"Properties":{"domain":"ESSOS.LOCAL","name":"GUESTS@ESSOS.LOCAL","distinguishedname":"CN=GUESTS,CN=BUILTIN,DC=ESSOS,DC=LOCAL","domainsid":"S-1-5-21-254479581-914559915-1075136021","highvalue":false,"samaccountname":"Guests","description":"Guests have the same access as members of the Users group by default, except for the Guest account which is further restricted","whencreated":1688585320,"admincount":false},"Members":[{"ObjectIdentifier":"S-1-5-21-254479581-914559915-1075136021-514","ObjectType":"Group"},{"ObjectIdentifier":"S-1-5-21-254479581-914559915-1075136021-501","ObjectType":"User"}],"Aces":[{"PrincipalSID":"ESSOS.LOCAL-S-1-5-32-544","PrincipalType":"Group","RightName":"Owns","IsInherited":false},{"PrincipalSID":"ESSOS.LOCAL-S-1-5-32-548","PrincipalType":"Group","RightName":"GenericAll","IsInherited":false},{"PrincipalSID":"S-1-5-21-254479581-914559915-1075136021-512","PrincipalType":"Group","RightName":"GenericAll","IsInherited":false},{"PrincipalSID":"S-1-5-21-254479581-914559915-1075136021-519","PrincipalType":"Group","RightName":"GenericAll","IsInherited":true},{"PrincipalSID":"ESSOS.LOCAL-S-1-5-32-544","PrincipalType":"Group","RightName":"WriteDacl","IsInherited":true},{"PrincipalSID":"ESSOS.LOCAL-S-1-5-32-544","PrincipalType":"Group","RightName":"WriteOwner","IsInherited":true},{"PrincipalSID":"ESSOS.LOCAL-S-1-5-32-544","PrincipalType":"Group","RightName":"GenericWrite","IsInherited":true}],"ObjectIdentifier":"ESSOS.LOCAL-S-1-5-32-546","IsDeleted":false,"IsACLProtected":false},{"Properties":{"domain":"ESSOS.LOCAL","name":"USERS@ESSOS.LOCAL","distinguishedname":"CN=USERS,CN=BUILTIN,DC=ESSOS,DC=LOCAL","domainsid":"S-1-5-21-254479581-914559915-1075136021","highvalue":false,"samaccountname":"Users","description":"Users are prevented from making accidental or intentional system-wide changes and can run most applications","whencreated":1688585320,"admincount":false},"Members":[{"ObjectIdentifier":"S-1-5-21-254479581-914559915-1075136021-513","ObjectType":"Group"},{"ObjectIdentifier":"ESSOS.LOCAL-S-1-5-11","ObjectType":"Group"},{"ObjectIdentifier":"ESSOS.LOCAL-S-1-5-4","ObjectType":"Group"},{"ObjectIdentifier":"S-1-5-21-254479581-914559915-1075136021-1000","ObjectType":"User"}],"Aces":[{"PrincipalSID":"ESSOS.LOCAL-S-1-5-32-544","PrincipalType":"Group","RightName":"Owns","IsInherited":false},{"PrincipalSID":"ESSOS.LOCAL-S-1-5-32-548","PrincipalType":"Group","RightName":"GenericAll","IsInherited":false},{"PrincipalSID":"S-1-5-21-254479581-914559915-1075136021-512","PrincipalType":"Group","RightName":"GenericAll","IsInherited":false},{"PrincipalSID":"S-1-5-21-254479581-914559915-1075136021-519","PrincipalType":"Group","RightName":"GenericAll","IsInherited":true},{"PrincipalSID":"ESSOS.LOCAL-S-1-5-32-544","PrincipalType":"Group","RightName":"WriteDacl","IsInherited":true},{"PrincipalSID":"ESSOS.LOCAL-S-1-5-32-544","PrincipalType":"Group","RightName":"WriteOwner","IsInherited":true},{"PrincipalSID":"ESSOS.LOCAL-S-1-5-32-544","PrincipalType":"Group","RightName":"GenericWrite","IsInherited":true}],"ObjectIdentifier":"ESSOS.LOCAL-S-1-5-32-545","IsDeleted":false,"IsACLProtected":false},{"Properties":{"domain":"ESSOS.LOCAL","name":"ACCESS CONTROL ASSISTANCE OPERATORS@ESSOS.LOCAL","distinguishedname":"CN=ACCESS CONTROL ASSISTANCE OPERATORS,CN=BUILTIN,DC=ESSOS,DC=LOCAL","domainsid":"S-1-5-21-254479581-914559915-1075136021","highvalue":false,"samaccountname":"Access Control Assistance Operators","description":"Members of this group can remotely query authorization attributes and permissions for resources on this computer.","whencreated":1688585320,"admincount":false},"Members":[],"Aces":[{"PrincipalSID":"ESSOS.LOCAL-S-1-5-32-544","PrincipalType":"Group","RightName":"Owns","IsInherited":false},{"PrincipalSID":"ESSOS.LOCAL-S-1-5-32-548","PrincipalType":"Group","RightName":"GenericAll","IsInherited":false},{"PrincipalSID":"S-1-5-21-254479581-914559915-1075136021-512","PrincipalType":"Group","RightName":"GenericAll","IsInherited":false},{"PrincipalSID":"S-1-5-21-254479581-914559915-1075136021-519","PrincipalType":"Group","RightName":"GenericAll","IsInherited":true},{"PrincipalSID":"ESSOS.LOCAL-S-1-5-32-544","PrincipalType":"Group","RightName":"WriteDacl","IsInherited":true},{"PrincipalSID":"ESSOS.LOCAL-S-1-5-32-544","PrincipalType":"Group","RightName":"WriteOwner","IsInherited":true},{"PrincipalSID":"ESSOS.LOCAL-S-1-5-32-544","PrincipalType":"Group","RightName":"GenericWrite","IsInherited":true}],"ObjectIdentifier":"ESSOS.LOCAL-S-1-5-32-579","IsDeleted":false,"IsACLProtected":false},{"Properties":{"domain":"ESSOS.LOCAL","name":"TERMINAL SERVER LICENSE SERVERS@ESSOS.LOCAL","distinguishedname":"CN=TERMINAL SERVER LICENSE SERVERS,CN=BUILTIN,DC=ESSOS,DC=LOCAL","domainsid":"S-1-5-21-254479581-914559915-1075136021","highvalue":false,"samaccountname":"Terminal Server License Servers","description":"Members of this group can update user accounts in Active Directory with information about license issuance, for the purpose of tracking and reporting TS Per User CAL usage","whencreated":1688585636,"admincount":false},"Members":[],"Aces":[{"PrincipalSID":"S-1-5-21-254479581-914559915-1075136021-512","PrincipalType":"Group","RightName":"Owns","IsInherited":false},{"PrincipalSID":"ESSOS.LOCAL-S-1-5-32-548","PrincipalType":"Group","RightName":"GenericAll","IsInherited":false},{"PrincipalSID":"S-1-5-21-254479581-914559915-1075136021-512","PrincipalType":"Group","RightName":"GenericAll","IsInherited":false},{"PrincipalSID":"S-1-5-21-254479581-914559915-1075136021-519","PrincipalType":"Group","RightName":"GenericAll","IsInherited":true},{"PrincipalSID":"ESSOS.LOCAL-S-1-5-32-544","PrincipalType":"Group","RightName":"WriteDacl","IsInherited":true},{"PrincipalSID":"ESSOS.LOCAL-S-1-5-32-544","PrincipalType":"Group","RightName":"WriteOwner","IsInherited":true},{"PrincipalSID":"ESSOS.LOCAL-S-1-5-32-544","PrincipalType":"Group","RightName":"GenericWrite","IsInherited":true}],"ObjectIdentifier":"ESSOS.LOCAL-S-1-5-32-561","IsDeleted":false,"IsACLProtected":false},{"Properties":{"domain":"ESSOS.LOCAL","name":"EVENT LOG READERS@ESSOS.LOCAL","distinguishedname":"CN=EVENT LOG READERS,CN=BUILTIN,DC=ESSOS,DC=LOCAL","domainsid":"S-1-5-21-254479581-914559915-1075136021","highvalue":false,"samaccountname":"Event Log Readers","description":"Members of this group can read event logs from local machine","whencreated":1688585320,"admincount":false},"Members":[],"Aces":[{"PrincipalSID":"ESSOS.LOCAL-S-1-5-32-544","PrincipalType":"Group","RightName":"Owns","IsInherited":false},{"PrincipalSID":"ESSOS.LOCAL-S-1-5-32-548","PrincipalType":"Group","RightName":"GenericAll","IsInherited":false},{"PrincipalSID":"S-1-5-21-254479581-914559915-1075136021-512","PrincipalType":"Group","RightName":"GenericAll","IsInherited":false},{"PrincipalSID":"S-1-5-21-254479581-914559915-1075136021-519","PrincipalType":"Group","RightName":"GenericAll","IsInherited":true},{"PrincipalSID":"ESSOS.LOCAL-S-1-5-32-544","PrincipalType":"Group","RightName":"WriteDacl","IsInherited":true},{"PrincipalSID":"ESSOS.LOCAL-S-1-5-32-544","PrincipalType":"Group","RightName":"WriteOwner","IsInherited":true},{"PrincipalSID":"ESSOS.LOCAL-S-1-5-32-544","PrincipalType":"Group","RightName":"GenericWrite","IsInherited":true}],"ObjectIdentifier":"ESSOS.LOCAL-S-1-5-32-573","IsDeleted":false,"IsACLProtected":false},{"Properties":{"domain":"ESSOS.LOCAL","name":"PRE-WINDOWS 2000 COMPATIBLE ACCESS@ESSOS.LOCAL","distinguishedname":"CN=PRE-WINDOWS 2000 COMPATIBLE ACCESS,CN=BUILTIN,DC=ESSOS,DC=LOCAL","domainsid":"S-1-5-21-254479581-914559915-1075136021","highvalue":false,"samaccountname":"Pre-Windows 2000 Compatible Access","description":"A backward compatibility group which allows read access on all users and groups in the domain","whencreated":1688585636,"admincount":false},"Members":[{"ObjectIdentifier":"S-1-5-21-254479581-914559915-1075136021-1104","ObjectType":"Computer"},{"ObjectIdentifier":"ESSOS.LOCAL-S-1-5-11","ObjectType":"Group"}],"Aces":[{"PrincipalSID":"S-1-5-21-254479581-914559915-1075136021-512","PrincipalType":"Group","RightName":"Owns","IsInherited":false},{"PrincipalSID":"ESSOS.LOCAL-S-1-5-32-548","PrincipalType":"Group","RightName":"GenericAll","IsInherited":false},{"PrincipalSID":"S-1-5-21-254479581-914559915-1075136021-512","PrincipalType":"Group","RightName":"GenericAll","IsInherited":false},{"PrincipalSID":"S-1-5-21-254479581-914559915-1075136021-519","PrincipalType":"Group","RightName":"GenericAll","IsInherited":true},{"PrincipalSID":"ESSOS.LOCAL-S-1-5-32-544","PrincipalType":"Group","RightName":"WriteDacl","IsInherited":true},{"PrincipalSID":"ESSOS.LOCAL-S-1-5-32-544","PrincipalType":"Group","RightName":"WriteOwner","IsInherited":true},{"PrincipalSID":"ESSOS.LOCAL-S-1-5-32-544","PrincipalType":"Group","RightName":"GenericWrite","IsInherited":true}],"ObjectIdentifier":"ESSOS.LOCAL-S-1-5-32-554","IsDeleted":false,"IsACLProtected":false},{"Properties":{"name":"ENTERPRISE DOMAIN CONTROLLERS@ESSOS.LOCAL","domainsid":"S-1-5-21-254479581-914559915-1075136021","domain":"ESSOS.LOCAL"},"Members":[],"Aces":[],"ObjectIdentifier":"ESSOS.LOCAL-S-1-5-9","IsDeleted":false,"IsACLProtected":false},{"Properties":{"name":"TERMINAL SERVER LICENSE SERVERS@ESSOS.LOCAL","domainsid":"S-1-5-21-254479581-914559915-1075136021","domain":"ESSOS.LOCAL"},"Members":[],"Aces":[],"ObjectIdentifier":"ESSOS.LOCAL-S-1-5-32-561","IsDeleted":false,"IsACLProtected":false},{"Properties":{"name":"THIS ORGANIZATION @ESSOS.LOCAL","domainsid":"S-1-5-21-254479581-914559915-1075136021","domain":"ESSOS.LOCAL"},"Members":[],"Aces":[],"ObjectIdentifier":"ESSOS.LOCAL-S-1-5-17","IsDeleted":false,"IsACLProtected":false},{"Properties":{"name":"EVERYONE@ESSOS.LOCAL","domainsid":"S-1-5-21-254479581-914559915-1075136021","domain":"ESSOS.LOCAL"},"Members":[],"Aces":[],"ObjectIdentifier":"ESSOS.LOCAL-S-1-1-0","IsDeleted":false,"IsACLProtected":false},{"Properties":{"name":"WINDOWS AUTHORIZATION ACCESS GROUP@ESSOS.LOCAL","domainsid":"S-1-5-21-254479581-914559915-1075136021","domain":"ESSOS.LOCAL"},"Members":[],"Aces":[],"ObjectIdentifier":"ESSOS.LOCAL-S-1-5-32-560","IsDeleted":false,"IsACLProtected":false},{"Properties":{"name":"ACCOUNT OPERATORS@ESSOS.LOCAL","domainsid":"S-1-5-21-254479581-914559915-1075136021","domain":"ESSOS.LOCAL"},"Members":[],"Aces":[],"ObjectIdentifier":"ESSOS.LOCAL-S-1-5-32-548","IsDeleted":false,"IsACLProtected":false},{"Properties":{"name":"ADMINISTRATORS@ESSOS.LOCAL","domainsid":"S-1-5-21-254479581-914559915-1075136021","domain":"ESSOS.LOCAL"},"Members":[],"Aces":[],"ObjectIdentifier":"ESSOS.LOCAL-S-1-5-32-544","IsDeleted":false,"IsACLProtected":false},{"Properties":{"name":"PRE-WINDOWS 2000 COMPATIBLE ACCESS@ESSOS.LOCAL","domainsid":"S-1-5-21-254479581-914559915-1075136021","domain":"ESSOS.LOCAL"},"Members":[],"Aces":[],"ObjectIdentifier":"ESSOS.LOCAL-S-1-5-32-554","IsDeleted":false,"IsACLProtected":false},{"Properties":{"name":"INTERACTIVE@ESSOS.LOCAL","domainsid":"S-1-5-21-254479581-914559915-1075136021","domain":"ESSOS.LOCAL"},"Members":[],"Aces":[],"ObjectIdentifier":"ESSOS.LOCAL-S-1-5-4","IsDeleted":false,"IsACLProtected":false},{"Properties":{"name":"PRINT OPERATORS@ESSOS.LOCAL","domainsid":"S-1-5-21-254479581-914559915-1075136021","domain":"ESSOS.LOCAL"},"Members":[],"Aces":[],"ObjectIdentifier":"ESSOS.LOCAL-S-1-5-32-550","IsDeleted":false,"IsACLProtected":false},{"Properties":{"name":"AUTHENTICATED USERS@ESSOS.LOCAL","domainsid":"S-1-5-21-254479581-914559915-1075136021","domain":"ESSOS.LOCAL"},"Members":[],"Aces":[],"ObjectIdentifier":"ESSOS.LOCAL-S-1-5-11","IsDeleted":false,"IsACLProtected":false},{"Properties":{"name":"INCOMING FOREST TRUST BUILDERS@ESSOS.LOCAL","domainsid":"S-1-5-21-254479581-914559915-1075136021","domain":"ESSOS.LOCAL"},"Members":[],"Aces":[],"ObjectIdentifier":"ESSOS.LOCAL-S-1-5-32-557","IsDeleted":false,"IsACLProtected":false},{"Properties":{"name":"ENTERPRISE DOMAIN CONTROLLERS@ESSOS.LOCAL","domainsid":"S-1-5-21-254479581-914559915-1075136021","domain":"essos.local"},"Members":[{"ObjectIdentifier":"S-1-5-21-254479581-914559915-1075136021-1001","ObjectType":"Computer"}],"Aces":[],"ObjectIdentifier":"ESSOS.LOCAL-S-1-5-9","IsDeleted":false,"IsACLProtected":false}],"meta":{"methods":29695,"type":"groups","count":66,"version":5}}