﻿{"data":[{"Properties":{"domain":"ESSOS.LOCAL","name":"BRAAVOS.ESSOS.LOCAL","distinguishedname":"CN=BRAAVOS,OU=LAPS,DC=ESSOS,DC=LOCAL","domainsid":"S-1-5-21-254479581-914559915-1075136021","highvalue":false,"samaccountname":"BRAAVOS$","haslaps":true,"description":null,"whencreated":1688586627,"enabled":true,"unconstraineddelegation":false,"trustedtoauth":false,"lastlogon":1690984158,"lastlogontimestamp":1690624511,"pwdlastset":1688611827,"serviceprincipalnames":["TERMSRV/BRAAVOS","TERMSRV/braavos.essos.local","RestrictedKrbHost/BRAAVOS","HOST/BRAAVOS","RestrictedKrbHost/braavos.essos.local","HOST/braavos.essos.local"],"operatingsystem":"Windows Server 2016 Standard Evaluation","sidhistory":[]},"PrimaryGroupSID":"S-1-5-21-254479581-914559915-1075136021-515","AllowedToDelegate":[],"AllowedToAct":[],"HasSIDHistory":[],"DumpSMSAPassword":[],"Sessions":{"Results":[],"Collected":true,"FailureReason":null},"PrivilegedSessions":{"Results":[],"Collected":false,"FailureReason":"ERROR_ACCESS_DENIED"},"RegistrySessions":{"Results":[{"UserSID":"S-1-5-21-254479581-914559915-1075136021-1114","ComputerSID":"S-1-5-21-254479581-914559915-1075136021-1104"}],"Collected":true,"FailureReason":null},"LocalAdmins":{"Results":[],"Collected":false,"FailureReason":"SAMRPCServerInit Failed"},"RemoteDesktopUsers":{"Results":[],"Collected":false,"FailureReason":"SAMRPCServerInit Failed"},"DcomUsers":{"Results":[],"Collected":false,"FailureReason":"SAMRPCServerInit Failed"},"PSRemoteUsers":{"Results":[],"Collected":false,"FailureReason":"SAMRPCServerInit Failed"},"Status":null,"Aces":[{"PrincipalSID":"S-1-5-21-254479581-914559915-1075136021-512","PrincipalType":"Group","RightName":"Owns","IsInherited":false},{"PrincipalSID":"ESSOS.LOCAL-S-1-5-32-548","PrincipalType":"Group","RightName":"GenericAll","IsInherited":false},{"PrincipalSID":"S-1-5-21-254479581-914559915-1075136021-512","PrincipalType":"Group","RightName":"GenericAll","IsInherited":false},{"PrincipalSID":"S-1-5-21-254479581-914559915-1075136021-526","PrincipalType":"Group","RightName":"AddKeyCredentialLink","IsInherited":true},{"PrincipalSID":"S-1-5-21-254479581-914559915-1075136021-527","PrincipalType":"Group","RightName":"AddKeyCredentialLink","IsInherited":true},{"PrincipalSID":"S-1-5-21-254479581-914559915-1075136021-519","PrincipalType":"Group","RightName":"GenericAll","IsInherited":true},{"PrincipalSID":"ESSOS.LOCAL-S-1-5-32-544","PrincipalType":"Group","RightName":"WriteDacl","IsInherited":true},{"PrincipalSID":"ESSOS.LOCAL-S-1-5-32-544","PrincipalType":"Group","RightName":"WriteOwner","IsInherited":true},{"PrincipalSID":"ESSOS.LOCAL-S-1-5-32-544","PrincipalType":"Group","RightName":"AllExtendedRights","IsInherited":true},{"PrincipalSID":"ESSOS.LOCAL-S-1-5-32-544","PrincipalType":"Group","RightName":"GenericWrite","IsInherited":true}],"ObjectIdentifier":"S-1-5-21-254479581-914559915-1075136021-1104","IsDeleted":false,"IsACLProtected":false},{"Properties":{"domain":"ESSOS.LOCAL","name":"MEEREEN.ESSOS.LOCAL","distinguishedname":"CN=MEEREEN,OU=DOMAIN CONTROLLERS,DC=ESSOS,DC=LOCAL","domainsid":"S-1-5-21-254479581-914559915-1075136021","highvalue":false,"samaccountname":"MEEREEN$","haslaps":false,"description":null,"whencreated":1688585635,"enabled":true,"unconstraineddelegation":true,"trustedtoauth":false,"lastlogon":1690959064,"lastlogontimestamp":1690624467,"pwdlastset":1688610857,"serviceprincipalnames":["TERMSRV/MEEREEN","TERMSRV/meereen.essos.local","Dfsr-12F9A27C-BF97-4787-9364-D31B6C55EB04/meereen.essos.local","ldap/meereen.essos.local/ForestDnsZones.essos.local","ldap/meereen.essos.local/DomainDnsZones.essos.local","DNS/meereen.essos.local","GC/meereen.essos.local/essos.local","RestrictedKrbHost/meereen.essos.local","RestrictedKrbHost/MEEREEN","RPC/9af48305-c121-46bb-9dcb-5b0cb66b99c4._msdcs.essos.local","HOST/MEEREEN/ESSOS","HOST/meereen.essos.local/ESSOS","HOST/MEEREEN","HOST/meereen.essos.local","HOST/meereen.essos.local/essos.local","E3514235-4B06-11D1-AB04-00C04FC2DCD2/9af48305-c121-46bb-9dcb-5b0cb66b99c4/essos.local","ldap/MEEREEN/ESSOS","ldap/9af48305-c121-46bb-9dcb-5b0cb66b99c4._msdcs.essos.local","ldap/meereen.essos.local/ESSOS","ldap/MEEREEN","ldap/meereen.essos.local","ldap/meereen.essos.local/essos.local"],"operatingsystem":"Windows Server 2016 Standard Evaluation","sidhistory":[]},"PrimaryGroupSID":"S-1-5-21-254479581-914559915-1075136021-516","AllowedToDelegate":[],"AllowedToAct":[],"HasSIDHistory":[],"DumpSMSAPassword":[],"Sessions":{"Results":[],"Collected":true,"FailureReason":null},"PrivilegedSessions":{"Results":[],"Collected":false,"FailureReason":"ERROR_ACCESS_DENIED"},"RegistrySessions":{"Results":[],"Collected":true,"FailureReason":null},"LocalAdmins":{"Results":[{"ObjectIdentifier":"S-1-5-21-254479581-914559915-1075136021-500","ObjectType":"User"},{"ObjectIdentifier":"S-1-5-21-254479581-914559915-1075136021-1000","ObjectType":"User"},{"ObjectIdentifier":"S-1-5-21-254479581-914559915-1075136021-519","ObjectType":"Group"},{"ObjectIdentifier":"S-1-5-21-254479581-914559915-1075136021-512","ObjectType":"Group"},{"ObjectIdentifier":"S-1-5-21-254479581-914559915-1075136021-1110","ObjectType":"Base"},{"ObjectIdentifier":"S-1-5-21-254479581-914559915-1075136021-1115","ObjectType":"User"}],"Collected":true,"FailureReason":null},"RemoteDesktopUsers":{"Results":[{"ObjectIdentifier":"S-1-5-21-254479581-914559915-1075136021-1106","ObjectType":"Group"}],"Collected":true,"FailureReason":null},"DcomUsers":{"Results":[],"Collected":true,"FailureReason":null},"PSRemoteUsers":{"Results":[],"Collected":true,"FailureReason":null},"Status":null,"Aces":[{"PrincipalSID":"S-1-5-21-254479581-914559915-1075136021-512","PrincipalType":"Group","RightName":"Owns","IsInherited":false},{"PrincipalSID":"S-1-5-21-254479581-914559915-1075136021-512","PrincipalType":"Group","RightName":"GenericAll","IsInherited":false},{"PrincipalSID":"S-1-5-21-254479581-914559915-1075136021-526","PrincipalType":"Group","RightName":"AddKeyCredentialLink","IsInherited":true},{"PrincipalSID":"S-1-5-21-254479581-914559915-1075136021-527","PrincipalType":"Group","RightName":"AddKeyCredentialLink","IsInherited":true},{"PrincipalSID":"S-1-5-21-254479581-914559915-1075136021-519","PrincipalType":"Group","RightName":"GenericAll","IsInherited":true},{"PrincipalSID":"ESSOS.LOCAL-S-1-5-32-544","PrincipalType":"Group","RightName":"WriteDacl","IsInherited":true},{"PrincipalSID":"ESSOS.LOCAL-S-1-5-32-544","PrincipalType":"Group","RightName":"WriteOwner","IsInherited":true},{"PrincipalSID":"ESSOS.LOCAL-S-1-5-32-544","PrincipalType":"Group","RightName":"GenericWrite","IsInherited":true}],"ObjectIdentifier":"S-1-5-21-254479581-914559915-1075136021-1001","IsDeleted":false,"IsACLProtected":false}],"meta":{"methods":29695,"type":"computers","count":2,"version":5}}