﻿{"data":[{"Properties":{"domain":"SEVENKINGDOMS.LOCAL","name":"MICROSOFT@SEVENKINGDOMS.LOCAL","distinguishedname":"CN=MICROSOFT,CN=PROGRAM DATA,DC=SEVENKINGDOMS,DC=LOCAL","domainsid":"S-1-5-21-3356225206-989342118-3217507422","highvalue":false},"ChildObjects":[],"Aces":[{"PrincipalSID":"S-1-5-21-3356225206-989342118-3217507422-512","PrincipalType":"Group","RightName":"Owns","IsInherited":false},{"PrincipalSID":"S-1-5-21-3356225206-989342118-3217507422-512","PrincipalType":"Group","RightName":"GenericAll","IsInherited":false},{"PrincipalSID":"S-1-5-21-3356225206-989342118-3217507422-519","PrincipalType":"Base","RightName":"GenericAll","IsInherited":true},{"PrincipalSID":"SEVENKINGDOMS.LOCAL-S-1-5-32-544","PrincipalType":"Group","RightName":"WriteDacl","IsInherited":true},{"PrincipalSID":"SEVENKINGDOMS.LOCAL-S-1-5-32-544","PrincipalType":"Group","RightName":"WriteOwner","IsInherited":true}],"ObjectIdentifier":"82222838-3451-4589-912C-62545D0FA1FC","IsDeleted":false,"IsACLProtected":false},{"Properties":{"domain":"SEVENKINGDOMS.LOCAL","name":"FOREIGNSECURITYPRINCIPALS@SEVENKINGDOMS.LOCAL","distinguishedname":"CN=FOREIGNSECURITYPRINCIPALS,DC=SEVENKINGDOMS,DC=LOCAL","domainsid":"S-1-5-21-3356225206-989342118-3217507422","highvalue":false},"ChildObjects":[],"Aces":[{"PrincipalSID":"S-1-5-21-3356225206-989342118-3217507422-512","PrincipalType":"Group","RightName":"Owns","IsInherited":false},{"PrincipalSID":"S-1-5-21-3356225206-989342118-3217507422-512","PrincipalType":"Group","RightName":"GenericAll","IsInherited":false},{"PrincipalSID":"S-1-5-21-3356225206-989342118-3217507422-519","PrincipalType":"Base","RightName":"GenericAll","IsInherited":true},{"PrincipalSID":"SEVENKINGDOMS.LOCAL-S-1-5-32-544","PrincipalType":"Group","RightName":"WriteDacl","IsInherited":true},{"PrincipalSID":"SEVENKINGDOMS.LOCAL-S-1-5-32-544","PrincipalType":"Group","RightName":"WriteOwner","IsInherited":true}],"ObjectIdentifier":"3B6DADAF-DB20-4951-ADC1-D0242DE91CBF","IsDeleted":false,"IsACLProtected":false},{"Properties":{"domain":"SEVENKINGDOMS.LOCAL","name":"WMIPOLICY@SEVENKINGDOMS.LOCAL","distinguishedname":"CN=WMIPOLICY,CN=SYSTEM,DC=SEVENKINGDOMS,DC=LOCAL","domainsid":"S-1-5-21-3356225206-989342118-3217507422","highvalue":false},"ChildObjects":[],"Aces":[{"PrincipalSID":"S-1-5-21-3356225206-989342118-3217507422-512","PrincipalType":"Group","RightName":"Owns","IsInherited":false},{"PrincipalSID":"S-1-5-21-3356225206-989342118-3217507422-512","PrincipalType":"Group","RightName":"GenericAll","IsInherited":false},{"PrincipalSID":"S-1-5-21-3356225206-989342118-3217507422-519","PrincipalType":"Base","RightName":"GenericAll","IsInherited":false}],"ObjectIdentifier":"D984B115-99AA-4ABB-8C6F-EC02FA369CC9","IsDeleted":false,"IsACLProtected":true},{"Properties":{"domain":"SEVENKINGDOMS.LOCAL","name":"MANAGED SERVICE ACCOUNTS@SEVENKINGDOMS.LOCAL","distinguishedname":"CN=MANAGED SERVICE ACCOUNTS,DC=SEVENKINGDOMS,DC=LOCAL","domainsid":"S-1-5-21-3356225206-989342118-3217507422","highvalue":false},"ChildObjects":[],"Aces":[{"PrincipalSID":"S-1-5-21-3356225206-989342118-3217507422-512","PrincipalType":"Group","RightName":"Owns","IsInherited":false},{"PrincipalSID":"S-1-5-21-3356225206-989342118-3217507422-512","PrincipalType":"Group","RightName":"WriteDacl","IsInherited":false},{"PrincipalSID":"S-1-5-21-3356225206-989342118-3217507422-512","PrincipalType":"Group","RightName":"WriteOwner","IsInherited":false},{"PrincipalSID":"S-1-5-21-3356225206-989342118-3217507422-519","PrincipalType":"Base","RightName":"GenericAll","IsInherited":true},{"PrincipalSID":"SEVENKINGDOMS.LOCAL-S-1-5-32-544","PrincipalType":"Group","RightName":"WriteDacl","IsInherited":true},{"PrincipalSID":"SEVENKINGDOMS.LOCAL-S-1-5-32-544","PrincipalType":"Group","RightName":"WriteOwner","IsInherited":true}],"ObjectIdentifier":"5E09A05A-6431-4842-B453-D83827FCB464","IsDeleted":false,"IsACLProtected":false},{"Properties":{"domain":"SEVENKINGDOMS.LOCAL","name":"WINSOCKSERVICES@SEVENKINGDOMS.LOCAL","distinguishedname":"CN=WINSOCKSERVICES,CN=SYSTEM,DC=SEVENKINGDOMS,DC=LOCAL","domainsid":"S-1-5-21-3356225206-989342118-3217507422","highvalue":false},"ChildObjects":[],"Aces":[{"PrincipalSID":"S-1-5-21-3356225206-989342118-3217507422-512","PrincipalType":"Group","RightName":"Owns","IsInherited":false},{"PrincipalSID":"S-1-5-21-3356225206-989342118-3217507422-512","PrincipalType":"Group","RightName":"WriteDacl","IsInherited":false},{"PrincipalSID":"S-1-5-21-3356225206-989342118-3217507422-512","PrincipalType":"Group","RightName":"WriteOwner","IsInherited":false},{"PrincipalSID":"S-1-5-21-3356225206-989342118-3217507422-519","PrincipalType":"Base","RightName":"GenericAll","IsInherited":true},{"PrincipalSID":"SEVENKINGDOMS.LOCAL-S-1-5-32-544","PrincipalType":"Group","RightName":"WriteDacl","IsInherited":true},{"PrincipalSID":"SEVENKINGDOMS.LOCAL-S-1-5-32-544","PrincipalType":"Group","RightName":"WriteOwner","IsInherited":true}],"ObjectIdentifier":"77E9D877-36EA-47C6-8D92-22CFE8A760FA","IsDeleted":false,"IsACLProtected":false},{"Properties":{"domain":"SEVENKINGDOMS.LOCAL","name":"RPCSERVICES@SEVENKINGDOMS.LOCAL","distinguishedname":"CN=RPCSERVICES,CN=SYSTEM,DC=SEVENKINGDOMS,DC=LOCAL","domainsid":"S-1-5-21-3356225206-989342118-3217507422","highvalue":false},"ChildObjects":[],"Aces":[{"PrincipalSID":"S-1-5-21-3356225206-989342118-3217507422-512","PrincipalType":"Group","RightName":"Owns","IsInherited":false},{"PrincipalSID":"S-1-5-21-3356225206-989342118-3217507422-512","PrincipalType":"Group","RightName":"WriteDacl","IsInherited":false},{"PrincipalSID":"S-1-5-21-3356225206-989342118-3217507422-512","PrincipalType":"Group","RightName":"WriteOwner","IsInherited":false},{"PrincipalSID":"S-1-5-21-3356225206-989342118-3217507422-519","PrincipalType":"Base","RightName":"GenericAll","IsInherited":true},{"PrincipalSID":"SEVENKINGDOMS.LOCAL-S-1-5-32-544","PrincipalType":"Group","RightName":"WriteDacl","IsInherited":true},{"PrincipalSID":"SEVENKINGDOMS.LOCAL-S-1-5-32-544","PrincipalType":"Group","RightName":"WriteOwner","IsInherited":true}],"ObjectIdentifier":"E8789F33-9977-4393-A2D9-2E3B847F9882","IsDeleted":false,"IsACLProtected":false},{"Properties":{"domain":"SEVENKINGDOMS.LOCAL","name":"COMPUTERS@SEVENKINGDOMS.LOCAL","distinguishedname":"CN=COMPUTERS,DC=SEVENKINGDOMS,DC=LOCAL","domainsid":"S-1-5-21-3356225206-989342118-3217507422","highvalue":false},"ChildObjects":[],"Aces":[{"PrincipalSID":"S-1-5-21-3356225206-989342118-3217507422-512","PrincipalType":"Group","RightName":"Owns","IsInherited":false},{"PrincipalSID":"S-1-5-21-3356225206-989342118-3217507422-512","PrincipalType":"Group","RightName":"WriteDacl","IsInherited":false},{"PrincipalSID":"S-1-5-21-3356225206-989342118-3217507422-512","PrincipalType":"Group","RightName":"WriteOwner","IsInherited":false},{"PrincipalSID":"S-1-5-21-3356225206-989342118-3217507422-519","PrincipalType":"Base","RightName":"GenericAll","IsInherited":true},{"PrincipalSID":"SEVENKINGDOMS.LOCAL-S-1-5-32-544","PrincipalType":"Group","RightName":"WriteDacl","IsInherited":true},{"PrincipalSID":"SEVENKINGDOMS.LOCAL-S-1-5-32-544","PrincipalType":"Group","RightName":"WriteOwner","IsInherited":true}],"ObjectIdentifier":"037BCD3A-E718-41C5-B930-95153A19B119","IsDeleted":false,"IsACLProtected":false},{"Properties":{"domain":"SEVENKINGDOMS.LOCAL","name":"SYSTEM@SEVENKINGDOMS.LOCAL","distinguishedname":"CN=SYSTEM,DC=SEVENKINGDOMS,DC=LOCAL","domainsid":"S-1-5-21-3356225206-989342118-3217507422","highvalue":false},"ChildObjects":[],"Aces":[{"PrincipalSID":"S-1-5-21-3356225206-989342118-3217507422-512","PrincipalType":"Group","RightName":"Owns","IsInherited":false},{"PrincipalSID":"S-1-5-21-3356225206-989342118-3217507422-512","PrincipalType":"Group","RightName":"WriteDacl","IsInherited":false},{"PrincipalSID":"S-1-5-21-3356225206-989342118-3217507422-512","PrincipalType":"Group","RightName":"WriteOwner","IsInherited":false},{"PrincipalSID":"S-1-5-21-3356225206-989342118-3217507422-519","PrincipalType":"Base","RightName":"GenericAll","IsInherited":true},{"PrincipalSID":"SEVENKINGDOMS.LOCAL-S-1-5-32-544","PrincipalType":"Group","RightName":"WriteDacl","IsInherited":true},{"PrincipalSID":"SEVENKINGDOMS.LOCAL-S-1-5-32-544","PrincipalType":"Group","RightName":"WriteOwner","IsInherited":true}],"ObjectIdentifier":"0528186F-D1F2-4127-859E-4BBD8863E483","IsDeleted":false,"IsACLProtected":false},{"Properties":{"domain":"SEVENKINGDOMS.LOCAL","name":"PROGRAM DATA@SEVENKINGDOMS.LOCAL","distinguishedname":"CN=PROGRAM DATA,DC=SEVENKINGDOMS,DC=LOCAL","domainsid":"S-1-5-21-3356225206-989342118-3217507422","highvalue":false},"ChildObjects":[],"Aces":[{"PrincipalSID":"S-1-5-21-3356225206-989342118-3217507422-512","PrincipalType":"Group","RightName":"Owns","IsInherited":false},{"PrincipalSID":"S-1-5-21-3356225206-989342118-3217507422-512","PrincipalType":"Group","RightName":"GenericAll","IsInherited":false},{"PrincipalSID":"S-1-5-21-3356225206-989342118-3217507422-519","PrincipalType":"Base","RightName":"GenericAll","IsInherited":true},{"PrincipalSID":"SEVENKINGDOMS.LOCAL-S-1-5-32-544","PrincipalType":"Group","RightName":"WriteDacl","IsInherited":true},{"PrincipalSID":"SEVENKINGDOMS.LOCAL-S-1-5-32-544","PrincipalType":"Group","RightName":"WriteOwner","IsInherited":true}],"ObjectIdentifier":"6CE53372-755C-4E8D-BE9E-2279E4A078D0","IsDeleted":false,"IsACLProtected":false},{"Properties":{"domain":"SEVENKINGDOMS.LOCAL","name":"COMPARTITIONS@SEVENKINGDOMS.LOCAL","distinguishedname":"CN=COMPARTITIONS,CN=SYSTEM,DC=SEVENKINGDOMS,DC=LOCAL","domainsid":"S-1-5-21-3356225206-989342118-3217507422","highvalue":false},"ChildObjects":[],"Aces":[{"PrincipalSID":"S-1-5-21-3356225206-989342118-3217507422-512","PrincipalType":"Group","RightName":"Owns","IsInherited":false},{"PrincipalSID":"S-1-5-21-3356225206-989342118-3217507422-512","PrincipalType":"Group","RightName":"WriteDacl","IsInherited":false},{"PrincipalSID":"S-1-5-21-3356225206-989342118-3217507422-512","PrincipalType":"Group","RightName":"WriteOwner","IsInherited":false},{"PrincipalSID":"S-1-5-21-3356225206-989342118-3217507422-519","PrincipalType":"Base","RightName":"GenericAll","IsInherited":true},{"PrincipalSID":"SEVENKINGDOMS.LOCAL-S-1-5-32-544","PrincipalType":"Group","RightName":"WriteDacl","IsInherited":true},{"PrincipalSID":"SEVENKINGDOMS.LOCAL-S-1-5-32-544","PrincipalType":"Group","RightName":"WriteOwner","IsInherited":true}],"ObjectIdentifier":"3347D2F9-2DE4-4580-879C-55F5BB420967","IsDeleted":false,"IsACLProtected":false},{"Properties":{"domain":"SEVENKINGDOMS.LOCAL","name":"COMPARTITIONSETS@SEVENKINGDOMS.LOCAL","distinguishedname":"CN=COMPARTITIONSETS,CN=SYSTEM,DC=SEVENKINGDOMS,DC=LOCAL","domainsid":"S-1-5-21-3356225206-989342118-3217507422","highvalue":false},"ChildObjects":[],"Aces":[{"PrincipalSID":"S-1-5-21-3356225206-989342118-3217507422-512","PrincipalType":"Group","RightName":"Owns","IsInherited":false},{"PrincipalSID":"S-1-5-21-3356225206-989342118-3217507422-512","PrincipalType":"Group","RightName":"WriteDacl","IsInherited":false},{"PrincipalSID":"S-1-5-21-3356225206-989342118-3217507422-512","PrincipalType":"Group","RightName":"WriteOwner","IsInherited":false},{"PrincipalSID":"S-1-5-21-3356225206-989342118-3217507422-519","PrincipalType":"Base","RightName":"GenericAll","IsInherited":true},{"PrincipalSID":"SEVENKINGDOMS.LOCAL-S-1-5-32-544","PrincipalType":"Group","RightName":"WriteDacl","IsInherited":true},{"PrincipalSID":"SEVENKINGDOMS.LOCAL-S-1-5-32-544","PrincipalType":"Group","RightName":"WriteOwner","IsInherited":true}],"ObjectIdentifier":"1BA49727-44AC-4B8C-BC7A-F82B1AA5FEF5","IsDeleted":false,"IsACLProtected":false},{"Properties":{"domain":"SEVENKINGDOMS.LOCAL","name":"POLICYTYPE@SEVENKINGDOMS.LOCAL","distinguishedname":"CN=POLICYTYPE,CN=WMIPOLICY,CN=SYSTEM,DC=SEVENKINGDOMS,DC=LOCAL","domainsid":"S-1-5-21-3356225206-989342118-3217507422","highvalue":false},"ChildObjects":[],"Aces":[{"PrincipalSID":"S-1-5-21-3356225206-989342118-3217507422-512","PrincipalType":"Group","RightName":"Owns","IsInherited":false},{"PrincipalSID":"S-1-5-21-3356225206-989342118-3217507422-512","PrincipalType":"Group","RightName":"WriteDacl","IsInherited":false},{"PrincipalSID":"S-1-5-21-3356225206-989342118-3217507422-512","PrincipalType":"Group","RightName":"WriteOwner","IsInherited":false},{"PrincipalSID":"S-1-5-21-3356225206-989342118-3217507422-519","PrincipalType":"Base","RightName":"GenericAll","IsInherited":true},{"PrincipalSID":"S-1-5-21-3356225206-989342118-3217507422-512","PrincipalType":"Group","RightName":"GenericAll","IsInherited":true}],"ObjectIdentifier":"D6BA3689-06E5-418D-B35A-80062AFBC331","IsDeleted":false,"IsACLProtected":false},{"Properties":{"domain":"SEVENKINGDOMS.LOCAL","name":"MEETINGS@SEVENKINGDOMS.LOCAL","distinguishedname":"CN=MEETINGS,CN=SYSTEM,DC=SEVENKINGDOMS,DC=LOCAL","domainsid":"S-1-5-21-3356225206-989342118-3217507422","highvalue":false},"ChildObjects":[],"Aces":[{"PrincipalSID":"S-1-5-21-3356225206-989342118-3217507422-512","PrincipalType":"Group","RightName":"Owns","IsInherited":false},{"PrincipalSID":"S-1-5-21-3356225206-989342118-3217507422-512","PrincipalType":"Group","RightName":"WriteDacl","IsInherited":false},{"PrincipalSID":"S-1-5-21-3356225206-989342118-3217507422-512","PrincipalType":"Group","RightName":"WriteOwner","IsInherited":false},{"PrincipalSID":"S-1-5-21-3356225206-989342118-3217507422-519","PrincipalType":"Base","RightName":"GenericAll","IsInherited":true},{"PrincipalSID":"SEVENKINGDOMS.LOCAL-S-1-5-32-544","PrincipalType":"Group","RightName":"WriteDacl","IsInherited":true},{"PrincipalSID":"SEVENKINGDOMS.LOCAL-S-1-5-32-544","PrincipalType":"Group","RightName":"WriteOwner","IsInherited":true}],"ObjectIdentifier":"C183EAB5-A024-424C-9750-231901C98238","IsDeleted":false,"IsACLProtected":false},{"Properties":{"domain":"SEVENKINGDOMS.LOCAL","name":"RAS AND IAS SERVERS ACCESS CHECK@SEVENKINGDOMS.LOCAL","distinguishedname":"CN=RAS AND IAS SERVERS ACCESS CHECK,CN=SYSTEM,DC=SEVENKINGDOMS,DC=LOCAL","domainsid":"S-1-5-21-3356225206-989342118-3217507422","highvalue":false},"ChildObjects":[],"Aces":[{"PrincipalSID":"S-1-5-21-3356225206-989342118-3217507422-512","PrincipalType":"Group","RightName":"Owns","IsInherited":false},{"PrincipalSID":"S-1-5-21-3356225206-989342118-3217507422-553","PrincipalType":"Group","RightName":"WriteDacl","IsInherited":false},{"PrincipalSID":"S-1-5-21-3356225206-989342118-3217507422-553","PrincipalType":"Group","RightName":"WriteOwner","IsInherited":false},{"PrincipalSID":"S-1-5-21-3356225206-989342118-3217507422-519","PrincipalType":"Base","RightName":"GenericAll","IsInherited":true},{"PrincipalSID":"SEVENKINGDOMS.LOCAL-S-1-5-32-544","PrincipalType":"Group","RightName":"WriteDacl","IsInherited":true},{"PrincipalSID":"SEVENKINGDOMS.LOCAL-S-1-5-32-544","PrincipalType":"Group","RightName":"WriteOwner","IsInherited":true}],"ObjectIdentifier":"0C8D5E0C-4C32-4817-990E-6F56BB8C59C5","IsDeleted":false,"IsACLProtected":false},{"Properties":{"domain":"SEVENKINGDOMS.LOCAL","name":"POLICIES@SEVENKINGDOMS.LOCAL","distinguishedname":"CN=POLICIES,CN=SYSTEM,DC=SEVENKINGDOMS,DC=LOCAL","domainsid":"S-1-5-21-3356225206-989342118-3217507422","highvalue":false},"ChildObjects":[],"Aces":[{"PrincipalSID":"S-1-5-21-3356225206-989342118-3217507422-512","PrincipalType":"Group","RightName":"Owns","IsInherited":false},{"PrincipalSID":"S-1-5-21-3356225206-989342118-3217507422-512","PrincipalType":"Group","RightName":"WriteDacl","IsInherited":false},{"PrincipalSID":"S-1-5-21-3356225206-989342118-3217507422-512","PrincipalType":"Group","RightName":"WriteOwner","IsInherited":false},{"PrincipalSID":"S-1-5-21-3356225206-989342118-3217507422-519","PrincipalType":"Base","RightName":"GenericAll","IsInherited":true},{"PrincipalSID":"SEVENKINGDOMS.LOCAL-S-1-5-32-544","PrincipalType":"Group","RightName":"WriteDacl","IsInherited":true},{"PrincipalSID":"SEVENKINGDOMS.LOCAL-S-1-5-32-544","PrincipalType":"Group","RightName":"WriteOwner","IsInherited":true}],"ObjectIdentifier":"1F0C3A3B-CD33-4DC8-A326-AF4BCD587877","IsDeleted":false,"IsACLProtected":false},{"Properties":{"domain":"SEVENKINGDOMS.LOCAL","name":"ADMINSDHOLDER@SEVENKINGDOMS.LOCAL","distinguishedname":"CN=ADMINSDHOLDER,CN=SYSTEM,DC=SEVENKINGDOMS,DC=LOCAL","domainsid":"S-1-5-21-3356225206-989342118-3217507422","highvalue":false},"ChildObjects":[],"Aces":[{"PrincipalSID":"S-1-5-21-3356225206-989342118-3217507422-512","PrincipalType":"Group","RightName":"Owns","IsInherited":false},{"PrincipalSID":"SEVENKINGDOMS.LOCAL-S-1-5-32-544","PrincipalType":"Group","RightName":"WriteDacl","IsInherited":false},{"PrincipalSID":"SEVENKINGDOMS.LOCAL-S-1-5-32-544","PrincipalType":"Group","RightName":"WriteOwner","IsInherited":false},{"PrincipalSID":"S-1-5-21-3356225206-989342118-3217507422-512","PrincipalType":"Group","RightName":"WriteDacl","IsInherited":false},{"PrincipalSID":"S-1-5-21-3356225206-989342118-3217507422-512","PrincipalType":"Group","RightName":"WriteOwner","IsInherited":false},{"PrincipalSID":"S-1-5-21-3356225206-989342118-3217507422-519","PrincipalType":"Base","RightName":"WriteDacl","IsInherited":false},{"PrincipalSID":"S-1-5-21-3356225206-989342118-3217507422-519","PrincipalType":"Base","RightName":"WriteOwner","IsInherited":false},{"PrincipalSID":"S-1-5-21-3356225206-989342118-3217507422-1122","PrincipalType":"User","RightName":"GenericAll","IsInherited":false}],"ObjectIdentifier":"3C04E041-8E3B-47C3-9DEC-757D180E2114","IsDeleted":false,"IsACLProtected":true},{"Properties":{"domain":"SEVENKINGDOMS.LOCAL","name":"PSPS@SEVENKINGDOMS.LOCAL","distinguishedname":"CN=PSPS,CN=SYSTEM,DC=SEVENKINGDOMS,DC=LOCAL","domainsid":"S-1-5-21-3356225206-989342118-3217507422","highvalue":false},"ChildObjects":[],"Aces":[{"PrincipalSID":"S-1-5-21-3356225206-989342118-3217507422-512","PrincipalType":"Group","RightName":"Owns","IsInherited":false},{"PrincipalSID":"S-1-5-21-3356225206-989342118-3217507422-512","PrincipalType":"Group","RightName":"GenericAll","IsInherited":false},{"PrincipalSID":"S-1-5-21-3356225206-989342118-3217507422-519","PrincipalType":"Base","RightName":"GenericAll","IsInherited":true},{"PrincipalSID":"SEVENKINGDOMS.LOCAL-S-1-5-32-544","PrincipalType":"Group","RightName":"WriteDacl","IsInherited":true},{"PrincipalSID":"SEVENKINGDOMS.LOCAL-S-1-5-32-544","PrincipalType":"Group","RightName":"WriteOwner","IsInherited":true}],"ObjectIdentifier":"1E987769-5B54-4BDA-9D65-135CED38357F","IsDeleted":false,"IsACLProtected":false},{"Properties":{"domain":"SEVENKINGDOMS.LOCAL","name":"SOM@SEVENKINGDOMS.LOCAL","distinguishedname":"CN=SOM,CN=WMIPOLICY,CN=SYSTEM,DC=SEVENKINGDOMS,DC=LOCAL","domainsid":"S-1-5-21-3356225206-989342118-3217507422","highvalue":false},"ChildObjects":[],"Aces":[{"PrincipalSID":"S-1-5-21-3356225206-989342118-3217507422-512","PrincipalType":"Group","RightName":"Owns","IsInherited":false},{"PrincipalSID":"S-1-5-21-3356225206-989342118-3217507422-512","PrincipalType":"Group","RightName":"GenericAll","IsInherited":false},{"PrincipalSID":"S-1-5-21-3356225206-989342118-3217507422-519","PrincipalType":"Base","RightName":"GenericAll","IsInherited":false}],"ObjectIdentifier":"98ADEE18-CF81-4875-ABEC-40AECC479F91","IsDeleted":false,"IsACLProtected":true},{"Properties":{"domain":"SEVENKINGDOMS.LOCAL","name":"WMIGPO@SEVENKINGDOMS.LOCAL","distinguishedname":"CN=WMIGPO,CN=WMIPOLICY,CN=SYSTEM,DC=SEVENKINGDOMS,DC=LOCAL","domainsid":"S-1-5-21-3356225206-989342118-3217507422","highvalue":false},"ChildObjects":[],"Aces":[{"PrincipalSID":"S-1-5-21-3356225206-989342118-3217507422-512","PrincipalType":"Group","RightName":"Owns","IsInherited":false},{"PrincipalSID":"S-1-5-21-3356225206-989342118-3217507422-512","PrincipalType":"Group","RightName":"WriteDacl","IsInherited":false},{"PrincipalSID":"S-1-5-21-3356225206-989342118-3217507422-512","PrincipalType":"Group","RightName":"WriteOwner","IsInherited":false},{"PrincipalSID":"S-1-5-21-3356225206-989342118-3217507422-519","PrincipalType":"Base","RightName":"GenericAll","IsInherited":true},{"PrincipalSID":"S-1-5-21-3356225206-989342118-3217507422-512","PrincipalType":"Group","RightName":"GenericAll","IsInherited":true}],"ObjectIdentifier":"3D704959-966C-4BBE-ABAA-2B4F70CA22EE","IsDeleted":false,"IsACLProtected":false},{"Properties":{"domain":"SEVENKINGDOMS.LOCAL","name":"USERS@SEVENKINGDOMS.LOCAL","distinguishedname":"CN=USERS,DC=SEVENKINGDOMS,DC=LOCAL","domainsid":"S-1-5-21-3356225206-989342118-3217507422","highvalue":false},"ChildObjects":[{"ObjectIdentifier":"S-1-5-21-3356225206-989342118-3217507422-1112","ObjectType":"Group"},{"ObjectIdentifier":"S-1-5-21-3356225206-989342118-3217507422-500","ObjectType":"User"},{"ObjectIdentifier":"S-1-5-21-3356225206-989342118-3217507422-571","ObjectType":"Group"},{"ObjectIdentifier":"S-1-5-21-3356225206-989342118-3217507422-517","ObjectType":"Group"},{"ObjectIdentifier":"S-1-5-21-3356225206-989342118-3217507422-522","ObjectType":"Group"},{"ObjectIdentifier":"S-1-5-21-3356225206-989342118-3217507422-572","ObjectType":"Group"},{"ObjectIdentifier":"S-1-5-21-3356225206-989342118-3217507422-1102","ObjectType":"Group"},{"ObjectIdentifier":"S-1-5-21-3356225206-989342118-3217507422-1103","ObjectType":"Group"},{"ObjectIdentifier":"S-1-5-21-3356225206-989342118-3217507422-512","ObjectType":"Group"},{"ObjectIdentifier":"S-1-5-21-3356225206-989342118-3217507422-515","ObjectType":"Group"},{"ObjectIdentifier":"S-1-5-21-3356225206-989342118-3217507422-516","ObjectType":"Group"},{"ObjectIdentifier":"S-1-5-21-3356225206-989342118-3217507422-514","ObjectType":"Group"},{"ObjectIdentifier":"S-1-5-21-3356225206-989342118-3217507422-513","ObjectType":"Group"},{"ObjectIdentifier":"S-1-5-21-3356225206-989342118-3217507422-519","ObjectType":"Base"},{"ObjectIdentifier":"S-1-5-21-3356225206-989342118-3217507422-527","ObjectType":"Base"},{"ObjectIdentifier":"S-1-5-21-3356225206-989342118-3217507422-498","ObjectType":"Group"},{"ObjectIdentifier":"S-1-5-21-3356225206-989342118-3217507422-520","ObjectType":"Group"},{"ObjectIdentifier":"S-1-5-21-3356225206-989342118-3217507422-501","ObjectType":"User"},{"ObjectIdentifier":"S-1-5-21-3356225206-989342118-3217507422-526","ObjectType":"Group"},{"ObjectIdentifier":"S-1-5-21-3356225206-989342118-3217507422-502","ObjectType":"User"},{"ObjectIdentifier":"S-1-5-21-3356225206-989342118-3217507422-525","ObjectType":"Group"},{"ObjectIdentifier":"S-1-5-21-3356225206-989342118-3217507422-553","ObjectType":"Group"},{"ObjectIdentifier":"S-1-5-21-3356225206-989342118-3217507422-521","ObjectType":"Group"},{"ObjectIdentifier":"S-1-5-21-3356225206-989342118-3217507422-518","ObjectType":"Group"},{"ObjectIdentifier":"S-1-5-21-3356225206-989342118-3217507422-1000","ObjectType":"User"}],"Aces":[{"PrincipalSID":"S-1-5-21-3356225206-989342118-3217507422-512","PrincipalType":"Group","RightName":"Owns","IsInherited":false},{"PrincipalSID":"S-1-5-21-3356225206-989342118-3217507422-512","PrincipalType":"Group","RightName":"WriteDacl","IsInherited":false},{"PrincipalSID":"S-1-5-21-3356225206-989342118-3217507422-512","PrincipalType":"Group","RightName":"WriteOwner","IsInherited":false},{"PrincipalSID":"S-1-5-21-3356225206-989342118-3217507422-519","PrincipalType":"Base","RightName":"GenericAll","IsInherited":true},{"PrincipalSID":"SEVENKINGDOMS.LOCAL-S-1-5-32-544","PrincipalType":"Group","RightName":"WriteDacl","IsInherited":true},{"PrincipalSID":"SEVENKINGDOMS.LOCAL-S-1-5-32-544","PrincipalType":"Group","RightName":"WriteOwner","IsInherited":true}],"ObjectIdentifier":"EDC9B47F-5A20-466B-B789-56256DCD26E8","IsDeleted":false,"IsACLProtected":false},{"Properties":{"domain":"SEVENKINGDOMS.LOCAL","name":"POLICYTEMPLATE@SEVENKINGDOMS.LOCAL","distinguishedname":"CN=POLICYTEMPLATE,CN=WMIPOLICY,CN=SYSTEM,DC=SEVENKINGDOMS,DC=LOCAL","domainsid":"S-1-5-21-3356225206-989342118-3217507422","highvalue":false},"ChildObjects":[],"Aces":[{"PrincipalSID":"S-1-5-21-3356225206-989342118-3217507422-512","PrincipalType":"Group","RightName":"Owns","IsInherited":false},{"PrincipalSID":"S-1-5-21-3356225206-989342118-3217507422-512","PrincipalType":"Group","RightName":"WriteDacl","IsInherited":false},{"PrincipalSID":"S-1-5-21-3356225206-989342118-3217507422-512","PrincipalType":"Group","RightName":"WriteOwner","IsInherited":false},{"PrincipalSID":"S-1-5-21-3356225206-989342118-3217507422-519","PrincipalType":"Base","RightName":"GenericAll","IsInherited":true},{"PrincipalSID":"S-1-5-21-3356225206-989342118-3217507422-512","PrincipalType":"Group","RightName":"GenericAll","IsInherited":true}],"ObjectIdentifier":"B068D41E-AE80-4CCE-AB23-DD338826AF8C","IsDeleted":false,"IsACLProtected":false}],"meta":{"methods":29695,"type":"containers","count":21,"version":5}}