﻿{"data":[{"GPOChanges":{"LocalAdmins":[],"RemoteDesktopUsers":[],"DcomUsers":[],"PSRemoteUsers":[],"AffectedComputers":[]},"Properties":{"domain":"SEVENKINGDOMS.LOCAL","name":"WESTERLANDS@SEVENKINGDOMS.LOCAL","distinguishedname":"OU=WESTERLANDS,DC=SEVENKINGDOMS,DC=LOCAL","domainsid":"S-1-5-21-3356225206-989342118-3217507422","highvalue":false,"description":null,"whencreated":1688587773,"blocksinheritance":false},"Links":[],"ChildObjects":[{"ObjectIdentifier":"S-1-5-21-3356225206-989342118-3217507422-1106","ObjectType":"Group"},{"ObjectIdentifier":"S-1-5-21-3356225206-989342118-3217507422-1116","ObjectType":"User"}],"Aces":[{"PrincipalSID":"S-1-5-21-3356225206-989342118-3217507422-512","PrincipalType":"Group","RightName":"GenericAll","IsInherited":false},{"PrincipalSID":"S-1-5-21-3356225206-989342118-3217507422-519","PrincipalType":"Base","RightName":"GenericAll","IsInherited":true},{"PrincipalSID":"SEVENKINGDOMS.LOCAL-S-1-5-32-544","PrincipalType":"Group","RightName":"WriteDacl","IsInherited":true},{"PrincipalSID":"SEVENKINGDOMS.LOCAL-S-1-5-32-544","PrincipalType":"Group","RightName":"WriteOwner","IsInherited":true}],"ObjectIdentifier":"C8850BCC-B211-4272-93EA-449E55D40C9B","IsDeleted":false,"IsACLProtected":false},{"GPOChanges":{"LocalAdmins":[],"RemoteDesktopUsers":[],"DcomUsers":[],"PSRemoteUsers":[],"AffectedComputers":[]},"Properties":{"domain":"SEVENKINGDOMS.LOCAL","name":"REACH@SEVENKINGDOMS.LOCAL","distinguishedname":"OU=REACH,DC=SEVENKINGDOMS,DC=LOCAL","domainsid":"S-1-5-21-3356225206-989342118-3217507422","highvalue":false,"description":null,"whencreated":1688587777,"blocksinheritance":false},"Links":[],"ChildObjects":[],"Aces":[{"PrincipalSID":"S-1-5-21-3356225206-989342118-3217507422-512","PrincipalType":"Group","RightName":"GenericAll","IsInherited":false},{"PrincipalSID":"S-1-5-21-3356225206-989342118-3217507422-519","PrincipalType":"Base","RightName":"GenericAll","IsInherited":true},{"PrincipalSID":"SEVENKINGDOMS.LOCAL-S-1-5-32-544","PrincipalType":"Group","RightName":"WriteDacl","IsInherited":true},{"PrincipalSID":"SEVENKINGDOMS.LOCAL-S-1-5-32-544","PrincipalType":"Group","RightName":"WriteOwner","IsInherited":true}],"ObjectIdentifier":"9EA6EC84-C2AF-4E2D-8309-69603C8FCFCD","IsDeleted":false,"IsACLProtected":false},{"GPOChanges":{"LocalAdmins":[],"RemoteDesktopUsers":[],"DcomUsers":[],"PSRemoteUsers":[],"AffectedComputers":[]},"Properties":{"domain":"SEVENKINGDOMS.LOCAL","name":"STORMLANDS@SEVENKINGDOMS.LOCAL","distinguishedname":"OU=STORMLANDS,DC=SEVENKINGDOMS,DC=LOCAL","domainsid":"S-1-5-21-3356225206-989342118-3217507422","highvalue":false,"description":null,"whencreated":1688587769,"blocksinheritance":false},"Links":[],"ChildObjects":[{"ObjectIdentifier":"S-1-5-21-3356225206-989342118-3217507422-1107","ObjectType":"Group"}],"Aces":[{"PrincipalSID":"S-1-5-21-3356225206-989342118-3217507422-512","PrincipalType":"Group","RightName":"GenericAll","IsInherited":false},{"PrincipalSID":"S-1-5-21-3356225206-989342118-3217507422-519","PrincipalType":"Base","RightName":"GenericAll","IsInherited":true},{"PrincipalSID":"SEVENKINGDOMS.LOCAL-S-1-5-32-544","PrincipalType":"Group","RightName":"WriteDacl","IsInherited":true},{"PrincipalSID":"SEVENKINGDOMS.LOCAL-S-1-5-32-544","PrincipalType":"Group","RightName":"WriteOwner","IsInherited":true}],"ObjectIdentifier":"C0DDFB4F-A29C-4CA7-A120-3DC6EC496C76","IsDeleted":false,"IsACLProtected":false},{"GPOChanges":{"LocalAdmins":[],"RemoteDesktopUsers":[],"DcomUsers":[],"PSRemoteUsers":[],"AffectedComputers":[]},"Properties":{"domain":"SEVENKINGDOMS.LOCAL","name":"CROWNLANDS@SEVENKINGDOMS.LOCAL","distinguishedname":"OU=CROWNLANDS,DC=SEVENKINGDOMS,DC=LOCAL","domainsid":"S-1-5-21-3356225206-989342118-3217507422","highvalue":false,"description":null,"whencreated":1688587765,"blocksinheritance":false},"Links":[],"ChildObjects":[{"ObjectIdentifier":"S-1-5-21-3356225206-989342118-3217507422-1115","ObjectType":"User"},{"ObjectIdentifier":"S-1-5-21-3356225206-989342118-3217507422-1111","ObjectType":"Group"},{"ObjectIdentifier":"S-1-5-21-3356225206-989342118-3217507422-1109","ObjectType":"Group"},{"ObjectIdentifier":"S-1-5-21-3356225206-989342118-3217507422-1114","ObjectType":"User"},{"ObjectIdentifier":"S-1-5-21-3356225206-989342118-3217507422-1118","ObjectType":"User"},{"ObjectIdentifier":"S-1-5-21-3356225206-989342118-3217507422-1110","ObjectType":"Group"},{"ObjectIdentifier":"S-1-5-21-3356225206-989342118-3217507422-1122","ObjectType":"User"},{"ObjectIdentifier":"S-1-5-21-3356225206-989342118-3217507422-1123","ObjectType":"User"},{"ObjectIdentifier":"S-1-5-21-3356225206-989342118-3217507422-1121","ObjectType":"User"},{"ObjectIdentifier":"S-1-5-21-3356225206-989342118-3217507422-1119","ObjectType":"User"},{"ObjectIdentifier":"S-1-5-21-3356225206-989342118-3217507422-1117","ObjectType":"User"},{"ObjectIdentifier":"S-1-5-21-3356225206-989342118-3217507422-1108","ObjectType":"Group"},{"ObjectIdentifier":"S-1-5-21-3356225206-989342118-3217507422-1120","ObjectType":"User"},{"ObjectIdentifier":"S-1-5-21-3356225206-989342118-3217507422-1113","ObjectType":"User"}],"Aces":[{"PrincipalSID":"S-1-5-21-3356225206-989342118-3217507422-512","PrincipalType":"Group","RightName":"GenericAll","IsInherited":false},{"PrincipalSID":"S-1-5-21-3356225206-989342118-3217507422-519","PrincipalType":"Base","RightName":"GenericAll","IsInherited":true},{"PrincipalSID":"SEVENKINGDOMS.LOCAL-S-1-5-32-544","PrincipalType":"Group","RightName":"WriteDacl","IsInherited":true},{"PrincipalSID":"SEVENKINGDOMS.LOCAL-S-1-5-32-544","PrincipalType":"Group","RightName":"WriteOwner","IsInherited":true}],"ObjectIdentifier":"310E8E4E-FCF3-4699-B319-0F7592C3306A","IsDeleted":false,"IsACLProtected":false},{"GPOChanges":{"LocalAdmins":[],"RemoteDesktopUsers":[],"DcomUsers":[],"PSRemoteUsers":[],"AffectedComputers":[]},"Properties":{"domain":"SEVENKINGDOMS.LOCAL","name":"IRONISLANDS@SEVENKINGDOMS.LOCAL","distinguishedname":"OU=IRONISLANDS,DC=SEVENKINGDOMS,DC=LOCAL","domainsid":"S-1-5-21-3356225206-989342118-3217507422","highvalue":false,"description":null,"whencreated":1688587757,"blocksinheritance":false},"Links":[],"ChildObjects":[],"Aces":[{"PrincipalSID":"S-1-5-21-3356225206-989342118-3217507422-512","PrincipalType":"Group","RightName":"GenericAll","IsInherited":false},{"PrincipalSID":"S-1-5-21-3356225206-989342118-3217507422-519","PrincipalType":"Base","RightName":"GenericAll","IsInherited":true},{"PrincipalSID":"SEVENKINGDOMS.LOCAL-S-1-5-32-544","PrincipalType":"Group","RightName":"WriteDacl","IsInherited":true},{"PrincipalSID":"SEVENKINGDOMS.LOCAL-S-1-5-32-544","PrincipalType":"Group","RightName":"WriteOwner","IsInherited":true}],"ObjectIdentifier":"237B8536-F1E3-432B-84B2-4497FD0CFDE0","IsDeleted":false,"IsACLProtected":false},{"GPOChanges":{"LocalAdmins":[],"RemoteDesktopUsers":[],"DcomUsers":[],"PSRemoteUsers":[],"AffectedComputers":[]},"Properties":{"domain":"SEVENKINGDOMS.LOCAL","name":"VALE@SEVENKINGDOMS.LOCAL","distinguishedname":"OU=VALE,DC=SEVENKINGDOMS,DC=LOCAL","domainsid":"S-1-5-21-3356225206-989342118-3217507422","highvalue":false,"description":null,"whencreated":1688587753,"blocksinheritance":false},"Links":[],"ChildObjects":[],"Aces":[{"PrincipalSID":"S-1-5-21-3356225206-989342118-3217507422-512","PrincipalType":"Group","RightName":"GenericAll","IsInherited":false},{"PrincipalSID":"S-1-5-21-3356225206-989342118-3217507422-519","PrincipalType":"Base","RightName":"GenericAll","IsInherited":true},{"PrincipalSID":"SEVENKINGDOMS.LOCAL-S-1-5-32-544","PrincipalType":"Group","RightName":"WriteDacl","IsInherited":true},{"PrincipalSID":"SEVENKINGDOMS.LOCAL-S-1-5-32-544","PrincipalType":"Group","RightName":"WriteOwner","IsInherited":true}],"ObjectIdentifier":"1A77BBAE-58DB-4B01-B879-7A8C3FA8B4A5","IsDeleted":false,"IsACLProtected":false},{"GPOChanges":{"LocalAdmins":[],"RemoteDesktopUsers":[],"DcomUsers":[],"PSRemoteUsers":[],"AffectedComputers":[]},"Properties":{"domain":"SEVENKINGDOMS.LOCAL","name":"LAPS@SEVENKINGDOMS.LOCAL","distinguishedname":"OU=LAPS,DC=SEVENKINGDOMS,DC=LOCAL","domainsid":"S-1-5-21-3356225206-989342118-3217507422","highvalue":false,"description":null,"whencreated":1688587872,"blocksinheritance":false},"Links":[{"IsEnforced":true,"GUID":"2F56469A-75BA-400A-A367-958C7A6E2E12"}],"ChildObjects":[],"Aces":[{"PrincipalSID":"S-1-5-21-3356225206-989342118-3217507422-512","PrincipalType":"Group","RightName":"GenericAll","IsInherited":false},{"PrincipalSID":"S-1-5-21-3356225206-989342118-3217507422-519","PrincipalType":"Base","RightName":"GenericAll","IsInherited":true},{"PrincipalSID":"SEVENKINGDOMS.LOCAL-S-1-5-32-544","PrincipalType":"Group","RightName":"WriteDacl","IsInherited":true},{"PrincipalSID":"SEVENKINGDOMS.LOCAL-S-1-5-32-544","PrincipalType":"Group","RightName":"WriteOwner","IsInherited":true}],"ObjectIdentifier":"9D36B668-796F-4176-8B8E-06CF4D638DF8","IsDeleted":false,"IsACLProtected":false},{"GPOChanges":{"LocalAdmins":[],"RemoteDesktopUsers":[],"DcomUsers":[],"PSRemoteUsers":[],"AffectedComputers":[]},"Properties":{"domain":"SEVENKINGDOMS.LOCAL","name":"RIVERLANDS@SEVENKINGDOMS.LOCAL","distinguishedname":"OU=RIVERLANDS,DC=SEVENKINGDOMS,DC=LOCAL","domainsid":"S-1-5-21-3356225206-989342118-3217507422","highvalue":false,"description":null,"whencreated":1688587761,"blocksinheritance":false},"Links":[],"ChildObjects":[],"Aces":[{"PrincipalSID":"S-1-5-21-3356225206-989342118-3217507422-512","PrincipalType":"Group","RightName":"GenericAll","IsInherited":false},{"PrincipalSID":"S-1-5-21-3356225206-989342118-3217507422-519","PrincipalType":"Base","RightName":"GenericAll","IsInherited":true},{"PrincipalSID":"SEVENKINGDOMS.LOCAL-S-1-5-32-544","PrincipalType":"Group","RightName":"WriteDacl","IsInherited":true},{"PrincipalSID":"SEVENKINGDOMS.LOCAL-S-1-5-32-544","PrincipalType":"Group","RightName":"WriteOwner","IsInherited":true}],"ObjectIdentifier":"5604C96F-B0C3-4E26-8B4F-86F2E5F6D846","IsDeleted":false,"IsACLProtected":false},{"GPOChanges":{"LocalAdmins":[],"RemoteDesktopUsers":[],"DcomUsers":[],"PSRemoteUsers":[],"AffectedComputers":[]},"Properties":{"domain":"SEVENKINGDOMS.LOCAL","name":"DOMAIN CONTROLLERS@SEVENKINGDOMS.LOCAL","distinguishedname":"OU=DOMAIN CONTROLLERS,DC=SEVENKINGDOMS,DC=LOCAL","domainsid":"S-1-5-21-3356225206-989342118-3217507422","highvalue":false,"description":"Default container for domain controllers","whencreated":1688585329,"blocksinheritance":false},"Links":[{"IsEnforced":false,"GUID":"9F90BB06-4023-44AC-B22A-3B8F53DE9533"}],"ChildObjects":[{"ObjectIdentifier":"S-1-5-21-3356225206-989342118-3217507422-1001","ObjectType":"Computer"}],"Aces":[{"PrincipalSID":"S-1-5-21-3356225206-989342118-3217507422-512","PrincipalType":"Group","RightName":"Owns","IsInherited":false},{"PrincipalSID":"S-1-5-21-3356225206-989342118-3217507422-512","PrincipalType":"Group","RightName":"WriteDacl","IsInherited":false},{"PrincipalSID":"S-1-5-21-3356225206-989342118-3217507422-512","PrincipalType":"Group","RightName":"WriteOwner","IsInherited":false},{"PrincipalSID":"S-1-5-21-3356225206-989342118-3217507422-519","PrincipalType":"Base","RightName":"GenericAll","IsInherited":true},{"PrincipalSID":"SEVENKINGDOMS.LOCAL-S-1-5-32-544","PrincipalType":"Group","RightName":"WriteDacl","IsInherited":true},{"PrincipalSID":"SEVENKINGDOMS.LOCAL-S-1-5-32-544","PrincipalType":"Group","RightName":"WriteOwner","IsInherited":true}],"ObjectIdentifier":"82746551-6849-4509-8C63-0418B566710C","IsDeleted":false,"IsACLProtected":false},{"GPOChanges":{"LocalAdmins":[],"RemoteDesktopUsers":[],"DcomUsers":[],"PSRemoteUsers":[],"AffectedComputers":[]},"Properties":{"domain":"SEVENKINGDOMS.LOCAL","name":"DORNE@SEVENKINGDOMS.LOCAL","distinguishedname":"OU=DORNE,DC=SEVENKINGDOMS,DC=LOCAL","domainsid":"S-1-5-21-3356225206-989342118-3217507422","highvalue":false,"description":null,"whencreated":1688587781,"blocksinheritance":false},"Links":[],"ChildObjects":[],"Aces":[{"PrincipalSID":"S-1-5-21-3356225206-989342118-3217507422-512","PrincipalType":"Group","RightName":"GenericAll","IsInherited":false},{"PrincipalSID":"S-1-5-21-3356225206-989342118-3217507422-519","PrincipalType":"Base","RightName":"GenericAll","IsInherited":true},{"PrincipalSID":"SEVENKINGDOMS.LOCAL-S-1-5-32-544","PrincipalType":"Group","RightName":"WriteDacl","IsInherited":true},{"PrincipalSID":"SEVENKINGDOMS.LOCAL-S-1-5-32-544","PrincipalType":"Group","RightName":"WriteOwner","IsInherited":true}],"ObjectIdentifier":"FFF2C946-4A57-428D-9AE3-5D843E5696B3","IsDeleted":false,"IsACLProtected":false}],"meta":{"methods":29695,"type":"ous","count":10,"version":5}}