﻿{"data":[{"Properties":{"domain":"SEVENKINGDOMS.LOCAL","name":"ADMINISTRATOR@SEVENKINGDOMS.LOCAL","distinguishedname":"CN=ADMINISTRATOR,CN=USERS,DC=SEVENKINGDOMS,DC=LOCAL","domainsid":"S-1-5-21-3356225206-989342118-3217507422","highvalue":false,"samaccountname":"Administrator","description":"Built-in account for administering the computer/domain","whencreated":1688585329,"sensitive":false,"dontreqpreauth":false,"passwordnotreqd":false,"unconstraineddelegation":false,"pwdneverexpires":true,"enabled":true,"trustedtoauth":false,"lastlogon":1688633142,"lastlogontimestamp":1688611312,"pwdlastset":1688610399,"serviceprincipalnames":[],"hasspn":false,"displayname":null,"email":null,"title":null,"homedirectory":null,"userpassword":null,"unixpassword":null,"unicodepassword":null,"sfupassword":null,"logonscript":null,"admincount":true,"sidhistory":[]},"AllowedToDelegate":[],"PrimaryGroupSID":"S-1-5-21-3356225206-989342118-3217507422-513","HasSIDHistory":[],"SPNTargets":[],"Aces":[{"PrincipalSID":"S-1-5-21-3356225206-989342118-3217507422-512","PrincipalType":"Group","RightName":"Owns","IsInherited":false},{"PrincipalSID":"SEVENKINGDOMS.LOCAL-S-1-5-32-544","PrincipalType":"Group","RightName":"WriteDacl","IsInherited":false},{"PrincipalSID":"SEVENKINGDOMS.LOCAL-S-1-5-32-544","PrincipalType":"Group","RightName":"WriteOwner","IsInherited":false},{"PrincipalSID":"SEVENKINGDOMS.LOCAL-S-1-5-32-544","PrincipalType":"Group","RightName":"AllExtendedRights","IsInherited":false},{"PrincipalSID":"SEVENKINGDOMS.LOCAL-S-1-5-32-544","PrincipalType":"Group","RightName":"GenericWrite","IsInherited":false},{"PrincipalSID":"S-1-5-21-3356225206-989342118-3217507422-512","PrincipalType":"Group","RightName":"WriteDacl","IsInherited":false},{"PrincipalSID":"S-1-5-21-3356225206-989342118-3217507422-512","PrincipalType":"Group","RightName":"WriteOwner","IsInherited":false},{"PrincipalSID":"S-1-5-21-3356225206-989342118-3217507422-512","PrincipalType":"Group","RightName":"AllExtendedRights","IsInherited":false},{"PrincipalSID":"S-1-5-21-3356225206-989342118-3217507422-512","PrincipalType":"Group","RightName":"GenericWrite","IsInherited":false},{"PrincipalSID":"S-1-5-21-3356225206-989342118-3217507422-519","PrincipalType":"Base","RightName":"WriteDacl","IsInherited":false},{"PrincipalSID":"S-1-5-21-3356225206-989342118-3217507422-519","PrincipalType":"Base","RightName":"WriteOwner","IsInherited":false},{"PrincipalSID":"S-1-5-21-3356225206-989342118-3217507422-519","PrincipalType":"Base","RightName":"AllExtendedRights","IsInherited":false},{"PrincipalSID":"S-1-5-21-3356225206-989342118-3217507422-519","PrincipalType":"Base","RightName":"GenericWrite","IsInherited":false},{"PrincipalSID":"S-1-5-21-3356225206-989342118-3217507422-1122","PrincipalType":"User","RightName":"GenericAll","IsInherited":false}],"ObjectIdentifier":"S-1-5-21-3356225206-989342118-3217507422-500","IsDeleted":false,"IsACLProtected":true},{"Properties":{"domain":"SEVENKINGDOMS.LOCAL","name":"CERSEI.LANNISTER@SEVENKINGDOMS.LOCAL","distinguishedname":"CN=CERSEI.LANNISTER,OU=CROWNLANDS,DC=SEVENKINGDOMS,DC=LOCAL","domainsid":"S-1-5-21-3356225206-989342118-3217507422","highvalue":false,"samaccountname":"cersei.lannister","description":"Cersei Lanister","whencreated":1688587799,"sensitive":false,"dontreqpreauth":false,"passwordnotreqd":false,"unconstraineddelegation":false,"pwdneverexpires":true,"enabled":true,"trustedtoauth":false,"lastlogon":0,"lastlogontimestamp":-1,"pwdlastset":1688632538,"serviceprincipalnames":[],"hasspn":false,"displayname":null,"email":null,"title":null,"homedirectory":null,"userpassword":null,"unixpassword":null,"unicodepassword":null,"sfupassword":null,"logonscript":null,"admincount":true,"sidhistory":[]},"AllowedToDelegate":[],"PrimaryGroupSID":"S-1-5-21-3356225206-989342118-3217507422-513","HasSIDHistory":[],"SPNTargets":[],"Aces":[{"PrincipalSID":"S-1-5-21-3356225206-989342118-3217507422-512","PrincipalType":"Group","RightName":"Owns","IsInherited":false},{"PrincipalSID":"SEVENKINGDOMS.LOCAL-S-1-5-32-544","PrincipalType":"Group","RightName":"WriteDacl","IsInherited":false},{"PrincipalSID":"SEVENKINGDOMS.LOCAL-S-1-5-32-544","PrincipalType":"Group","RightName":"WriteOwner","IsInherited":false},{"PrincipalSID":"SEVENKINGDOMS.LOCAL-S-1-5-32-544","PrincipalType":"Group","RightName":"AllExtendedRights","IsInherited":false},{"PrincipalSID":"SEVENKINGDOMS.LOCAL-S-1-5-32-544","PrincipalType":"Group","RightName":"GenericWrite","IsInherited":false},{"PrincipalSID":"S-1-5-21-3356225206-989342118-3217507422-512","PrincipalType":"Group","RightName":"WriteDacl","IsInherited":false},{"PrincipalSID":"S-1-5-21-3356225206-989342118-3217507422-512","PrincipalType":"Group","RightName":"WriteOwner","IsInherited":false},{"PrincipalSID":"S-1-5-21-3356225206-989342118-3217507422-512","PrincipalType":"Group","RightName":"AllExtendedRights","IsInherited":false},{"PrincipalSID":"S-1-5-21-3356225206-989342118-3217507422-512","PrincipalType":"Group","RightName":"GenericWrite","IsInherited":false},{"PrincipalSID":"S-1-5-21-3356225206-989342118-3217507422-519","PrincipalType":"Base","RightName":"WriteDacl","IsInherited":false},{"PrincipalSID":"S-1-5-21-3356225206-989342118-3217507422-519","PrincipalType":"Base","RightName":"WriteOwner","IsInherited":false},{"PrincipalSID":"S-1-5-21-3356225206-989342118-3217507422-519","PrincipalType":"Base","RightName":"AllExtendedRights","IsInherited":false},{"PrincipalSID":"S-1-5-21-3356225206-989342118-3217507422-519","PrincipalType":"Base","RightName":"GenericWrite","IsInherited":false},{"PrincipalSID":"S-1-5-21-3356225206-989342118-3217507422-1122","PrincipalType":"User","RightName":"GenericAll","IsInherited":false}],"ObjectIdentifier":"S-1-5-21-3356225206-989342118-3217507422-1115","IsDeleted":false,"IsACLProtected":true},{"Properties":{"domain":"SEVENKINGDOMS.LOCAL","name":"JAIME.LANNISTER@SEVENKINGDOMS.LOCAL","distinguishedname":"CN=JAIME.LANNISTER,OU=CROWNLANDS,DC=SEVENKINGDOMS,DC=LOCAL","domainsid":"S-1-5-21-3356225206-989342118-3217507422","highvalue":false,"samaccountname":"jaime.lannister","description":"Jaime Lanister","whencreated":1688587796,"sensitive":false,"dontreqpreauth":false,"passwordnotreqd":false,"unconstraineddelegation":false,"pwdneverexpires":true,"enabled":true,"trustedtoauth":false,"lastlogon":0,"lastlogontimestamp":-1,"pwdlastset":1688632536,"serviceprincipalnames":[],"hasspn":false,"displayname":null,"email":null,"title":null,"homedirectory":null,"userpassword":null,"unixpassword":null,"unicodepassword":null,"sfupassword":null,"logonscript":null,"admincount":false,"sidhistory":[]},"AllowedToDelegate":[],"PrimaryGroupSID":"S-1-5-21-3356225206-989342118-3217507422-513","HasSIDHistory":[],"SPNTargets":[],"Aces":[{"PrincipalSID":"S-1-5-21-3356225206-989342118-3217507422-512","PrincipalType":"Group","RightName":"Owns","IsInherited":false},{"PrincipalSID":"SEVENKINGDOMS.LOCAL-S-1-5-32-548","PrincipalType":"Group","RightName":"GenericAll","IsInherited":false},{"PrincipalSID":"S-1-5-21-3356225206-989342118-3217507422-512","PrincipalType":"Group","RightName":"GenericAll","IsInherited":false},{"PrincipalSID":"S-1-5-21-3356225206-989342118-3217507422-1113","PrincipalType":"User","RightName":"ForceChangePassword","IsInherited":false},{"PrincipalSID":"S-1-5-21-3356225206-989342118-3217507422-526","PrincipalType":"Group","RightName":"AddKeyCredentialLink","IsInherited":true},{"PrincipalSID":"S-1-5-21-3356225206-989342118-3217507422-527","PrincipalType":"Base","RightName":"AddKeyCredentialLink","IsInherited":true},{"PrincipalSID":"S-1-5-21-3356225206-989342118-3217507422-519","PrincipalType":"Base","RightName":"GenericAll","IsInherited":true},{"PrincipalSID":"SEVENKINGDOMS.LOCAL-S-1-5-32-544","PrincipalType":"Group","RightName":"WriteDacl","IsInherited":true},{"PrincipalSID":"SEVENKINGDOMS.LOCAL-S-1-5-32-544","PrincipalType":"Group","RightName":"WriteOwner","IsInherited":true},{"PrincipalSID":"SEVENKINGDOMS.LOCAL-S-1-5-32-544","PrincipalType":"Group","RightName":"AllExtendedRights","IsInherited":true},{"PrincipalSID":"SEVENKINGDOMS.LOCAL-S-1-5-32-544","PrincipalType":"Group","RightName":"GenericWrite","IsInherited":true}],"ObjectIdentifier":"S-1-5-21-3356225206-989342118-3217507422-1114","IsDeleted":false,"IsACLProtected":false},{"Properties":{"domain":"SEVENKINGDOMS.LOCAL","name":"ROBERT.BARATHEON@SEVENKINGDOMS.LOCAL","distinguishedname":"CN=ROBERT.BARATHEON,OU=CROWNLANDS,DC=SEVENKINGDOMS,DC=LOCAL","domainsid":"S-1-5-21-3356225206-989342118-3217507422","highvalue":false,"samaccountname":"robert.baratheon","description":"Robert Lanister","whencreated":1688587804,"sensitive":false,"dontreqpreauth":false,"passwordnotreqd":false,"unconstraineddelegation":false,"pwdneverexpires":true,"enabled":true,"trustedtoauth":false,"lastlogon":0,"lastlogontimestamp":-1,"pwdlastset":1688632541,"serviceprincipalnames":[],"hasspn":false,"displayname":null,"email":null,"title":null,"homedirectory":null,"userpassword":null,"unixpassword":null,"unicodepassword":null,"sfupassword":null,"logonscript":null,"admincount":true,"sidhistory":[]},"AllowedToDelegate":[],"PrimaryGroupSID":"S-1-5-21-3356225206-989342118-3217507422-513","HasSIDHistory":[],"SPNTargets":[],"Aces":[{"PrincipalSID":"S-1-5-21-3356225206-989342118-3217507422-512","PrincipalType":"Group","RightName":"Owns","IsInherited":false},{"PrincipalSID":"SEVENKINGDOMS.LOCAL-S-1-5-32-544","PrincipalType":"Group","RightName":"WriteDacl","IsInherited":false},{"PrincipalSID":"SEVENKINGDOMS.LOCAL-S-1-5-32-544","PrincipalType":"Group","RightName":"WriteOwner","IsInherited":false},{"PrincipalSID":"SEVENKINGDOMS.LOCAL-S-1-5-32-544","PrincipalType":"Group","RightName":"AllExtendedRights","IsInherited":false},{"PrincipalSID":"SEVENKINGDOMS.LOCAL-S-1-5-32-544","PrincipalType":"Group","RightName":"GenericWrite","IsInherited":false},{"PrincipalSID":"S-1-5-21-3356225206-989342118-3217507422-512","PrincipalType":"Group","RightName":"WriteDacl","IsInherited":false},{"PrincipalSID":"S-1-5-21-3356225206-989342118-3217507422-512","PrincipalType":"Group","RightName":"WriteOwner","IsInherited":false},{"PrincipalSID":"S-1-5-21-3356225206-989342118-3217507422-512","PrincipalType":"Group","RightName":"AllExtendedRights","IsInherited":false},{"PrincipalSID":"S-1-5-21-3356225206-989342118-3217507422-512","PrincipalType":"Group","RightName":"GenericWrite","IsInherited":false},{"PrincipalSID":"S-1-5-21-3356225206-989342118-3217507422-519","PrincipalType":"Base","RightName":"WriteDacl","IsInherited":false},{"PrincipalSID":"S-1-5-21-3356225206-989342118-3217507422-519","PrincipalType":"Base","RightName":"WriteOwner","IsInherited":false},{"PrincipalSID":"S-1-5-21-3356225206-989342118-3217507422-519","PrincipalType":"Base","RightName":"AllExtendedRights","IsInherited":false},{"PrincipalSID":"S-1-5-21-3356225206-989342118-3217507422-519","PrincipalType":"Base","RightName":"GenericWrite","IsInherited":false},{"PrincipalSID":"S-1-5-21-3356225206-989342118-3217507422-1122","PrincipalType":"User","RightName":"GenericAll","IsInherited":false}],"ObjectIdentifier":"S-1-5-21-3356225206-989342118-3217507422-1117","IsDeleted":false,"IsACLProtected":true},{"Properties":{"domain":"SEVENKINGDOMS.LOCAL","name":"TYWIN.LANNISTER@SEVENKINGDOMS.LOCAL","distinguishedname":"CN=TYWIN.LANNISTER,OU=CROWNLANDS,DC=SEVENKINGDOMS,DC=LOCAL","domainsid":"S-1-5-21-3356225206-989342118-3217507422","highvalue":false,"samaccountname":"tywin.lannister","description":"Tywin Lanister","whencreated":1688587794,"sensitive":false,"dontreqpreauth":false,"passwordnotreqd":false,"unconstraineddelegation":false,"pwdneverexpires":true,"enabled":true,"trustedtoauth":false,"lastlogon":0,"lastlogontimestamp":-1,"pwdlastset":1688632534,"serviceprincipalnames":[],"hasspn":false,"displayname":null,"email":null,"title":null,"homedirectory":null,"userpassword":null,"unixpassword":null,"unicodepassword":null,"sfupassword":null,"logonscript":null,"admincount":false,"sidhistory":[]},"AllowedToDelegate":[],"PrimaryGroupSID":"S-1-5-21-3356225206-989342118-3217507422-513","HasSIDHistory":[],"SPNTargets":[],"Aces":[{"PrincipalSID":"S-1-5-21-3356225206-989342118-3217507422-512","PrincipalType":"Group","RightName":"Owns","IsInherited":false},{"PrincipalSID":"SEVENKINGDOMS.LOCAL-S-1-5-32-548","PrincipalType":"Group","RightName":"GenericAll","IsInherited":false},{"PrincipalSID":"S-1-5-21-3356225206-989342118-3217507422-512","PrincipalType":"Group","RightName":"GenericAll","IsInherited":false},{"PrincipalSID":"S-1-5-21-3356225206-989342118-3217507422-526","PrincipalType":"Group","RightName":"AddKeyCredentialLink","IsInherited":true},{"PrincipalSID":"S-1-5-21-3356225206-989342118-3217507422-527","PrincipalType":"Base","RightName":"AddKeyCredentialLink","IsInherited":true},{"PrincipalSID":"S-1-5-21-3356225206-989342118-3217507422-519","PrincipalType":"Base","RightName":"GenericAll","IsInherited":true},{"PrincipalSID":"SEVENKINGDOMS.LOCAL-S-1-5-32-544","PrincipalType":"Group","RightName":"WriteDacl","IsInherited":true},{"PrincipalSID":"SEVENKINGDOMS.LOCAL-S-1-5-32-544","PrincipalType":"Group","RightName":"WriteOwner","IsInherited":true},{"PrincipalSID":"SEVENKINGDOMS.LOCAL-S-1-5-32-544","PrincipalType":"Group","RightName":"AllExtendedRights","IsInherited":true},{"PrincipalSID":"SEVENKINGDOMS.LOCAL-S-1-5-32-544","PrincipalType":"Group","RightName":"GenericWrite","IsInherited":true}],"ObjectIdentifier":"S-1-5-21-3356225206-989342118-3217507422-1113","IsDeleted":false,"IsACLProtected":false},{"Properties":{"domain":"SEVENKINGDOMS.LOCAL","name":"KRBTGT@SEVENKINGDOMS.LOCAL","distinguishedname":"CN=KRBTGT,CN=USERS,DC=SEVENKINGDOMS,DC=LOCAL","domainsid":"S-1-5-21-3356225206-989342118-3217507422","highvalue":false,"samaccountname":"krbtgt","description":"Key Distribution Center Service Account","whencreated":1688585636,"sensitive":false,"dontreqpreauth":false,"passwordnotreqd":false,"unconstraineddelegation":false,"pwdneverexpires":false,"enabled":false,"trustedtoauth":false,"lastlogon":0,"lastlogontimestamp":-1,"pwdlastset":1688610836,"serviceprincipalnames":["kadmin/changepw"],"hasspn":true,"displayname":null,"email":null,"title":null,"homedirectory":null,"userpassword":null,"unixpassword":null,"unicodepassword":null,"sfupassword":null,"logonscript":null,"admincount":true,"sidhistory":[]},"AllowedToDelegate":[],"PrimaryGroupSID":"S-1-5-21-3356225206-989342118-3217507422-513","HasSIDHistory":[],"SPNTargets":[],"Aces":[{"PrincipalSID":"S-1-5-21-3356225206-989342118-3217507422-512","PrincipalType":"Group","RightName":"Owns","IsInherited":false},{"PrincipalSID":"SEVENKINGDOMS.LOCAL-S-1-5-32-544","PrincipalType":"Group","RightName":"WriteDacl","IsInherited":false},{"PrincipalSID":"SEVENKINGDOMS.LOCAL-S-1-5-32-544","PrincipalType":"Group","RightName":"WriteOwner","IsInherited":false},{"PrincipalSID":"SEVENKINGDOMS.LOCAL-S-1-5-32-544","PrincipalType":"Group","RightName":"AllExtendedRights","IsInherited":false},{"PrincipalSID":"SEVENKINGDOMS.LOCAL-S-1-5-32-544","PrincipalType":"Group","RightName":"GenericWrite","IsInherited":false},{"PrincipalSID":"S-1-5-21-3356225206-989342118-3217507422-512","PrincipalType":"Group","RightName":"WriteDacl","IsInherited":false},{"PrincipalSID":"S-1-5-21-3356225206-989342118-3217507422-512","PrincipalType":"Group","RightName":"WriteOwner","IsInherited":false},{"PrincipalSID":"S-1-5-21-3356225206-989342118-3217507422-512","PrincipalType":"Group","RightName":"AllExtendedRights","IsInherited":false},{"PrincipalSID":"S-1-5-21-3356225206-989342118-3217507422-512","PrincipalType":"Group","RightName":"GenericWrite","IsInherited":false},{"PrincipalSID":"S-1-5-21-3356225206-989342118-3217507422-519","PrincipalType":"Base","RightName":"WriteDacl","IsInherited":false},{"PrincipalSID":"S-1-5-21-3356225206-989342118-3217507422-519","PrincipalType":"Base","RightName":"WriteOwner","IsInherited":false},{"PrincipalSID":"S-1-5-21-3356225206-989342118-3217507422-519","PrincipalType":"Base","RightName":"AllExtendedRights","IsInherited":false},{"PrincipalSID":"S-1-5-21-3356225206-989342118-3217507422-519","PrincipalType":"Base","RightName":"GenericWrite","IsInherited":false},{"PrincipalSID":"S-1-5-21-3356225206-989342118-3217507422-1122","PrincipalType":"User","RightName":"GenericAll","IsInherited":false}],"ObjectIdentifier":"S-1-5-21-3356225206-989342118-3217507422-502","IsDeleted":false,"IsACLProtected":true},{"Properties":{"domain":"SEVENKINGDOMS.LOCAL","name":"VAGRANT@SEVENKINGDOMS.LOCAL","distinguishedname":"CN=VAGRANT,CN=USERS,DC=SEVENKINGDOMS,DC=LOCAL","domainsid":"S-1-5-21-3356225206-989342118-3217507422","highvalue":false,"samaccountname":"vagrant","description":"Vagrant User","whencreated":1688585329,"sensitive":false,"dontreqpreauth":false,"passwordnotreqd":false,"unconstraineddelegation":false,"pwdneverexpires":true,"enabled":true,"trustedtoauth":false,"lastlogon":1688634052,"lastlogontimestamp":1690624359,"pwdlastset":1620819535,"serviceprincipalnames":[],"hasspn":false,"displayname":"Vagrant","email":null,"title":null,"homedirectory":null,"userpassword":null,"unixpassword":null,"unicodepassword":null,"sfupassword":null,"logonscript":null,"admincount":true,"sidhistory":[]},"AllowedToDelegate":[],"PrimaryGroupSID":"S-1-5-21-3356225206-989342118-3217507422-513","HasSIDHistory":[],"SPNTargets":[],"Aces":[{"PrincipalSID":"S-1-5-21-3356225206-989342118-3217507422-512","PrincipalType":"Group","RightName":"Owns","IsInherited":false},{"PrincipalSID":"SEVENKINGDOMS.LOCAL-S-1-5-32-544","PrincipalType":"Group","RightName":"WriteDacl","IsInherited":false},{"PrincipalSID":"SEVENKINGDOMS.LOCAL-S-1-5-32-544","PrincipalType":"Group","RightName":"WriteOwner","IsInherited":false},{"PrincipalSID":"SEVENKINGDOMS.LOCAL-S-1-5-32-544","PrincipalType":"Group","RightName":"AllExtendedRights","IsInherited":false},{"PrincipalSID":"SEVENKINGDOMS.LOCAL-S-1-5-32-544","PrincipalType":"Group","RightName":"GenericWrite","IsInherited":false},{"PrincipalSID":"S-1-5-21-3356225206-989342118-3217507422-512","PrincipalType":"Group","RightName":"WriteDacl","IsInherited":false},{"PrincipalSID":"S-1-5-21-3356225206-989342118-3217507422-512","PrincipalType":"Group","RightName":"WriteOwner","IsInherited":false},{"PrincipalSID":"S-1-5-21-3356225206-989342118-3217507422-512","PrincipalType":"Group","RightName":"AllExtendedRights","IsInherited":false},{"PrincipalSID":"S-1-5-21-3356225206-989342118-3217507422-512","PrincipalType":"Group","RightName":"GenericWrite","IsInherited":false},{"PrincipalSID":"S-1-5-21-3356225206-989342118-3217507422-519","PrincipalType":"Base","RightName":"WriteDacl","IsInherited":false},{"PrincipalSID":"S-1-5-21-3356225206-989342118-3217507422-519","PrincipalType":"Base","RightName":"WriteOwner","IsInherited":false},{"PrincipalSID":"S-1-5-21-3356225206-989342118-3217507422-519","PrincipalType":"Base","RightName":"AllExtendedRights","IsInherited":false},{"PrincipalSID":"S-1-5-21-3356225206-989342118-3217507422-519","PrincipalType":"Base","RightName":"GenericWrite","IsInherited":false},{"PrincipalSID":"S-1-5-21-3356225206-989342118-3217507422-1122","PrincipalType":"User","RightName":"GenericAll","IsInherited":false}],"ObjectIdentifier":"S-1-5-21-3356225206-989342118-3217507422-1000","IsDeleted":false,"IsACLProtected":true},{"Properties":{"domain":"SEVENKINGDOMS.LOCAL","name":"RENLY.BARATHEON@SEVENKINGDOMS.LOCAL","distinguishedname":"CN=RENLY.BARATHEON,OU=CROWNLANDS,DC=SEVENKINGDOMS,DC=LOCAL","domainsid":"S-1-5-21-3356225206-989342118-3217507422","highvalue":false,"samaccountname":"renly.baratheon","description":"Renly Baratheon","whencreated":1688587808,"sensitive":false,"dontreqpreauth":false,"passwordnotreqd":false,"unconstraineddelegation":false,"pwdneverexpires":true,"enabled":true,"trustedtoauth":false,"lastlogon":0,"lastlogontimestamp":-1,"pwdlastset":1688632545,"serviceprincipalnames":[],"hasspn":false,"displayname":null,"email":null,"title":null,"homedirectory":null,"userpassword":null,"unixpassword":null,"unicodepassword":null,"sfupassword":null,"logonscript":null,"admincount":false,"sidhistory":[]},"AllowedToDelegate":[],"PrimaryGroupSID":"S-1-5-21-3356225206-989342118-3217507422-513","HasSIDHistory":[],"SPNTargets":[],"Aces":[{"PrincipalSID":"S-1-5-21-3356225206-989342118-3217507422-512","PrincipalType":"Group","RightName":"Owns","IsInherited":false},{"PrincipalSID":"SEVENKINGDOMS.LOCAL-S-1-5-32-548","PrincipalType":"Group","RightName":"GenericAll","IsInherited":false},{"PrincipalSID":"S-1-5-21-3356225206-989342118-3217507422-512","PrincipalType":"Group","RightName":"GenericAll","IsInherited":false},{"PrincipalSID":"S-1-5-21-3356225206-989342118-3217507422-526","PrincipalType":"Group","RightName":"AddKeyCredentialLink","IsInherited":true},{"PrincipalSID":"S-1-5-21-3356225206-989342118-3217507422-527","PrincipalType":"Base","RightName":"AddKeyCredentialLink","IsInherited":true},{"PrincipalSID":"S-1-5-21-3356225206-989342118-3217507422-519","PrincipalType":"Base","RightName":"GenericAll","IsInherited":true},{"PrincipalSID":"SEVENKINGDOMS.LOCAL-S-1-5-32-544","PrincipalType":"Group","RightName":"WriteDacl","IsInherited":true},{"PrincipalSID":"SEVENKINGDOMS.LOCAL-S-1-5-32-544","PrincipalType":"Group","RightName":"WriteOwner","IsInherited":true},{"PrincipalSID":"SEVENKINGDOMS.LOCAL-S-1-5-32-544","PrincipalType":"Group","RightName":"AllExtendedRights","IsInherited":true},{"PrincipalSID":"SEVENKINGDOMS.LOCAL-S-1-5-32-544","PrincipalType":"Group","RightName":"GenericWrite","IsInherited":true}],"ObjectIdentifier":"S-1-5-21-3356225206-989342118-3217507422-1119","IsDeleted":false,"IsACLProtected":false},{"Properties":{"domain":"SEVENKINGDOMS.LOCAL","name":"JOFFREY.BARATHEON@SEVENKINGDOMS.LOCAL","distinguishedname":"CN=JOFFREY.BARATHEON,OU=CROWNLANDS,DC=SEVENKINGDOMS,DC=LOCAL","domainsid":"S-1-5-21-3356225206-989342118-3217507422","highvalue":false,"samaccountname":"joffrey.baratheon","description":"Joffrey Baratheon","whencreated":1688587806,"sensitive":false,"dontreqpreauth":false,"passwordnotreqd":false,"unconstraineddelegation":false,"pwdneverexpires":true,"enabled":true,"trustedtoauth":false,"lastlogon":0,"lastlogontimestamp":-1,"pwdlastset":1688632543,"serviceprincipalnames":[],"hasspn":false,"displayname":null,"email":null,"title":null,"homedirectory":null,"userpassword":null,"unixpassword":null,"unicodepassword":null,"sfupassword":null,"logonscript":null,"admincount":false,"sidhistory":[]},"AllowedToDelegate":[],"PrimaryGroupSID":"S-1-5-21-3356225206-989342118-3217507422-513","HasSIDHistory":[],"SPNTargets":[],"Aces":[{"PrincipalSID":"S-1-5-21-3356225206-989342118-3217507422-512","PrincipalType":"Group","RightName":"Owns","IsInherited":false},{"PrincipalSID":"SEVENKINGDOMS.LOCAL-S-1-5-32-548","PrincipalType":"Group","RightName":"GenericAll","IsInherited":false},{"PrincipalSID":"S-1-5-21-3356225206-989342118-3217507422-512","PrincipalType":"Group","RightName":"GenericAll","IsInherited":false},{"PrincipalSID":"S-1-5-21-3356225206-989342118-3217507422-1114","PrincipalType":"User","RightName":"GenericWrite","IsInherited":false},{"PrincipalSID":"S-1-5-21-3356225206-989342118-3217507422-526","PrincipalType":"Group","RightName":"AddKeyCredentialLink","IsInherited":true},{"PrincipalSID":"S-1-5-21-3356225206-989342118-3217507422-527","PrincipalType":"Base","RightName":"AddKeyCredentialLink","IsInherited":true},{"PrincipalSID":"S-1-5-21-3356225206-989342118-3217507422-519","PrincipalType":"Base","RightName":"GenericAll","IsInherited":true},{"PrincipalSID":"SEVENKINGDOMS.LOCAL-S-1-5-32-544","PrincipalType":"Group","RightName":"WriteDacl","IsInherited":true},{"PrincipalSID":"SEVENKINGDOMS.LOCAL-S-1-5-32-544","PrincipalType":"Group","RightName":"WriteOwner","IsInherited":true},{"PrincipalSID":"SEVENKINGDOMS.LOCAL-S-1-5-32-544","PrincipalType":"Group","RightName":"AllExtendedRights","IsInherited":true},{"PrincipalSID":"SEVENKINGDOMS.LOCAL-S-1-5-32-544","PrincipalType":"Group","RightName":"GenericWrite","IsInherited":true}],"ObjectIdentifier":"S-1-5-21-3356225206-989342118-3217507422-1118","IsDeleted":false,"IsACLProtected":false},{"Properties":{"domain":"SEVENKINGDOMS.LOCAL","name":"PETYER.BAELISH@SEVENKINGDOMS.LOCAL","distinguishedname":"CN=PETYER.BAELISH,OU=CROWNLANDS,DC=SEVENKINGDOMS,DC=LOCAL","domainsid":"S-1-5-21-3356225206-989342118-3217507422","highvalue":false,"samaccountname":"petyer.baelish","description":"Petyer Baelish","whencreated":1688587813,"sensitive":false,"dontreqpreauth":false,"passwordnotreqd":false,"unconstraineddelegation":false,"pwdneverexpires":true,"enabled":true,"trustedtoauth":false,"lastlogon":0,"lastlogontimestamp":-1,"pwdlastset":1688632548,"serviceprincipalnames":[],"hasspn":false,"displayname":null,"email":null,"title":null,"homedirectory":null,"userpassword":null,"unixpassword":null,"unicodepassword":null,"sfupassword":null,"logonscript":null,"admincount":false,"sidhistory":[]},"AllowedToDelegate":[],"PrimaryGroupSID":"S-1-5-21-3356225206-989342118-3217507422-513","HasSIDHistory":[],"SPNTargets":[],"Aces":[{"PrincipalSID":"S-1-5-21-3356225206-989342118-3217507422-512","PrincipalType":"Group","RightName":"Owns","IsInherited":false},{"PrincipalSID":"SEVENKINGDOMS.LOCAL-S-1-5-32-548","PrincipalType":"Group","RightName":"GenericAll","IsInherited":false},{"PrincipalSID":"S-1-5-21-3356225206-989342118-3217507422-512","PrincipalType":"Group","RightName":"GenericAll","IsInherited":false},{"PrincipalSID":"S-1-5-21-3356225206-989342118-3217507422-526","PrincipalType":"Group","RightName":"AddKeyCredentialLink","IsInherited":true},{"PrincipalSID":"S-1-5-21-3356225206-989342118-3217507422-527","PrincipalType":"Base","RightName":"AddKeyCredentialLink","IsInherited":true},{"PrincipalSID":"S-1-5-21-3356225206-989342118-3217507422-519","PrincipalType":"Base","RightName":"GenericAll","IsInherited":true},{"PrincipalSID":"SEVENKINGDOMS.LOCAL-S-1-5-32-544","PrincipalType":"Group","RightName":"WriteDacl","IsInherited":true},{"PrincipalSID":"SEVENKINGDOMS.LOCAL-S-1-5-32-544","PrincipalType":"Group","RightName":"WriteOwner","IsInherited":true},{"PrincipalSID":"SEVENKINGDOMS.LOCAL-S-1-5-32-544","PrincipalType":"Group","RightName":"AllExtendedRights","IsInherited":true},{"PrincipalSID":"SEVENKINGDOMS.LOCAL-S-1-5-32-544","PrincipalType":"Group","RightName":"GenericWrite","IsInherited":true}],"ObjectIdentifier":"S-1-5-21-3356225206-989342118-3217507422-1121","IsDeleted":false,"IsACLProtected":false},{"Properties":{"domain":"SEVENKINGDOMS.LOCAL","name":"LORD.VARYS@SEVENKINGDOMS.LOCAL","distinguishedname":"CN=LORD.VARYS,OU=CROWNLANDS,DC=SEVENKINGDOMS,DC=LOCAL","domainsid":"S-1-5-21-3356225206-989342118-3217507422","highvalue":false,"samaccountname":"lord.varys","description":"Lord Varys","whencreated":1688587815,"sensitive":false,"dontreqpreauth":false,"passwordnotreqd":false,"unconstraineddelegation":false,"pwdneverexpires":true,"enabled":true,"trustedtoauth":false,"lastlogon":0,"lastlogontimestamp":-1,"pwdlastset":1688632549,"serviceprincipalnames":[],"hasspn":false,"displayname":null,"email":null,"title":null,"homedirectory":null,"userpassword":null,"unixpassword":null,"unicodepassword":null,"sfupassword":null,"logonscript":null,"admincount":false,"sidhistory":[]},"AllowedToDelegate":[],"PrimaryGroupSID":"S-1-5-21-3356225206-989342118-3217507422-513","HasSIDHistory":[],"SPNTargets":[],"Aces":[{"PrincipalSID":"S-1-5-21-3356225206-989342118-3217507422-512","PrincipalType":"Group","RightName":"Owns","IsInherited":false},{"PrincipalSID":"SEVENKINGDOMS.LOCAL-S-1-5-32-548","PrincipalType":"Group","RightName":"GenericAll","IsInherited":false},{"PrincipalSID":"S-1-5-21-3356225206-989342118-3217507422-512","PrincipalType":"Group","RightName":"GenericAll","IsInherited":false},{"PrincipalSID":"S-1-5-21-3356225206-989342118-3217507422-526","PrincipalType":"Group","RightName":"AddKeyCredentialLink","IsInherited":true},{"PrincipalSID":"S-1-5-21-3356225206-989342118-3217507422-527","PrincipalType":"Base","RightName":"AddKeyCredentialLink","IsInherited":true},{"PrincipalSID":"S-1-5-21-3356225206-989342118-3217507422-519","PrincipalType":"Base","RightName":"GenericAll","IsInherited":true},{"PrincipalSID":"SEVENKINGDOMS.LOCAL-S-1-5-32-544","PrincipalType":"Group","RightName":"WriteDacl","IsInherited":true},{"PrincipalSID":"SEVENKINGDOMS.LOCAL-S-1-5-32-544","PrincipalType":"Group","RightName":"WriteOwner","IsInherited":true},{"PrincipalSID":"SEVENKINGDOMS.LOCAL-S-1-5-32-544","PrincipalType":"Group","RightName":"AllExtendedRights","IsInherited":true},{"PrincipalSID":"SEVENKINGDOMS.LOCAL-S-1-5-32-544","PrincipalType":"Group","RightName":"GenericWrite","IsInherited":true}],"ObjectIdentifier":"S-1-5-21-3356225206-989342118-3217507422-1122","IsDeleted":false,"IsACLProtected":false},{"Properties":{"domain":"SEVENKINGDOMS.LOCAL","name":"MAESTER.PYCELLE@SEVENKINGDOMS.LOCAL","distinguishedname":"CN=MAESTER.PYCELLE,OU=CROWNLANDS,DC=SEVENKINGDOMS,DC=LOCAL","domainsid":"S-1-5-21-3356225206-989342118-3217507422","highvalue":false,"samaccountname":"maester.pycelle","description":"Maester Pycelle","whencreated":1688587817,"sensitive":false,"dontreqpreauth":false,"passwordnotreqd":false,"unconstraineddelegation":false,"pwdneverexpires":true,"enabled":true,"trustedtoauth":false,"lastlogon":0,"lastlogontimestamp":-1,"pwdlastset":1688632551,"serviceprincipalnames":[],"hasspn":false,"displayname":null,"email":null,"title":null,"homedirectory":null,"userpassword":null,"unixpassword":null,"unicodepassword":null,"sfupassword":null,"logonscript":null,"admincount":false,"sidhistory":[]},"AllowedToDelegate":[],"PrimaryGroupSID":"S-1-5-21-3356225206-989342118-3217507422-513","HasSIDHistory":[],"SPNTargets":[],"Aces":[{"PrincipalSID":"S-1-5-21-3356225206-989342118-3217507422-512","PrincipalType":"Group","RightName":"Owns","IsInherited":false},{"PrincipalSID":"SEVENKINGDOMS.LOCAL-S-1-5-32-548","PrincipalType":"Group","RightName":"GenericAll","IsInherited":false},{"PrincipalSID":"S-1-5-21-3356225206-989342118-3217507422-512","PrincipalType":"Group","RightName":"GenericAll","IsInherited":false},{"PrincipalSID":"S-1-5-21-3356225206-989342118-3217507422-526","PrincipalType":"Group","RightName":"AddKeyCredentialLink","IsInherited":true},{"PrincipalSID":"S-1-5-21-3356225206-989342118-3217507422-527","PrincipalType":"Base","RightName":"AddKeyCredentialLink","IsInherited":true},{"PrincipalSID":"S-1-5-21-3356225206-989342118-3217507422-519","PrincipalType":"Base","RightName":"GenericAll","IsInherited":true},{"PrincipalSID":"SEVENKINGDOMS.LOCAL-S-1-5-32-544","PrincipalType":"Group","RightName":"WriteDacl","IsInherited":true},{"PrincipalSID":"SEVENKINGDOMS.LOCAL-S-1-5-32-544","PrincipalType":"Group","RightName":"WriteOwner","IsInherited":true},{"PrincipalSID":"SEVENKINGDOMS.LOCAL-S-1-5-32-544","PrincipalType":"Group","RightName":"AllExtendedRights","IsInherited":true},{"PrincipalSID":"SEVENKINGDOMS.LOCAL-S-1-5-32-544","PrincipalType":"Group","RightName":"GenericWrite","IsInherited":true}],"ObjectIdentifier":"S-1-5-21-3356225206-989342118-3217507422-1123","IsDeleted":false,"IsACLProtected":false},{"Properties":{"domain":"SEVENKINGDOMS.LOCAL","name":"GUEST@SEVENKINGDOMS.LOCAL","distinguishedname":"CN=GUEST,CN=USERS,DC=SEVENKINGDOMS,DC=LOCAL","domainsid":"S-1-5-21-3356225206-989342118-3217507422","highvalue":false,"samaccountname":"Guest","description":"Built-in account for guest access to the computer/domain","whencreated":1688585329,"sensitive":false,"dontreqpreauth":false,"passwordnotreqd":true,"unconstraineddelegation":false,"pwdneverexpires":true,"enabled":false,"trustedtoauth":false,"lastlogon":0,"lastlogontimestamp":-1,"pwdlastset":0,"serviceprincipalnames":[],"hasspn":false,"displayname":null,"email":null,"title":null,"homedirectory":null,"userpassword":null,"unixpassword":null,"unicodepassword":null,"sfupassword":null,"logonscript":null,"admincount":false,"sidhistory":[]},"AllowedToDelegate":[],"PrimaryGroupSID":"S-1-5-21-3356225206-989342118-3217507422-514","HasSIDHistory":[],"SPNTargets":[],"Aces":[{"PrincipalSID":"SEVENKINGDOMS.LOCAL-S-1-5-32-544","PrincipalType":"Group","RightName":"Owns","IsInherited":false},{"PrincipalSID":"SEVENKINGDOMS.LOCAL-S-1-5-32-548","PrincipalType":"Group","RightName":"GenericAll","IsInherited":false},{"PrincipalSID":"S-1-5-21-3356225206-989342118-3217507422-512","PrincipalType":"Group","RightName":"GenericAll","IsInherited":false},{"PrincipalSID":"S-1-5-21-3356225206-989342118-3217507422-526","PrincipalType":"Group","RightName":"AddKeyCredentialLink","IsInherited":true},{"PrincipalSID":"S-1-5-21-3356225206-989342118-3217507422-527","PrincipalType":"Base","RightName":"AddKeyCredentialLink","IsInherited":true},{"PrincipalSID":"S-1-5-21-3356225206-989342118-3217507422-519","PrincipalType":"Base","RightName":"GenericAll","IsInherited":true},{"PrincipalSID":"SEVENKINGDOMS.LOCAL-S-1-5-32-544","PrincipalType":"Group","RightName":"WriteDacl","IsInherited":true},{"PrincipalSID":"SEVENKINGDOMS.LOCAL-S-1-5-32-544","PrincipalType":"Group","RightName":"WriteOwner","IsInherited":true},{"PrincipalSID":"SEVENKINGDOMS.LOCAL-S-1-5-32-544","PrincipalType":"Group","RightName":"AllExtendedRights","IsInherited":true},{"PrincipalSID":"SEVENKINGDOMS.LOCAL-S-1-5-32-544","PrincipalType":"Group","RightName":"GenericWrite","IsInherited":true}],"ObjectIdentifier":"S-1-5-21-3356225206-989342118-3217507422-501","IsDeleted":false,"IsACLProtected":false},{"Properties":{"domain":"SEVENKINGDOMS.LOCAL","name":"TYRON.LANNISTER@SEVENKINGDOMS.LOCAL","distinguishedname":"CN=TYRON.LANNISTER,OU=WESTERLANDS,DC=SEVENKINGDOMS,DC=LOCAL","domainsid":"S-1-5-21-3356225206-989342118-3217507422","highvalue":false,"samaccountname":"tyron.lannister","description":"Tyron Lanister","whencreated":1688587801,"sensitive":false,"dontreqpreauth":false,"passwordnotreqd":false,"unconstraineddelegation":false,"pwdneverexpires":true,"enabled":true,"trustedtoauth":false,"lastlogon":0,"lastlogontimestamp":-1,"pwdlastset":1688632540,"serviceprincipalnames":[],"hasspn":false,"displayname":null,"email":null,"title":null,"homedirectory":null,"userpassword":null,"unixpassword":null,"unicodepassword":null,"sfupassword":null,"logonscript":null,"admincount":false,"sidhistory":[]},"AllowedToDelegate":[],"PrimaryGroupSID":"S-1-5-21-3356225206-989342118-3217507422-513","HasSIDHistory":[],"SPNTargets":[],"Aces":[{"PrincipalSID":"S-1-5-21-3356225206-989342118-3217507422-512","PrincipalType":"Group","RightName":"Owns","IsInherited":false},{"PrincipalSID":"SEVENKINGDOMS.LOCAL-S-1-5-32-548","PrincipalType":"Group","RightName":"GenericAll","IsInherited":false},{"PrincipalSID":"S-1-5-21-3356225206-989342118-3217507422-512","PrincipalType":"Group","RightName":"GenericAll","IsInherited":false},{"PrincipalSID":"S-1-5-21-3356225206-989342118-3217507422-1118","PrincipalType":"User","RightName":"WriteDacl","IsInherited":false},{"PrincipalSID":"S-1-5-21-3356225206-989342118-3217507422-526","PrincipalType":"Group","RightName":"AddKeyCredentialLink","IsInherited":true},{"PrincipalSID":"S-1-5-21-3356225206-989342118-3217507422-527","PrincipalType":"Base","RightName":"AddKeyCredentialLink","IsInherited":true},{"PrincipalSID":"S-1-5-21-3356225206-989342118-3217507422-519","PrincipalType":"Base","RightName":"GenericAll","IsInherited":true},{"PrincipalSID":"SEVENKINGDOMS.LOCAL-S-1-5-32-544","PrincipalType":"Group","RightName":"WriteDacl","IsInherited":true},{"PrincipalSID":"SEVENKINGDOMS.LOCAL-S-1-5-32-544","PrincipalType":"Group","RightName":"WriteOwner","IsInherited":true},{"PrincipalSID":"SEVENKINGDOMS.LOCAL-S-1-5-32-544","PrincipalType":"Group","RightName":"AllExtendedRights","IsInherited":true},{"PrincipalSID":"SEVENKINGDOMS.LOCAL-S-1-5-32-544","PrincipalType":"Group","RightName":"GenericWrite","IsInherited":true}],"ObjectIdentifier":"S-1-5-21-3356225206-989342118-3217507422-1116","IsDeleted":false,"IsACLProtected":false},{"Properties":{"domain":"SEVENKINGDOMS.LOCAL","name":"STANNIS.BARATHEON@SEVENKINGDOMS.LOCAL","distinguishedname":"CN=STANNIS.BARATHEON,OU=CROWNLANDS,DC=SEVENKINGDOMS,DC=LOCAL","domainsid":"S-1-5-21-3356225206-989342118-3217507422","highvalue":false,"samaccountname":"stannis.baratheon","description":"Stannis Baratheon","whencreated":1688587810,"sensitive":false,"dontreqpreauth":false,"passwordnotreqd":false,"unconstraineddelegation":false,"pwdneverexpires":true,"enabled":true,"trustedtoauth":false,"lastlogon":0,"lastlogontimestamp":-1,"pwdlastset":1688632546,"serviceprincipalnames":[],"hasspn":false,"displayname":null,"email":null,"title":null,"homedirectory":null,"userpassword":null,"unixpassword":null,"unicodepassword":null,"sfupassword":null,"logonscript":null,"admincount":false,"sidhistory":[]},"AllowedToDelegate":[],"PrimaryGroupSID":"S-1-5-21-3356225206-989342118-3217507422-513","HasSIDHistory":[],"SPNTargets":[],"Aces":[{"PrincipalSID":"S-1-5-21-3356225206-989342118-3217507422-512","PrincipalType":"Group","RightName":"Owns","IsInherited":false},{"PrincipalSID":"SEVENKINGDOMS.LOCAL-S-1-5-32-548","PrincipalType":"Group","RightName":"GenericAll","IsInherited":false},{"PrincipalSID":"S-1-5-21-3356225206-989342118-3217507422-512","PrincipalType":"Group","RightName":"GenericAll","IsInherited":false},{"PrincipalSID":"S-1-5-21-3356225206-989342118-3217507422-1110","PrincipalType":"Group","RightName":"GenericAll","IsInherited":false},{"PrincipalSID":"S-1-5-21-3356225206-989342118-3217507422-526","PrincipalType":"Group","RightName":"AddKeyCredentialLink","IsInherited":true},{"PrincipalSID":"S-1-5-21-3356225206-989342118-3217507422-527","PrincipalType":"Base","RightName":"AddKeyCredentialLink","IsInherited":true},{"PrincipalSID":"S-1-5-21-3356225206-989342118-3217507422-519","PrincipalType":"Base","RightName":"GenericAll","IsInherited":true},{"PrincipalSID":"SEVENKINGDOMS.LOCAL-S-1-5-32-544","PrincipalType":"Group","RightName":"WriteDacl","IsInherited":true},{"PrincipalSID":"SEVENKINGDOMS.LOCAL-S-1-5-32-544","PrincipalType":"Group","RightName":"WriteOwner","IsInherited":true},{"PrincipalSID":"SEVENKINGDOMS.LOCAL-S-1-5-32-544","PrincipalType":"Group","RightName":"AllExtendedRights","IsInherited":true},{"PrincipalSID":"SEVENKINGDOMS.LOCAL-S-1-5-32-544","PrincipalType":"Group","RightName":"GenericWrite","IsInherited":true}],"ObjectIdentifier":"S-1-5-21-3356225206-989342118-3217507422-1120","IsDeleted":false,"IsACLProtected":false}],"meta":{"methods":29695,"type":"users","count":15,"version":5}}