﻿{"data":[{"Properties":{"domain":"SEVENKINGDOMS.LOCAL","name":"KINGSLANDING.SEVENKINGDOMS.LOCAL","distinguishedname":"CN=KINGSLANDING,OU=DOMAIN CONTROLLERS,DC=SEVENKINGDOMS,DC=LOCAL","domainsid":"S-1-5-21-3356225206-989342118-3217507422","highvalue":false,"samaccountname":"KINGSLANDING$","haslaps":false,"description":null,"whencreated":1688585636,"enabled":true,"unconstraineddelegation":true,"trustedtoauth":false,"lastlogon":1690958951,"lastlogontimestamp":1690624353,"pwdlastset":1688610856,"serviceprincipalnames":["Dfsr-12F9A27C-BF97-4787-9364-D31B6C55EB04/kingslanding.sevenkingdoms.local","ldap/kingslanding.sevenkingdoms.local/ForestDnsZones.sevenkingdoms.local","ldap/kingslanding.sevenkingdoms.local/DomainDnsZones.sevenkingdoms.local","TERMSRV/KINGSLANDING","TERMSRV/kingslanding.sevenkingdoms.local","DNS/kingslanding.sevenkingdoms.local","GC/kingslanding.sevenkingdoms.local/sevenkingdoms.local","RestrictedKrbHost/kingslanding.sevenkingdoms.local","RestrictedKrbHost/KINGSLANDING","RPC/499d9021-8e3b-4ded-959f-1fc224adb0ab._msdcs.sevenkingdoms.local","HOST/KINGSLANDING/SEVENKINGDOMS","HOST/kingslanding.sevenkingdoms.local/SEVENKINGDOMS","HOST/KINGSLANDING","HOST/kingslanding.sevenkingdoms.local","HOST/kingslanding.sevenkingdoms.local/sevenkingdoms.local","E3514235-4B06-11D1-AB04-00C04FC2DCD2/499d9021-8e3b-4ded-959f-1fc224adb0ab/sevenkingdoms.local","ldap/KINGSLANDING/SEVENKINGDOMS","ldap/499d9021-8e3b-4ded-959f-1fc224adb0ab._msdcs.sevenkingdoms.local","ldap/kingslanding.sevenkingdoms.local/SEVENKINGDOMS","ldap/KINGSLANDING","ldap/kingslanding.sevenkingdoms.local","ldap/kingslanding.sevenkingdoms.local/sevenkingdoms.local"],"operatingsystem":"Windows Server 2019 Datacenter Evaluation","sidhistory":[]},"PrimaryGroupSID":"S-1-5-21-3356225206-989342118-3217507422-516","AllowedToDelegate":[],"AllowedToAct":[],"HasSIDHistory":[],"DumpSMSAPassword":[],"Sessions":{"Results":[],"Collected":false,"FailureReason":"ERROR_ACCESS_DENIED"},"PrivilegedSessions":{"Results":[],"Collected":false,"FailureReason":"ERROR_ACCESS_DENIED"},"RegistrySessions":{"Results":[],"Collected":true,"FailureReason":null},"LocalAdmins":{"Results":[{"ObjectIdentifier":"S-1-5-21-3356225206-989342118-3217507422-500","ObjectType":"User"},{"ObjectIdentifier":"S-1-5-21-3356225206-989342118-3217507422-1000","ObjectType":"User"},{"ObjectIdentifier":"S-1-5-21-3356225206-989342118-3217507422-519","ObjectType":"Base"},{"ObjectIdentifier":"S-1-5-21-3356225206-989342118-3217507422-512","ObjectType":"Group"},{"ObjectIdentifier":"S-1-5-21-3356225206-989342118-3217507422-1111","ObjectType":"Group"},{"ObjectIdentifier":"S-1-5-21-3356225206-989342118-3217507422-1115","ObjectType":"User"},{"ObjectIdentifier":"S-1-5-21-3356225206-989342118-3217507422-1117","ObjectType":"User"}],"Collected":true,"FailureReason":null},"RemoteDesktopUsers":{"Results":[{"ObjectIdentifier":"S-1-5-21-3356225206-989342118-3217507422-1107","ObjectType":"Group"},{"ObjectIdentifier":"S-1-5-21-3356225206-989342118-3217507422-1108","ObjectType":"Group"}],"Collected":true,"FailureReason":null},"DcomUsers":{"Results":[],"Collected":true,"FailureReason":null},"PSRemoteUsers":{"Results":[],"Collected":true,"FailureReason":null},"Status":null,"Aces":[{"PrincipalSID":"S-1-5-21-3356225206-989342118-3217507422-512","PrincipalType":"Group","RightName":"Owns","IsInherited":false},{"PrincipalSID":"S-1-5-21-3356225206-989342118-3217507422-512","PrincipalType":"Group","RightName":"GenericAll","IsInherited":false},{"PrincipalSID":"S-1-5-21-3356225206-989342118-3217507422-1112","PrincipalType":"Group","RightName":"GenericAll","IsInherited":false},{"PrincipalSID":"S-1-5-21-3356225206-989342118-3217507422-1120","PrincipalType":"User","RightName":"GenericAll","IsInherited":false},{"PrincipalSID":"S-1-5-21-3356225206-989342118-3217507422-526","PrincipalType":"Group","RightName":"AddKeyCredentialLink","IsInherited":true},{"PrincipalSID":"S-1-5-21-3356225206-989342118-3217507422-527","PrincipalType":"Base","RightName":"AddKeyCredentialLink","IsInherited":true},{"PrincipalSID":"S-1-5-21-3356225206-989342118-3217507422-519","PrincipalType":"Base","RightName":"GenericAll","IsInherited":true},{"PrincipalSID":"SEVENKINGDOMS.LOCAL-S-1-5-32-544","PrincipalType":"Group","RightName":"WriteDacl","IsInherited":true},{"PrincipalSID":"SEVENKINGDOMS.LOCAL-S-1-5-32-544","PrincipalType":"Group","RightName":"WriteOwner","IsInherited":true},{"PrincipalSID":"SEVENKINGDOMS.LOCAL-S-1-5-32-544","PrincipalType":"Group","RightName":"GenericWrite","IsInherited":true}],"ObjectIdentifier":"S-1-5-21-3356225206-989342118-3217507422-1001","IsDeleted":false,"IsACLProtected":false}],"meta":{"methods":29695,"type":"computers","count":1,"version":5}}