﻿{"data":[{"Properties":{"domain":"SEVENKINGDOMS.LOCAL","name":"DEFAULT DOMAIN POLICY@SEVENKINGDOMS.LOCAL","distinguishedname":"CN={31B2F340-016D-11D2-945F-00C04FB984F9},CN=POLICIES,CN=SYSTEM,DC=SEVENKINGDOMS,DC=LOCAL","domainsid":"S-1-5-21-3356225206-989342118-3217507422","highvalue":false,"description":null,"whencreated":1688585329,"gpcpath":"\\\\SEVENKINGDOMS.LOCAL\\SYSVOL\\SEVENKINGDOMS.LOCAL\\POLICIES\\{31B2F340-016D-11D2-945F-00C04FB984F9}"},"Aces":[{"PrincipalSID":"S-1-5-21-3356225206-989342118-3217507422-512","PrincipalType":"Group","RightName":"Owns","IsInherited":false},{"PrincipalSID":"S-1-5-21-3356225206-989342118-3217507422-512","PrincipalType":"Group","RightName":"WriteDacl","IsInherited":false},{"PrincipalSID":"S-1-5-21-3356225206-989342118-3217507422-512","PrincipalType":"Group","RightName":"WriteOwner","IsInherited":false},{"PrincipalSID":"S-1-5-21-3356225206-989342118-3217507422-512","PrincipalType":"Group","RightName":"GenericWrite","IsInherited":false},{"PrincipalSID":"S-1-5-21-3356225206-989342118-3217507422-512","PrincipalType":"Group","RightName":"WriteDacl","IsInherited":false},{"PrincipalSID":"S-1-5-21-3356225206-989342118-3217507422-512","PrincipalType":"Group","RightName":"WriteOwner","IsInherited":false},{"PrincipalSID":"S-1-5-21-3356225206-989342118-3217507422-512","PrincipalType":"Group","RightName":"GenericWrite","IsInherited":false},{"PrincipalSID":"S-1-5-21-3356225206-989342118-3217507422-519","PrincipalType":"Base","RightName":"WriteDacl","IsInherited":false},{"PrincipalSID":"S-1-5-21-3356225206-989342118-3217507422-519","PrincipalType":"Base","RightName":"WriteOwner","IsInherited":false},{"PrincipalSID":"S-1-5-21-3356225206-989342118-3217507422-519","PrincipalType":"Base","RightName":"GenericWrite","IsInherited":false}],"ObjectIdentifier":"84DA458F-71AB-4C33-8973-E5FAE4707F1C","IsDeleted":false,"IsACLProtected":true},{"Properties":{"domain":"SEVENKINGDOMS.LOCAL","name":"DEFAULT DOMAIN CONTROLLERS POLICY@SEVENKINGDOMS.LOCAL","distinguishedname":"CN={6AC1786C-016F-11D2-945F-00C04FB984F9},CN=POLICIES,CN=SYSTEM,DC=SEVENKINGDOMS,DC=LOCAL","domainsid":"S-1-5-21-3356225206-989342118-3217507422","highvalue":false,"description":null,"whencreated":1688585329,"gpcpath":"\\\\SEVENKINGDOMS.LOCAL\\SYSVOL\\SEVENKINGDOMS.LOCAL\\POLICIES\\{6AC1786C-016F-11D2-945F-00C04FB984F9}"},"Aces":[{"PrincipalSID":"S-1-5-21-3356225206-989342118-3217507422-512","PrincipalType":"Group","RightName":"Owns","IsInherited":false},{"PrincipalSID":"S-1-5-21-3356225206-989342118-3217507422-512","PrincipalType":"Group","RightName":"WriteDacl","IsInherited":false},{"PrincipalSID":"S-1-5-21-3356225206-989342118-3217507422-512","PrincipalType":"Group","RightName":"WriteOwner","IsInherited":false},{"PrincipalSID":"S-1-5-21-3356225206-989342118-3217507422-512","PrincipalType":"Group","RightName":"GenericWrite","IsInherited":false},{"PrincipalSID":"S-1-5-21-3356225206-989342118-3217507422-512","PrincipalType":"Group","RightName":"WriteDacl","IsInherited":false},{"PrincipalSID":"S-1-5-21-3356225206-989342118-3217507422-512","PrincipalType":"Group","RightName":"WriteOwner","IsInherited":false},{"PrincipalSID":"S-1-5-21-3356225206-989342118-3217507422-512","PrincipalType":"Group","RightName":"GenericWrite","IsInherited":false},{"PrincipalSID":"S-1-5-21-3356225206-989342118-3217507422-519","PrincipalType":"Base","RightName":"WriteDacl","IsInherited":false},{"PrincipalSID":"S-1-5-21-3356225206-989342118-3217507422-519","PrincipalType":"Base","RightName":"WriteOwner","IsInherited":false},{"PrincipalSID":"S-1-5-21-3356225206-989342118-3217507422-519","PrincipalType":"Base","RightName":"GenericWrite","IsInherited":false}],"ObjectIdentifier":"9F90BB06-4023-44AC-B22A-3B8F53DE9533","IsDeleted":false,"IsACLProtected":true},{"Properties":{"domain":"SEVENKINGDOMS.LOCAL","name":"ANSIBLE-LAPS@SEVENKINGDOMS.LOCAL","distinguishedname":"CN={05986707-71E9-452F-8519-4FDCEF38E782},CN=POLICIES,CN=SYSTEM,DC=SEVENKINGDOMS,DC=LOCAL","domainsid":"S-1-5-21-3356225206-989342118-3217507422","highvalue":false,"description":null,"whencreated":1688588253,"gpcpath":"\\\\SEVENKINGDOMS.LOCAL\\SYSVOL\\SEVENKINGDOMS.LOCAL\\POLICIES\\{05986707-71E9-452F-8519-4FDCEF38E782}"},"Aces":[{"PrincipalSID":"S-1-5-21-3356225206-989342118-3217507422-1000","PrincipalType":"User","RightName":"Owns","IsInherited":false},{"PrincipalSID":"S-1-5-21-3356225206-989342118-3217507422-512","PrincipalType":"Group","RightName":"WriteDacl","IsInherited":false},{"PrincipalSID":"S-1-5-21-3356225206-989342118-3217507422-512","PrincipalType":"Group","RightName":"WriteOwner","IsInherited":false},{"PrincipalSID":"S-1-5-21-3356225206-989342118-3217507422-512","PrincipalType":"Group","RightName":"GenericWrite","IsInherited":false},{"PrincipalSID":"S-1-5-21-3356225206-989342118-3217507422-519","PrincipalType":"Base","RightName":"WriteDacl","IsInherited":false},{"PrincipalSID":"S-1-5-21-3356225206-989342118-3217507422-519","PrincipalType":"Base","RightName":"WriteOwner","IsInherited":false},{"PrincipalSID":"S-1-5-21-3356225206-989342118-3217507422-519","PrincipalType":"Base","RightName":"GenericWrite","IsInherited":false},{"PrincipalSID":"S-1-5-21-3356225206-989342118-3217507422-1000","PrincipalType":"User","RightName":"WriteDacl","IsInherited":false},{"PrincipalSID":"S-1-5-21-3356225206-989342118-3217507422-1000","PrincipalType":"User","RightName":"WriteOwner","IsInherited":false},{"PrincipalSID":"S-1-5-21-3356225206-989342118-3217507422-1000","PrincipalType":"User","RightName":"GenericWrite","IsInherited":false}],"ObjectIdentifier":"2F56469A-75BA-400A-A367-958C7A6E2E12","IsDeleted":false,"IsACLProtected":true}],"meta":{"methods":29695,"type":"gpos","count":3,"version":5}}