﻿{"data":[{"GPOChanges":{"LocalAdmins":[],"RemoteDesktopUsers":[],"DcomUsers":[],"PSRemoteUsers":[],"AffectedComputers":[]},"Properties":{"domain":"SEVENKINGDOMS.LOCAL","name":"SEVENKINGDOMS.LOCAL","distinguishedname":"DC=SEVENKINGDOMS,DC=LOCAL","domainsid":"S-1-5-21-3356225206-989342118-3217507422","highvalue":true,"description":null,"whencreated":1688585325,"functionallevel":"2016"},"ChildObjects":[{"ObjectIdentifier":"037BCD3A-E718-41C5-B930-95153A19B119","ObjectType":"Container"},{"ObjectIdentifier":"310E8E4E-FCF3-4699-B319-0F7592C3306A","ObjectType":"OU"},{"ObjectIdentifier":"82746551-6849-4509-8C63-0418B566710C","ObjectType":"OU"},{"ObjectIdentifier":"FFF2C946-4A57-428D-9AE3-5D843E5696B3","ObjectType":"OU"},{"ObjectIdentifier":"3B6DADAF-DB20-4951-ADC1-D0242DE91CBF","ObjectType":"Container"},{"ObjectIdentifier":"237B8536-F1E3-432B-84B2-4497FD0CFDE0","ObjectType":"OU"},{"ObjectIdentifier":"9D36B668-796F-4176-8B8E-06CF4D638DF8","ObjectType":"OU"},{"ObjectIdentifier":"5E09A05A-6431-4842-B453-D83827FCB464","ObjectType":"Container"},{"ObjectIdentifier":"9EA6EC84-C2AF-4E2D-8309-69603C8FCFCD","ObjectType":"OU"},{"ObjectIdentifier":"5604C96F-B0C3-4E26-8B4F-86F2E5F6D846","ObjectType":"OU"},{"ObjectIdentifier":"C0DDFB4F-A29C-4CA7-A120-3DC6EC496C76","ObjectType":"OU"},{"ObjectIdentifier":"EDC9B47F-5A20-466B-B789-56256DCD26E8","ObjectType":"Container"},{"ObjectIdentifier":"1A77BBAE-58DB-4B01-B879-7A8C3FA8B4A5","ObjectType":"OU"},{"ObjectIdentifier":"C8850BCC-B211-4272-93EA-449E55D40C9B","ObjectType":"OU"}],"Trusts":[{"TargetDomainSid":"S-1-5-21-1741091980-3075726550-22591605","TargetDomainName":"NORTH.SEVENKINGDOMS.LOCAL","IsTransitive":true,"SidFilteringEnabled":false,"TrustDirection":3,"TrustType":0},{"TargetDomainSid":"S-1-5-21-254479581-914559915-1075136021","TargetDomainName":"ESSOS.LOCAL","IsTransitive":true,"SidFilteringEnabled":false,"TrustDirection":3,"TrustType":2}],"Links":[{"IsEnforced":false,"GUID":"84DA458F-71AB-4C33-8973-E5FAE4707F1C"}],"Aces":[{"PrincipalSID":"SEVENKINGDOMS.LOCAL-S-1-5-32-544","PrincipalType":"Group","RightName":"Owns","IsInherited":false},{"PrincipalSID":"SEVENKINGDOMS.LOCAL-S-1-5-32-544","PrincipalType":"Group","RightName":"WriteDacl","IsInherited":false},{"PrincipalSID":"SEVENKINGDOMS.LOCAL-S-1-5-32-544","PrincipalType":"Group","RightName":"WriteOwner","IsInherited":false},{"PrincipalSID":"SEVENKINGDOMS.LOCAL-S-1-5-32-544","PrincipalType":"Group","RightName":"AllExtendedRights","IsInherited":false},{"PrincipalSID":"S-1-5-21-3356225206-989342118-3217507422-512","PrincipalType":"Group","RightName":"WriteDacl","IsInherited":false},{"PrincipalSID":"S-1-5-21-3356225206-989342118-3217507422-512","PrincipalType":"Group","RightName":"WriteOwner","IsInherited":false},{"PrincipalSID":"S-1-5-21-3356225206-989342118-3217507422-512","PrincipalType":"Group","RightName":"AllExtendedRights","IsInherited":false},{"PrincipalSID":"S-1-5-21-3356225206-989342118-3217507422-519","PrincipalType":"Base","RightName":"GenericAll","IsInherited":false},{"PrincipalSID":"SEVENKINGDOMS.LOCAL-S-1-5-9","PrincipalType":"Group","RightName":"GetChanges","IsInherited":false},{"PrincipalSID":"SEVENKINGDOMS.LOCAL-S-1-5-9","PrincipalType":"Group","RightName":"GetChangesInFilteredSet","IsInherited":false},{"PrincipalSID":"SEVENKINGDOMS.LOCAL-S-1-5-32-544","PrincipalType":"Group","RightName":"GetChangesAll","IsInherited":false},{"PrincipalSID":"SEVENKINGDOMS.LOCAL-S-1-5-32-544","PrincipalType":"Group","RightName":"GetChanges","IsInherited":false},{"PrincipalSID":"SEVENKINGDOMS.LOCAL-S-1-5-32-544","PrincipalType":"Group","RightName":"GetChangesInFilteredSet","IsInherited":false},{"PrincipalSID":"S-1-5-21-3356225206-989342118-3217507422-498","PrincipalType":"Group","RightName":"GetChanges","IsInherited":false},{"PrincipalSID":"S-1-5-21-3356225206-989342118-3217507422-516","PrincipalType":"Group","RightName":"GetChangesAll","IsInherited":false}],"ObjectIdentifier":"S-1-5-21-3356225206-989342118-3217507422","IsDeleted":false,"IsACLProtected":false}],"meta":{"methods":29695,"type":"domains","count":1,"version":5}}