{"data": [{"ObjectIdentifier": "S-1-5-21-2098312621-1904462239-3964181367", "Properties": {"name": "NORTH.SEVENKINGDOMS.LOCAL", "domain": "NORTH.SEVENKINGDOMS.LOCAL", "domainsid": "S-1-5-21-2098312621-1904462239-3964181367", "distinguishedname": "DC=NORTH,DC=SEVENKINGDOMS,DC=LOCAL", "description": "", "functionallevel": "2016", "highvalue": true, "whencreated": 1685513293}, "Trusts": [{"TargetDomainName": "SEVENKINGDOMS.LOCAL", "TargetDomainSid": "S-1-5-21-3761982442-651772775-2982113673", "IsTransitive": true, "TrustDirection": "Bidirectional", "TrustType": "ParentChild", "SidFilteringEnabled": false}], "Aces": [{"RightName": "Owns", "IsInherited": false, "PrincipalSID": "NORTH.SEVENKINGDOMS.LOCAL-S-1-5-32-544", "PrincipalType": "Group"}, {"RightName": "GetChanges", "IsInherited": false, "PrincipalSID": "S-1-5-21-3761982442-651772775-2982113673-498", "PrincipalType": "Group"}, {"RightName": "GetChangesAll", "IsInherited": false, "PrincipalSID": "S-1-5-21-2098312621-1904462239-3964181367-516", "PrincipalType": "Group"}, {"RightName": "GetChangesInFilteredSet", "IsInherited": false, "PrincipalSID": "NORTH.SEVENKINGDOMS.LOCAL-S-1-5-32-544", "PrincipalType": "Group"}, {"RightName": "GetChanges", "IsInherited": false, "PrincipalSID": "NORTH.SEVENKINGDOMS.LOCAL-S-1-5-32-544", "PrincipalType": "Group"}, {"RightName": "GetChangesAll", "IsInherited": false, "PrincipalSID": "NORTH.SEVENKINGDOMS.LOCAL-S-1-5-32-544", "PrincipalType": "Group"}, {"RightName": "GetChangesInFilteredSet", "IsInherited": false, "PrincipalSID": "NORTH.SEVENKINGDOMS.LOCAL-S-1-5-9", "PrincipalType": "Group"}, {"RightName": "GetChanges", "IsInherited": false, "PrincipalSID": "NORTH.SEVENKINGDOMS.LOCAL-S-1-5-9", "PrincipalType": "Group"}, {"RightName": "WriteOwner", "IsInherited": false, "PrincipalSID": "S-1-5-21-2098312621-1904462239-3964181367-512", "PrincipalType": "Group"}, {"RightName": "AllExtendedRights", "IsInherited": false, "PrincipalSID": "S-1-5-21-2098312621-1904462239-3964181367-512", "PrincipalType": "Group"}, {"RightName": "WriteDacl", "IsInherited": false, "PrincipalSID": "S-1-5-21-2098312621-1904462239-3964181367-512", "PrincipalType": "Group"}, {"RightName": "GenericAll", "IsInherited": false, "PrincipalSID": "S-1-5-21-3761982442-651772775-2982113673-519", "PrincipalType": "Group"}, {"RightName": "WriteOwner", "IsInherited": false, "PrincipalSID": "NORTH.SEVENKINGDOMS.LOCAL-S-1-5-32-544", "PrincipalType": "Group"}, {"RightName": "AllExtendedRights", "IsInherited": false, "PrincipalSID": "NORTH.SEVENKINGDOMS.LOCAL-S-1-5-32-544", "PrincipalType": "Group"}, {"RightName": "WriteDacl", "IsInherited": false, "PrincipalSID": "NORTH.SEVENKINGDOMS.LOCAL-S-1-5-32-544", "PrincipalType": "Group"}], "Links": [{"IsEnforced": false, "GUID": "FF5AC86A-F027-4F97-B118-BB33F403AF6F"}, {"IsEnforced": false, "GUID": "2419C573-0A24-4836-86C8-D541103583D5"}], "ChildObjects": [{"ObjectIdentifier": "E3C71FB4-C40C-4B3F-BB9E-7D4152B9CDDE", "ObjectType": "Container"}, {"ObjectIdentifier": "C79D4A7A-3AE8-44E5-9613-EBEA8E975D34", "ObjectType": "Container"}, {"ObjectIdentifier": "72980B7B-C7FA-4807-AF8E-C2E647955091", "ObjectType": "OU"}, {"ObjectIdentifier": "51C7CF77-7510-4B5C-A991-FCB725878578", "ObjectType": "Container"}, {"ObjectIdentifier": "35E63D82-4A62-4BFE-98A2-A4C6BACC6FB1", "ObjectType": "OU"}, {"ObjectIdentifier": "E59FCB14-164F-4D9C-8037-C53B8E69FB82", "ObjectType": "Container"}], "GPOChanges": {"AffectedComputers": [], "DcomUsers": [], "LocalAdmins": [], "PSRemoteUsers": [], "RemoteDesktopUsers": []}, "IsDeleted": false, "IsACLProtected": false}], "meta": {"type": "domains", "count": 1, "version": 5}}