{"data":[{"ObjectIdentifier": "35E63D82-4A62-4BFE-98A2-A4C6BACC6FB1", "Properties": {"domain": "NORTH.SEVENKINGDOMS.LOCAL", "name": "DOMAIN CONTROLLERS@NORTH.SEVENKINGDOMS.LOCAL", "distinguishedname": "OU=DOMAIN CONTROLLERS,DC=NORTH,DC=SEVENKINGDOMS,DC=LOCAL", "domainsid": "S-1-5-21-2098312621-1904462239-3964181367", "highvalue": false, "blocksinheritance": false, "description": "Default container for domain controllers", "whencreated": 1685513294}, "IsDeleted": false, "IsACLProtected": false, "Aces": [{"RightName": "Owns", "IsInherited": false, "PrincipalSID": "S-1-5-21-2098312621-1904462239-3964181367-512", "PrincipalType": "Group"}, {"RightName": "WriteOwner", "IsInherited": false, "PrincipalSID": "S-1-5-21-2098312621-1904462239-3964181367-512", "PrincipalType": "Group"}, {"RightName": "WriteDacl", "IsInherited": false, "PrincipalSID": "S-1-5-21-2098312621-1904462239-3964181367-512", "PrincipalType": "Group"}, {"RightName": "GenericAll", "IsInherited": true, "PrincipalSID": "S-1-5-21-3761982442-651772775-2982113673-519", "PrincipalType": "Group"}, {"RightName": "WriteOwner", "IsInherited": true, "PrincipalSID": "NORTH.SEVENKINGDOMS.LOCAL-S-1-5-32-544", "PrincipalType": "Group"}, {"RightName": "WriteDacl", "IsInherited": true, "PrincipalSID": "NORTH.SEVENKINGDOMS.LOCAL-S-1-5-32-544", "PrincipalType": "Group"}], "Links": [{"IsEnforced": false, "GUID": "D91BC83E-05D6-4EEB-9366-29F3C89EF5AC"}], "ChildObjects": [{"ObjectIdentifier": "S-1-5-21-2098312621-1904462239-3964181367-1001", "ObjectType": "Computer"}], "GPOChanges": {"AffectedComputers": [], "DcomUsers": [], "LocalAdmins": [], "PSRemoteUsers": [], "RemoteDesktopUsers": []}},{"ObjectIdentifier": "72980B7B-C7FA-4807-AF8E-C2E647955091", "Properties": {"domain": "NORTH.SEVENKINGDOMS.LOCAL", "name": "LAPS@NORTH.SEVENKINGDOMS.LOCAL", "distinguishedname": "OU=LAPS,DC=NORTH,DC=SEVENKINGDOMS,DC=LOCAL", "domainsid": "S-1-5-21-2098312621-1904462239-3964181367", "highvalue": false, "blocksinheritance": false, "description": null, "whencreated": 1685514526}, "IsDeleted": false, "IsACLProtected": false, "Aces": [{"RightName": "GenericAll", "IsInherited": false, "PrincipalSID": "S-1-5-21-2098312621-1904462239-3964181367-512", "PrincipalType": "Group"}, {"RightName": "GenericAll", "IsInherited": true, "PrincipalSID": "S-1-5-21-3761982442-651772775-2982113673-519", "PrincipalType": "Group"}, {"RightName": "WriteOwner", "IsInherited": true, "PrincipalSID": "NORTH.SEVENKINGDOMS.LOCAL-S-1-5-32-544", "PrincipalType": "Group"}, {"RightName": "WriteDacl", "IsInherited": true, "PrincipalSID": "NORTH.SEVENKINGDOMS.LOCAL-S-1-5-32-544", "PrincipalType": "Group"}], "Links": [{"IsEnforced": true, "GUID": "45B51DC2-B27E-4990-B826-E60FA92E0A84"}], "ChildObjects": [], "GPOChanges": {"AffectedComputers": [], "DcomUsers": [], "LocalAdmins": [], "PSRemoteUsers": [], "RemoteDesktopUsers": []}}],"meta":{"methods":0,"type":"ous","count":2, "version":5}}