{"data":[{"ObjectIdentifier": "S-1-5-21-2098312621-1904462239-3964181367-1104", "AllowedToAct": [], "PrimaryGroupSID": "S-1-5-21-2098312621-1904462239-3964181367-515", "LocalAdmins": {"Collected": true, "FailureReason": null, "Results": []}, "PSRemoteUsers": {"Collected": true, "FailureReason": null, "Results": []}, "Properties": {"name": "CASTELBLACK.NORTH.SEVENKINGDOMS.LOCAL", "domainsid": "S-1-5-21-2098312621-1904462239-3964181367", "domain": "NORTH.SEVENKINGDOMS.LOCAL", "distinguishedname": "CN=CASTELBLACK,CN=COMPUTERS,DC=NORTH,DC=SEVENKINGDOMS,DC=LOCAL", "unconstraineddelegation": false, "enabled": true, "trustedtoauth": false, "samaccountname": "CASTELBLACK$", "haslaps": false, "lastlogon": 1686457410, "lastlogontimestamp": 1686386200, "pwdlastset": 1685513932, "whencreated": 1685513932, "serviceprincipalnames": ["HTTP/winterfell.north.sevenkingdoms.local", "WSMAN/castelblack", "WSMAN/castelblack.north.sevenkingdoms.local", "TERMSRV/CASTELBLACK", "TERMSRV/castelblack.north.sevenkingdoms.local", "RestrictedKrbHost/CASTELBLACK", "HOST/CASTELBLACK", "RestrictedKrbHost/castelblack.north.sevenkingdoms.local", "HOST/castelblack.north.sevenkingdoms.local"], "description": null, "operatingsystem": "Windows Server 2019 Datacenter Evaluation", "sidhistory": [], "allowedtodelegate": ["HTTP/winterfell", "HTTP/winterfell.north.sevenkingdoms.local"]}, "RemoteDesktopUsers": {"Collected": true, "FailureReason": null, "Results": []}, "DcomUsers": {"Collected": true, "FailureReason": null, "Results": []}, "AllowedToDelegate": ["S-1-5-21-2098312621-1904462239-3964181367-1001"], "Sessions": {"Collected": true, "FailureReason": null, "Results": []}, "PrivilegedSessions": {"Collected": false, "FailureReason": null, "Results": []}, "RegistrySessions": {"Collected": false, "FailureReason": null, "Results": []}, "Aces": [{"RightName": "Owns", "IsInherited": false, "PrincipalSID": "S-1-5-21-2098312621-1904462239-3964181367-512", "PrincipalType": "Group"}, {"RightName": "GenericAll", "IsInherited": false, "PrincipalSID": "S-1-5-21-2098312621-1904462239-3964181367-512", "PrincipalType": "Group"}, {"RightName": "GenericAll", "IsInherited": false, "PrincipalSID": "NORTH.SEVENKINGDOMS.LOCAL-S-1-5-32-548", "PrincipalType": "Group"}, {"RightName": "AddKeyCredentialLink", "IsInherited": true, "PrincipalSID": "S-1-5-21-2098312621-1904462239-3964181367-526", "PrincipalType": "Group"}, {"RightName": "AddKeyCredentialLink", "IsInherited": true, "PrincipalSID": "S-1-5-21-3761982442-651772775-2982113673-527", "PrincipalType": "Group"}, {"RightName": "GenericAll", "IsInherited": true, "PrincipalSID": "S-1-5-21-3761982442-651772775-2982113673-519", "PrincipalType": "Group"}, {"RightName": "GenericWrite", "IsInherited": true, "PrincipalSID": "NORTH.SEVENKINGDOMS.LOCAL-S-1-5-32-544", "PrincipalType": "Group"}, {"RightName": "WriteOwner", "IsInherited": true, "PrincipalSID": "NORTH.SEVENKINGDOMS.LOCAL-S-1-5-32-544", "PrincipalType": "Group"}, {"RightName": "WriteDacl", "IsInherited": true, "PrincipalSID": "NORTH.SEVENKINGDOMS.LOCAL-S-1-5-32-544", "PrincipalType": "Group"}], "HasSIDHistory": [], "IsDeleted": false, "Status": null, "IsACLProtected": false},{"ObjectIdentifier": "S-1-5-21-2098312621-1904462239-3964181367-1001", "AllowedToAct": [], "PrimaryGroupSID": "S-1-5-21-2098312621-1904462239-3964181367-516", "LocalAdmins": {"Collected": true, "FailureReason": null, "Results": [{"ObjectIdentifier": "S-1-5-21-2098312621-1904462239-3964181367-500", "ObjectType": "User"}, {"ObjectIdentifier": "S-1-5-21-2098312621-1904462239-3964181367-1000", "ObjectType": "User"}, {"ObjectIdentifier": "S-1-5-21-2098312621-1904462239-3964181367-512", "ObjectType": "Group"}, {"ObjectIdentifier": "S-1-5-21-3761982442-651772775-2982113673-519", "ObjectType": "Group"}, {"ObjectIdentifier": "S-1-5-21-2098312621-1904462239-3964181367-1111", "ObjectType": "User"}, {"ObjectIdentifier": "S-1-5-21-2098312621-1904462239-3964181367-1112", "ObjectType": "User"}, {"ObjectIdentifier": "S-1-5-21-2098312621-1904462239-3964181367-1113", "ObjectType": "User"}]}, "PSRemoteUsers": {"Collected": true, "FailureReason": null, "Results": []}, "Properties": {"name": "WINTERFELL.NORTH.SEVENKINGDOMS.LOCAL", "domainsid": "S-1-5-21-2098312621-1904462239-3964181367", "domain": "NORTH.SEVENKINGDOMS.LOCAL", "distinguishedname": "CN=WINTERFELL,OU=DOMAIN CONTROLLERS,DC=NORTH,DC=SEVENKINGDOMS,DC=LOCAL", "unconstraineddelegation": true, "enabled": true, "trustedtoauth": false, "samaccountname": "WINTERFELL$", "haslaps": false, "lastlogon": 1686443654, "lastlogontimestamp": 1686443654, "pwdlastset": 1685513378, "whencreated": 1685513354, "serviceprincipalnames": ["ldap/winterfell.north.sevenkingdoms.local/DomainDnsZones.north.sevenkingdoms.local", "ldap/winterfell.north.sevenkingdoms.local/ForestDnsZones.sevenkingdoms.local", "Dfsr-12F9A27C-BF97-4787-9364-D31B6C55EB04/winterfell.north.sevenkingdoms.local", "TERMSRV/WINTERFELL", "TERMSRV/winterfell.north.sevenkingdoms.local", "DNS/winterfell.north.sevenkingdoms.local", "GC/winterfell.north.sevenkingdoms.local/sevenkingdoms.local", "RestrictedKrbHost/winterfell.north.sevenkingdoms.local", "RestrictedKrbHost/WINTERFELL", "RPC/82ce94f2-5c91-4539-98b8-66fbb692094c._msdcs.sevenkingdoms.local", "HOST/WINTERFELL/NORTH", "HOST/winterfell.north.sevenkingdoms.local/NORTH", "HOST/WINTERFELL", "HOST/winterfell.north.sevenkingdoms.local", "HOST/winterfell.north.sevenkingdoms.local/north.sevenkingdoms.local", "E3514235-4B06-11D1-AB04-00C04FC2DCD2/82ce94f2-5c91-4539-98b8-66fbb692094c/north.sevenkingdoms.local", "ldap/WINTERFELL/NORTH", "ldap/82ce94f2-5c91-4539-98b8-66fbb692094c._msdcs.sevenkingdoms.local", "ldap/winterfell.north.sevenkingdoms.local/NORTH", "ldap/WINTERFELL", "ldap/winterfell.north.sevenkingdoms.local", "ldap/winterfell.north.sevenkingdoms.local/north.sevenkingdoms.local"], "description": null, "operatingsystem": "Windows Server 2019 Datacenter Evaluation", "sidhistory": []}, "RemoteDesktopUsers": {"Collected": true, "FailureReason": null, "Results": [{"ObjectIdentifier": "S-1-5-21-2098312621-1904462239-3964181367-1106", "ObjectType": "Group"}]}, "DcomUsers": {"Collected": true, "FailureReason": null, "Results": []}, "AllowedToDelegate": [], "Sessions": {"Collected": true, "FailureReason": null, "Results": []}, "PrivilegedSessions": {"Collected": false, "FailureReason": null, "Results": []}, "RegistrySessions": {"Collected": false, "FailureReason": null, "Results": []}, "Aces": [{"RightName": "Owns", "IsInherited": false, "PrincipalSID": "S-1-5-21-2098312621-1904462239-3964181367-512", "PrincipalType": "Group"}, {"RightName": "GenericAll", "IsInherited": false, "PrincipalSID": "S-1-5-21-2098312621-1904462239-3964181367-512", "PrincipalType": "Group"}, {"RightName": "AddKeyCredentialLink", "IsInherited": true, "PrincipalSID": "S-1-5-21-2098312621-1904462239-3964181367-526", "PrincipalType": "Group"}, {"RightName": "AddKeyCredentialLink", "IsInherited": true, "PrincipalSID": "S-1-5-21-3761982442-651772775-2982113673-527", "PrincipalType": "Group"}, {"RightName": "GenericAll", "IsInherited": true, "PrincipalSID": "S-1-5-21-3761982442-651772775-2982113673-519", "PrincipalType": "Group"}, {"RightName": "GenericWrite", "IsInherited": true, "PrincipalSID": "NORTH.SEVENKINGDOMS.LOCAL-S-1-5-32-544", "PrincipalType": "Group"}, {"RightName": "WriteOwner", "IsInherited": true, "PrincipalSID": "NORTH.SEVENKINGDOMS.LOCAL-S-1-5-32-544", "PrincipalType": "Group"}, {"RightName": "WriteDacl", "IsInherited": true, "PrincipalSID": "NORTH.SEVENKINGDOMS.LOCAL-S-1-5-32-544", "PrincipalType": "Group"}], "HasSIDHistory": [], "IsDeleted": false, "Status": null, "IsACLProtected": false}],"meta":{"methods":0,"type":"computers","count":2, "version":5}}