{"data":[{"ObjectIdentifier": "C79D4A7A-3AE8-44E5-9613-EBEA8E975D34", "Properties": {"domain": "NORTH.SEVENKINGDOMS.LOCAL", "name": "MANAGED SERVICE ACCOUNTS@NORTH.SEVENKINGDOMS.LOCAL", "distinguishedname": "CN=MANAGED SERVICE ACCOUNTS,DC=NORTH,DC=SEVENKINGDOMS,DC=LOCAL", "domainsid": "S-1-5-21-2098312621-1904462239-3964181367", "highvalue": false, "description": "Default container for managed service accounts", "whencreated": 1685513294}, "IsDeleted": false, "IsACLProtected": false, "Aces": [{"RightName": "Owns", "IsInherited": false, "PrincipalSID": "S-1-5-21-2098312621-1904462239-3964181367-512", "PrincipalType": "Group"}, {"RightName": "WriteOwner", "IsInherited": false, "PrincipalSID": "S-1-5-21-2098312621-1904462239-3964181367-512", "PrincipalType": "Group"}, {"RightName": "WriteDacl", "IsInherited": false, "PrincipalSID": "S-1-5-21-2098312621-1904462239-3964181367-512", "PrincipalType": "Group"}, {"RightName": "GenericAll", "IsInherited": true, "PrincipalSID": "S-1-5-21-3761982442-651772775-2982113673-519", "PrincipalType": "Group"}, {"RightName": "WriteOwner", "IsInherited": true, "PrincipalSID": "NORTH.SEVENKINGDOMS.LOCAL-S-1-5-32-544", "PrincipalType": "Group"}, {"RightName": "WriteDacl", "IsInherited": true, "PrincipalSID": "NORTH.SEVENKINGDOMS.LOCAL-S-1-5-32-544", "PrincipalType": "Group"}], "ChildObjects": []},{"ObjectIdentifier": "D54CC634-F914-4689-BE0F-769DE80B772D", "Properties": {"domain": "NORTH.SEVENKINGDOMS.LOCAL", "name": "MICROSOFT@NORTH.SEVENKINGDOMS.LOCAL", "distinguishedname": "CN=MICROSOFT,CN=PROGRAM DATA,DC=NORTH,DC=SEVENKINGDOMS,DC=LOCAL", "domainsid": "S-1-5-21-2098312621-1904462239-3964181367", "highvalue": false, "description": "Default location for storage of Microsoft application data.", "whencreated": 1685513294}, "IsDeleted": false, "IsACLProtected": false, "Aces": [{"RightName": "Owns", "IsInherited": false, "PrincipalSID": "S-1-5-21-2098312621-1904462239-3964181367-512", "PrincipalType": "Group"}, {"RightName": "GenericAll", "IsInherited": false, "PrincipalSID": "S-1-5-21-2098312621-1904462239-3964181367-512", "PrincipalType": "Group"}, {"RightName": "GenericAll", "IsInherited": true, "PrincipalSID": "S-1-5-21-3761982442-651772775-2982113673-519", "PrincipalType": "Group"}, {"RightName": "WriteOwner", "IsInherited": true, "PrincipalSID": "NORTH.SEVENKINGDOMS.LOCAL-S-1-5-32-544", "PrincipalType": "Group"}, {"RightName": "WriteDacl", "IsInherited": true, "PrincipalSID": "NORTH.SEVENKINGDOMS.LOCAL-S-1-5-32-544", "PrincipalType": "Group"}], "ChildObjects": []},{"ObjectIdentifier": "32FB3633-7312-4C12-AC79-4ED25A581F12", "Properties": {"domain": "NORTH.SEVENKINGDOMS.LOCAL", "name": "PROGRAM DATA@NORTH.SEVENKINGDOMS.LOCAL", "distinguishedname": "CN=PROGRAM DATA,DC=NORTH,DC=SEVENKINGDOMS,DC=LOCAL", "domainsid": "S-1-5-21-2098312621-1904462239-3964181367", "highvalue": false, "description": "Default location for storage of application data.", "whencreated": 1685513294}, "IsDeleted": false, "IsACLProtected": false, "Aces": [{"RightName": "Owns", "IsInherited": false, "PrincipalSID": "S-1-5-21-2098312621-1904462239-3964181367-512", "PrincipalType": "Group"}, {"RightName": "GenericAll", "IsInherited": false, "PrincipalSID": "S-1-5-21-2098312621-1904462239-3964181367-512", "PrincipalType": "Group"}, {"RightName": "GenericAll", "IsInherited": true, "PrincipalSID": "S-1-5-21-3761982442-651772775-2982113673-519", "PrincipalType": "Group"}, {"RightName": "WriteOwner", "IsInherited": true, "PrincipalSID": "NORTH.SEVENKINGDOMS.LOCAL-S-1-5-32-544", "PrincipalType": "Group"}, {"RightName": "WriteDacl", "IsInherited": true, "PrincipalSID": "NORTH.SEVENKINGDOMS.LOCAL-S-1-5-32-544", "PrincipalType": "Group"}], "ChildObjects": []},{"ObjectIdentifier": "51C7CF77-7510-4B5C-A991-FCB725878578", "Properties": {"domain": "NORTH.SEVENKINGDOMS.LOCAL", "name": "FOREIGNSECURITYPRINCIPALS@NORTH.SEVENKINGDOMS.LOCAL", "distinguishedname": "CN=FOREIGNSECURITYPRINCIPALS,DC=NORTH,DC=SEVENKINGDOMS,DC=LOCAL", "domainsid": "S-1-5-21-2098312621-1904462239-3964181367", "highvalue": false, "description": "Default container for security identifiers (SIDs) associated with objects from external, trusted domains", "whencreated": 1685513294}, "IsDeleted": false, "IsACLProtected": false, "Aces": [{"RightName": "Owns", "IsInherited": false, "PrincipalSID": "S-1-5-21-2098312621-1904462239-3964181367-512", "PrincipalType": "Group"}, {"RightName": "GenericAll", "IsInherited": false, "PrincipalSID": "S-1-5-21-2098312621-1904462239-3964181367-512", "PrincipalType": "Group"}, {"RightName": "GenericAll", "IsInherited": true, "PrincipalSID": "S-1-5-21-3761982442-651772775-2982113673-519", "PrincipalType": "Group"}, {"RightName": "WriteOwner", "IsInherited": true, "PrincipalSID": "NORTH.SEVENKINGDOMS.LOCAL-S-1-5-32-544", "PrincipalType": "Group"}, {"RightName": "WriteDacl", "IsInherited": true, "PrincipalSID": "NORTH.SEVENKINGDOMS.LOCAL-S-1-5-32-544", "PrincipalType": "Group"}], "ChildObjects": []},{"ObjectIdentifier": "1D30C70F-3313-41AB-B2D6-46E01CD03344", "Properties": {"domain": "NORTH.SEVENKINGDOMS.LOCAL", "name": "WMIGPO@NORTH.SEVENKINGDOMS.LOCAL", "distinguishedname": "CN=WMIGPO,CN=WMIPOLICY,CN=SYSTEM,DC=NORTH,DC=SEVENKINGDOMS,DC=LOCAL", "domainsid": "S-1-5-21-2098312621-1904462239-3964181367", "highvalue": false, "description": "", "whencreated": 1685513293}, "IsDeleted": false, "IsACLProtected": false, "Aces": [{"RightName": "Owns", "IsInherited": false, "PrincipalSID": "S-1-5-21-2098312621-1904462239-3964181367-512", "PrincipalType": "Group"}, {"RightName": "WriteOwner", "IsInherited": false, "PrincipalSID": "S-1-5-21-2098312621-1904462239-3964181367-512", "PrincipalType": "Group"}, {"RightName": "WriteDacl", "IsInherited": false, "PrincipalSID": "S-1-5-21-2098312621-1904462239-3964181367-512", "PrincipalType": "Group"}, {"RightName": "GenericAll", "IsInherited": true, "PrincipalSID": "S-1-5-21-3761982442-651772775-2982113673-519", "PrincipalType": "Group"}, {"RightName": "GenericAll", "IsInherited": true, "PrincipalSID": "S-1-5-21-2098312621-1904462239-3964181367-512", "PrincipalType": "Group"}], "ChildObjects": []},{"ObjectIdentifier": "F9D58B20-D9C8-4CE0-AC91-E493104883FA", "Properties": {"domain": "NORTH.SEVENKINGDOMS.LOCAL", "name": "POLICYTYPE@NORTH.SEVENKINGDOMS.LOCAL", "distinguishedname": "CN=POLICYTYPE,CN=WMIPOLICY,CN=SYSTEM,DC=NORTH,DC=SEVENKINGDOMS,DC=LOCAL", "domainsid": "S-1-5-21-2098312621-1904462239-3964181367", "highvalue": false, "description": "", "whencreated": 1685513293}, "IsDeleted": false, "IsACLProtected": false, "Aces": [{"RightName": "Owns", "IsInherited": false, "PrincipalSID": "S-1-5-21-2098312621-1904462239-3964181367-512", "PrincipalType": "Group"}, {"RightName": "WriteOwner", "IsInherited": false, "PrincipalSID": "S-1-5-21-2098312621-1904462239-3964181367-512", "PrincipalType": "Group"}, {"RightName": "WriteDacl", "IsInherited": false, "PrincipalSID": "S-1-5-21-2098312621-1904462239-3964181367-512", "PrincipalType": "Group"}, {"RightName": "GenericAll", "IsInherited": true, "PrincipalSID": "S-1-5-21-3761982442-651772775-2982113673-519", "PrincipalType": "Group"}, {"RightName": "GenericAll", "IsInherited": true, "PrincipalSID": "S-1-5-21-2098312621-1904462239-3964181367-512", "PrincipalType": "Group"}], "ChildObjects": []},{"ObjectIdentifier": "E22364D6-72AA-43CF-8733-D1E8D3DFA8ED", "Properties": {"domain": "NORTH.SEVENKINGDOMS.LOCAL", "name": "SOM@NORTH.SEVENKINGDOMS.LOCAL", "distinguishedname": "CN=SOM,CN=WMIPOLICY,CN=SYSTEM,DC=NORTH,DC=SEVENKINGDOMS,DC=LOCAL", "domainsid": "S-1-5-21-2098312621-1904462239-3964181367", "highvalue": false, "description": "", "whencreated": 1685513293}, "IsDeleted": false, "IsACLProtected": true, "Aces": [{"RightName": "Owns", "IsInherited": false, "PrincipalSID": "S-1-5-21-2098312621-1904462239-3964181367-512", "PrincipalType": "Group"}, {"RightName": "GenericAll", "IsInherited": false, "PrincipalSID": "S-1-5-21-2098312621-1904462239-3964181367-512", "PrincipalType": "Group"}, {"RightName": "GenericAll", "IsInherited": false, "PrincipalSID": "S-1-5-21-3761982442-651772775-2982113673-519", "PrincipalType": "Group"}], "ChildObjects": []},{"ObjectIdentifier": "C6D110EB-B411-45A1-A96E-04DE1ED46AA6", "Properties": {"domain": "NORTH.SEVENKINGDOMS.LOCAL", "name": "POLICYTEMPLATE@NORTH.SEVENKINGDOMS.LOCAL", "distinguishedname": "CN=POLICYTEMPLATE,CN=WMIPOLICY,CN=SYSTEM,DC=NORTH,DC=SEVENKINGDOMS,DC=LOCAL", "domainsid": "S-1-5-21-2098312621-1904462239-3964181367", "highvalue": false, "description": "", "whencreated": 1685513293}, "IsDeleted": false, "IsACLProtected": false, "Aces": [{"RightName": "Owns", "IsInherited": false, "PrincipalSID": "S-1-5-21-2098312621-1904462239-3964181367-512", "PrincipalType": "Group"}, {"RightName": "WriteOwner", "IsInherited": false, "PrincipalSID": "S-1-5-21-2098312621-1904462239-3964181367-512", "PrincipalType": "Group"}, {"RightName": "WriteDacl", "IsInherited": false, "PrincipalSID": "S-1-5-21-2098312621-1904462239-3964181367-512", "PrincipalType": "Group"}, {"RightName": "GenericAll", "IsInherited": true, "PrincipalSID": "S-1-5-21-3761982442-651772775-2982113673-519", "PrincipalType": "Group"}, {"RightName": "GenericAll", "IsInherited": true, "PrincipalSID": "S-1-5-21-2098312621-1904462239-3964181367-512", "PrincipalType": "Group"}], "ChildObjects": []},{"ObjectIdentifier": "AE2F237D-8086-4FFE-AD87-36505C7469EF", "Properties": {"domain": "NORTH.SEVENKINGDOMS.LOCAL", "name": "WMIPOLICY@NORTH.SEVENKINGDOMS.LOCAL", "distinguishedname": "CN=WMIPOLICY,CN=SYSTEM,DC=NORTH,DC=SEVENKINGDOMS,DC=LOCAL", "domainsid": "S-1-5-21-2098312621-1904462239-3964181367", "highvalue": false, "description": "", "whencreated": 1685513293}, "IsDeleted": false, "IsACLProtected": true, "Aces": [{"RightName": "Owns", "IsInherited": false, "PrincipalSID": "S-1-5-21-2098312621-1904462239-3964181367-512", "PrincipalType": "Group"}, {"RightName": "GenericAll", "IsInherited": false, "PrincipalSID": "S-1-5-21-3761982442-651772775-2982113673-519", "PrincipalType": "Group"}, {"RightName": "GenericAll", "IsInherited": false, "PrincipalSID": "S-1-5-21-2098312621-1904462239-3964181367-512", "PrincipalType": "Group"}], "ChildObjects": []},{"ObjectIdentifier": "798F96DB-DC7F-46F7-B3EC-AFDB20A3E8DD", "Properties": {"domain": "NORTH.SEVENKINGDOMS.LOCAL", "name": "COMPARTITIONSETS@NORTH.SEVENKINGDOMS.LOCAL", "distinguishedname": "CN=COMPARTITIONSETS,CN=SYSTEM,DC=NORTH,DC=SEVENKINGDOMS,DC=LOCAL", "domainsid": "S-1-5-21-2098312621-1904462239-3964181367", "highvalue": false, "description": "", "whencreated": 1685513293}, "IsDeleted": false, "IsACLProtected": false, "Aces": [{"RightName": "Owns", "IsInherited": false, "PrincipalSID": "S-1-5-21-2098312621-1904462239-3964181367-512", "PrincipalType": "Group"}, {"RightName": "WriteOwner", "IsInherited": false, "PrincipalSID": "S-1-5-21-2098312621-1904462239-3964181367-512", "PrincipalType": "Group"}, {"RightName": "WriteDacl", "IsInherited": false, "PrincipalSID": "S-1-5-21-2098312621-1904462239-3964181367-512", "PrincipalType": "Group"}, {"RightName": "GenericAll", "IsInherited": true, "PrincipalSID": "S-1-5-21-3761982442-651772775-2982113673-519", "PrincipalType": "Group"}, {"RightName": "WriteOwner", "IsInherited": true, "PrincipalSID": "NORTH.SEVENKINGDOMS.LOCAL-S-1-5-32-544", "PrincipalType": "Group"}, {"RightName": "WriteDacl", "IsInherited": true, "PrincipalSID": "NORTH.SEVENKINGDOMS.LOCAL-S-1-5-32-544", "PrincipalType": "Group"}], "ChildObjects": []},{"ObjectIdentifier": "3854566A-85B7-41BF-8F81-E5E23F2E067F", "Properties": {"domain": "NORTH.SEVENKINGDOMS.LOCAL", "name": "COMPARTITIONS@NORTH.SEVENKINGDOMS.LOCAL", "distinguishedname": "CN=COMPARTITIONS,CN=SYSTEM,DC=NORTH,DC=SEVENKINGDOMS,DC=LOCAL", "domainsid": "S-1-5-21-2098312621-1904462239-3964181367", "highvalue": false, "description": "", "whencreated": 1685513293}, "IsDeleted": false, "IsACLProtected": false, "Aces": [{"RightName": "Owns", "IsInherited": false, "PrincipalSID": "S-1-5-21-2098312621-1904462239-3964181367-512", "PrincipalType": "Group"}, {"RightName": "WriteOwner", "IsInherited": false, "PrincipalSID": "S-1-5-21-2098312621-1904462239-3964181367-512", "PrincipalType": "Group"}, {"RightName": "WriteDacl", "IsInherited": false, "PrincipalSID": "S-1-5-21-2098312621-1904462239-3964181367-512", "PrincipalType": "Group"}, {"RightName": "GenericAll", "IsInherited": true, "PrincipalSID": "S-1-5-21-3761982442-651772775-2982113673-519", "PrincipalType": "Group"}, {"RightName": "WriteOwner", "IsInherited": true, "PrincipalSID": "NORTH.SEVENKINGDOMS.LOCAL-S-1-5-32-544", "PrincipalType": "Group"}, {"RightName": "WriteDacl", "IsInherited": true, "PrincipalSID": "NORTH.SEVENKINGDOMS.LOCAL-S-1-5-32-544", "PrincipalType": "Group"}], "ChildObjects": []},{"ObjectIdentifier": "A62D1138-E1B0-49D5-B855-CC2F2F7278DE", "Properties": {"domain": "NORTH.SEVENKINGDOMS.LOCAL", "name": "ADMINSDHOLDER@NORTH.SEVENKINGDOMS.LOCAL", "distinguishedname": "CN=ADMINSDHOLDER,CN=SYSTEM,DC=NORTH,DC=SEVENKINGDOMS,DC=LOCAL", "domainsid": "S-1-5-21-2098312621-1904462239-3964181367", "highvalue": false, "description": "", "whencreated": 1685513293}, "IsDeleted": false, "IsACLProtected": true, "Aces": [{"RightName": "Owns", "IsInherited": false, "PrincipalSID": "S-1-5-21-2098312621-1904462239-3964181367-512", "PrincipalType": "Group"}, {"RightName": "WriteOwner", "IsInherited": false, "PrincipalSID": "S-1-5-21-2098312621-1904462239-3964181367-512", "PrincipalType": "Group"}, {"RightName": "WriteDacl", "IsInherited": false, "PrincipalSID": "S-1-5-21-2098312621-1904462239-3964181367-512", "PrincipalType": "Group"}, {"RightName": "WriteOwner", "IsInherited": false, "PrincipalSID": "S-1-5-21-3761982442-651772775-2982113673-519", "PrincipalType": "Group"}, {"RightName": "WriteDacl", "IsInherited": false, "PrincipalSID": "S-1-5-21-3761982442-651772775-2982113673-519", "PrincipalType": "Group"}, {"RightName": "WriteOwner", "IsInherited": false, "PrincipalSID": "NORTH.SEVENKINGDOMS.LOCAL-S-1-5-32-544", "PrincipalType": "Group"}, {"RightName": "WriteDacl", "IsInherited": false, "PrincipalSID": "NORTH.SEVENKINGDOMS.LOCAL-S-1-5-32-544", "PrincipalType": "Group"}], "ChildObjects": []},{"ObjectIdentifier": "26A924D4-DE87-4A18-BE3F-4FBAA9336437", "Properties": {"domain": "NORTH.SEVENKINGDOMS.LOCAL", "name": "RAS AND IAS SERVERS ACCESS CHECK@NORTH.SEVENKINGDOMS.LOCAL", "distinguishedname": "CN=RAS AND IAS SERVERS ACCESS CHECK,CN=SYSTEM,DC=NORTH,DC=SEVENKINGDOMS,DC=LOCAL", "domainsid": "S-1-5-21-2098312621-1904462239-3964181367", "highvalue": false, "description": "", "whencreated": 1685513293}, "IsDeleted": false, "IsACLProtected": false, "Aces": [{"RightName": "Owns", "IsInherited": false, "PrincipalSID": "S-1-5-21-2098312621-1904462239-3964181367-512", "PrincipalType": "Group"}, {"RightName": "WriteOwner", "IsInherited": false, "PrincipalSID": "S-1-5-21-2098312621-1904462239-3964181367-553", "PrincipalType": "Group"}, {"RightName": "WriteDacl", "IsInherited": false, "PrincipalSID": "S-1-5-21-2098312621-1904462239-3964181367-553", "PrincipalType": "Group"}, {"RightName": "GenericAll", "IsInherited": true, "PrincipalSID": "S-1-5-21-3761982442-651772775-2982113673-519", "PrincipalType": "Group"}, {"RightName": "WriteOwner", "IsInherited": true, "PrincipalSID": "NORTH.SEVENKINGDOMS.LOCAL-S-1-5-32-544", "PrincipalType": "Group"}, {"RightName": "WriteDacl", "IsInherited": true, "PrincipalSID": "NORTH.SEVENKINGDOMS.LOCAL-S-1-5-32-544", "PrincipalType": "Group"}], "ChildObjects": []},{"ObjectIdentifier": "0E7A525B-F274-4D13-B2D3-DCB1C8435943", "Properties": {"domain": "NORTH.SEVENKINGDOMS.LOCAL", "name": "POLICIES@NORTH.SEVENKINGDOMS.LOCAL", "distinguishedname": "CN=POLICIES,CN=SYSTEM,DC=NORTH,DC=SEVENKINGDOMS,DC=LOCAL", "domainsid": "S-1-5-21-2098312621-1904462239-3964181367", "highvalue": false, "description": "", "whencreated": 1685513293}, "IsDeleted": false, "IsACLProtected": false, "Aces": [{"RightName": "Owns", "IsInherited": false, "PrincipalSID": "S-1-5-21-2098312621-1904462239-3964181367-512", "PrincipalType": "Group"}, {"RightName": "WriteOwner", "IsInherited": false, "PrincipalSID": "S-1-5-21-2098312621-1904462239-3964181367-512", "PrincipalType": "Group"}, {"RightName": "WriteDacl", "IsInherited": false, "PrincipalSID": "S-1-5-21-2098312621-1904462239-3964181367-512", "PrincipalType": "Group"}, {"RightName": "GenericAll", "IsInherited": true, "PrincipalSID": "S-1-5-21-3761982442-651772775-2982113673-519", "PrincipalType": "Group"}, {"RightName": "WriteOwner", "IsInherited": true, "PrincipalSID": "NORTH.SEVENKINGDOMS.LOCAL-S-1-5-32-544", "PrincipalType": "Group"}, {"RightName": "WriteDacl", "IsInherited": true, "PrincipalSID": "NORTH.SEVENKINGDOMS.LOCAL-S-1-5-32-544", "PrincipalType": "Group"}], "ChildObjects": []},{"ObjectIdentifier": "9D4EE3BF-34B8-4F9A-9873-EF8DF87E3AC7", "Properties": {"domain": "NORTH.SEVENKINGDOMS.LOCAL", "name": "MEETINGS@NORTH.SEVENKINGDOMS.LOCAL", "distinguishedname": "CN=MEETINGS,CN=SYSTEM,DC=NORTH,DC=SEVENKINGDOMS,DC=LOCAL", "domainsid": "S-1-5-21-2098312621-1904462239-3964181367", "highvalue": false, "description": "", "whencreated": 1685513293}, "IsDeleted": false, "IsACLProtected": false, "Aces": [{"RightName": "Owns", "IsInherited": false, "PrincipalSID": "S-1-5-21-2098312621-1904462239-3964181367-512", "PrincipalType": "Group"}, {"RightName": "WriteOwner", "IsInherited": false, "PrincipalSID": "S-1-5-21-2098312621-1904462239-3964181367-512", "PrincipalType": "Group"}, {"RightName": "WriteDacl", "IsInherited": false, "PrincipalSID": "S-1-5-21-2098312621-1904462239-3964181367-512", "PrincipalType": "Group"}, {"RightName": "GenericAll", "IsInherited": true, "PrincipalSID": "S-1-5-21-3761982442-651772775-2982113673-519", "PrincipalType": "Group"}, {"RightName": "WriteOwner", "IsInherited": true, "PrincipalSID": "NORTH.SEVENKINGDOMS.LOCAL-S-1-5-32-544", "PrincipalType": "Group"}, {"RightName": "WriteDacl", "IsInherited": true, "PrincipalSID": "NORTH.SEVENKINGDOMS.LOCAL-S-1-5-32-544", "PrincipalType": "Group"}], "ChildObjects": []},{"ObjectIdentifier": "9A353DFD-6C19-4A89-B4AB-9E69F652E09C", "Properties": {"domain": "NORTH.SEVENKINGDOMS.LOCAL", "name": "WINSOCKSERVICES@NORTH.SEVENKINGDOMS.LOCAL", "distinguishedname": "CN=WINSOCKSERVICES,CN=SYSTEM,DC=NORTH,DC=SEVENKINGDOMS,DC=LOCAL", "domainsid": "S-1-5-21-2098312621-1904462239-3964181367", "highvalue": false, "description": "", "whencreated": 1685513293}, "IsDeleted": false, "IsACLProtected": false, "Aces": [{"RightName": "Owns", "IsInherited": false, "PrincipalSID": "S-1-5-21-2098312621-1904462239-3964181367-512", "PrincipalType": "Group"}, {"RightName": "WriteOwner", "IsInherited": false, "PrincipalSID": "S-1-5-21-2098312621-1904462239-3964181367-512", "PrincipalType": "Group"}, {"RightName": "WriteDacl", "IsInherited": false, "PrincipalSID": "S-1-5-21-2098312621-1904462239-3964181367-512", "PrincipalType": "Group"}, {"RightName": "GenericAll", "IsInherited": true, "PrincipalSID": "S-1-5-21-3761982442-651772775-2982113673-519", "PrincipalType": "Group"}, {"RightName": "WriteOwner", "IsInherited": true, "PrincipalSID": "NORTH.SEVENKINGDOMS.LOCAL-S-1-5-32-544", "PrincipalType": "Group"}, {"RightName": "WriteDacl", "IsInherited": true, "PrincipalSID": "NORTH.SEVENKINGDOMS.LOCAL-S-1-5-32-544", "PrincipalType": "Group"}], "ChildObjects": []},{"ObjectIdentifier": "A7FBBEE1-79B9-40DD-83E8-C3432AA11602", "Properties": {"domain": "NORTH.SEVENKINGDOMS.LOCAL", "name": "SYSTEM@NORTH.SEVENKINGDOMS.LOCAL", "distinguishedname": "CN=SYSTEM,DC=NORTH,DC=SEVENKINGDOMS,DC=LOCAL", "domainsid": "S-1-5-21-2098312621-1904462239-3964181367", "highvalue": false, "description": "Builtin system settings", "whencreated": 1685513293}, "IsDeleted": false, "IsACLProtected": false, "Aces": [{"RightName": "Owns", "IsInherited": false, "PrincipalSID": "S-1-5-21-2098312621-1904462239-3964181367-512", "PrincipalType": "Group"}, {"RightName": "WriteOwner", "IsInherited": false, "PrincipalSID": "S-1-5-21-2098312621-1904462239-3964181367-512", "PrincipalType": "Group"}, {"RightName": "WriteDacl", "IsInherited": false, "PrincipalSID": "S-1-5-21-2098312621-1904462239-3964181367-512", "PrincipalType": "Group"}, {"RightName": "GenericAll", "IsInherited": true, "PrincipalSID": "S-1-5-21-3761982442-651772775-2982113673-519", "PrincipalType": "Group"}, {"RightName": "WriteOwner", "IsInherited": true, "PrincipalSID": "NORTH.SEVENKINGDOMS.LOCAL-S-1-5-32-544", "PrincipalType": "Group"}, {"RightName": "WriteDacl", "IsInherited": true, "PrincipalSID": "NORTH.SEVENKINGDOMS.LOCAL-S-1-5-32-544", "PrincipalType": "Group"}], "ChildObjects": []},{"ObjectIdentifier": "E59FCB14-164F-4D9C-8037-C53B8E69FB82", "Properties": {"domain": "NORTH.SEVENKINGDOMS.LOCAL", "name": "COMPUTERS@NORTH.SEVENKINGDOMS.LOCAL", "distinguishedname": "CN=COMPUTERS,DC=NORTH,DC=SEVENKINGDOMS,DC=LOCAL", "domainsid": "S-1-5-21-2098312621-1904462239-3964181367", "highvalue": false, "description": "Default container for upgraded computer accounts", "whencreated": 1685513293}, "IsDeleted": false, "IsACLProtected": false, "Aces": [{"RightName": "Owns", "IsInherited": false, "PrincipalSID": "S-1-5-21-2098312621-1904462239-3964181367-512", "PrincipalType": "Group"}, {"RightName": "WriteOwner", "IsInherited": false, "PrincipalSID": "S-1-5-21-2098312621-1904462239-3964181367-512", "PrincipalType": "Group"}, {"RightName": "WriteDacl", "IsInherited": false, "PrincipalSID": "S-1-5-21-2098312621-1904462239-3964181367-512", "PrincipalType": "Group"}, {"RightName": "GenericAll", "IsInherited": true, "PrincipalSID": "S-1-5-21-3761982442-651772775-2982113673-519", "PrincipalType": "Group"}, {"RightName": "WriteOwner", "IsInherited": true, "PrincipalSID": "NORTH.SEVENKINGDOMS.LOCAL-S-1-5-32-544", "PrincipalType": "Group"}, {"RightName": "WriteDacl", "IsInherited": true, "PrincipalSID": "NORTH.SEVENKINGDOMS.LOCAL-S-1-5-32-544", "PrincipalType": "Group"}], "ChildObjects": [{"ObjectIdentifier": "S-1-5-21-2098312621-1904462239-3964181367-1104", "ObjectType": "Computer"}]},{"ObjectIdentifier": "E3C71FB4-C40C-4B3F-BB9E-7D4152B9CDDE", "Properties": {"domain": "NORTH.SEVENKINGDOMS.LOCAL", "name": "USERS@NORTH.SEVENKINGDOMS.LOCAL", "distinguishedname": "CN=USERS,DC=NORTH,DC=SEVENKINGDOMS,DC=LOCAL", "domainsid": "S-1-5-21-2098312621-1904462239-3964181367", "highvalue": false, "description": "Default container for upgraded user accounts", "whencreated": 1685513293}, "IsDeleted": false, "IsACLProtected": false, "Aces": [{"RightName": "Owns", "IsInherited": false, "PrincipalSID": "S-1-5-21-2098312621-1904462239-3964181367-512", "PrincipalType": "Group"}, {"RightName": "WriteOwner", "IsInherited": false, "PrincipalSID": "S-1-5-21-2098312621-1904462239-3964181367-512", "PrincipalType": "Group"}, {"RightName": "WriteDacl", "IsInherited": false, "PrincipalSID": "S-1-5-21-2098312621-1904462239-3964181367-512", "PrincipalType": "Group"}, {"RightName": "GenericAll", "IsInherited": true, "PrincipalSID": "S-1-5-21-3761982442-651772775-2982113673-519", "PrincipalType": "Group"}, {"RightName": "WriteOwner", "IsInherited": true, "PrincipalSID": "NORTH.SEVENKINGDOMS.LOCAL-S-1-5-32-544", "PrincipalType": "Group"}, {"RightName": "WriteDacl", "IsInherited": true, "PrincipalSID": "NORTH.SEVENKINGDOMS.LOCAL-S-1-5-32-544", "PrincipalType": "Group"}], "ChildObjects": [{"ObjectIdentifier": "S-1-5-21-2098312621-1904462239-3964181367-1000", "ObjectType": "User"}, {"ObjectIdentifier": "S-1-5-21-2098312621-1904462239-3964181367-1106", "ObjectType": "Group"}, {"ObjectIdentifier": "S-1-5-21-2098312621-1904462239-3964181367-1121", "ObjectType": "User"}, {"ObjectIdentifier": "S-1-5-21-2098312621-1904462239-3964181367-1105", "ObjectType": "trustaccount"}, {"ObjectIdentifier": "S-1-5-21-2098312621-1904462239-3964181367-1114", "ObjectType": "User"}, {"ObjectIdentifier": "S-1-5-21-2098312621-1904462239-3964181367-1119", "ObjectType": "User"}, {"ObjectIdentifier": "S-1-5-21-2098312621-1904462239-3964181367-1113", "ObjectType": "User"}, {"ObjectIdentifier": "S-1-5-21-2098312621-1904462239-3964181367-1116", "ObjectType": "User"}, {"ObjectIdentifier": "S-1-5-21-2098312621-1904462239-3964181367-521", "ObjectType": "Group"}, {"ObjectIdentifier": "S-1-5-21-2098312621-1904462239-3964181367-553", "ObjectType": "Group"}, {"ObjectIdentifier": "S-1-5-21-2098312621-1904462239-3964181367-525", "ObjectType": "Group"}, {"ObjectIdentifier": "S-1-5-21-2098312621-1904462239-3964181367-1107", "ObjectType": "Group"}, {"ObjectIdentifier": "S-1-5-21-2098312621-1904462239-3964181367-1108", "ObjectType": "Group"}, {"ObjectIdentifier": "S-1-5-21-2098312621-1904462239-3964181367-502", "ObjectType": "User"}, {"ObjectIdentifier": "S-1-5-21-2098312621-1904462239-3964181367-526", "ObjectType": "Group"}, {"ObjectIdentifier": "S-1-5-21-2098312621-1904462239-3964181367-1118", "ObjectType": "User"}, {"ObjectIdentifier": "S-1-5-21-2098312621-1904462239-3964181367-1120", "ObjectType": "User"}, {"ObjectIdentifier": "S-1-5-21-2098312621-1904462239-3964181367-1117", "ObjectType": "User"}, {"ObjectIdentifier": "S-1-5-21-2098312621-1904462239-3964181367-501", "ObjectType": "User"}, {"ObjectIdentifier": "S-1-5-21-2098312621-1904462239-3964181367-520", "ObjectType": "Group"}, {"ObjectIdentifier": "S-1-5-21-2098312621-1904462239-3964181367-1111", "ObjectType": "User"}, {"ObjectIdentifier": "S-1-5-21-2098312621-1904462239-3964181367-513", "ObjectType": "Group"}, {"ObjectIdentifier": "S-1-5-21-2098312621-1904462239-3964181367-514", "ObjectType": "Group"}, {"ObjectIdentifier": "S-1-5-21-2098312621-1904462239-3964181367-516", "ObjectType": "Group"}, {"ObjectIdentifier": "S-1-5-21-2098312621-1904462239-3964181367-515", "ObjectType": "Group"}, {"ObjectIdentifier": "S-1-5-21-2098312621-1904462239-3964181367-512", "ObjectType": "Group"}, {"ObjectIdentifier": "S-1-5-21-2098312621-1904462239-3964181367-1103", "ObjectType": "Group"}, {"ObjectIdentifier": "S-1-5-21-2098312621-1904462239-3964181367-1102", "ObjectType": "Group"}, {"ObjectIdentifier": "S-1-5-21-2098312621-1904462239-3964181367-572", "ObjectType": "Group"}, {"ObjectIdentifier": "S-1-5-21-2098312621-1904462239-3964181367-522", "ObjectType": "Group"}, {"ObjectIdentifier": "S-1-5-21-2098312621-1904462239-3964181367-517", "ObjectType": "Group"}, {"ObjectIdentifier": "S-1-5-21-2098312621-1904462239-3964181367-1112", "ObjectType": "User"}, {"ObjectIdentifier": "S-1-5-21-2098312621-1904462239-3964181367-1115", "ObjectType": "User"}, {"ObjectIdentifier": "S-1-5-21-2098312621-1904462239-3964181367-1110", "ObjectType": "User"}, {"ObjectIdentifier": "S-1-5-21-2098312621-1904462239-3964181367-571", "ObjectType": "Group"}, {"ObjectIdentifier": "S-1-5-21-2098312621-1904462239-3964181367-500", "ObjectType": "User"}, {"ObjectIdentifier": "S-1-5-21-2098312621-1904462239-3964181367-1109", "ObjectType": "Group"}]}],"meta":{"methods":0,"type":"containers","count":19, "version":5}}