{"data":[{"ObjectIdentifier": "0A98BC74-CBEF-48A4-B413-3659B32FFF49", "Properties": {"domain": "ESSOS.LOCAL", "name": "WMIGPO@ESSOS.LOCAL", "distinguishedname": "CN=WMIGPO,CN=WMIPOLICY,CN=SYSTEM,DC=ESSOS,DC=LOCAL", "domainsid": "S-1-5-21-1883700503-1359107655-378355104", "highvalue": false, "description": "", "whencreated": 1685512119}, "IsDeleted": false, "IsACLProtected": false, "Aces": [{"RightName": "Owns", "IsInherited": false, "PrincipalSID": "S-1-5-21-1883700503-1359107655-378355104-512", "PrincipalType": "Group"}, {"RightName": "WriteOwner", "IsInherited": false, "PrincipalSID": "S-1-5-21-1883700503-1359107655-378355104-512", "PrincipalType": "Group"}, {"RightName": "WriteDacl", "IsInherited": false, "PrincipalSID": "S-1-5-21-1883700503-1359107655-378355104-512", "PrincipalType": "Group"}, {"RightName": "GenericAll", "IsInherited": true, "PrincipalSID": "S-1-5-21-1883700503-1359107655-378355104-519", "PrincipalType": "Group"}, {"RightName": "GenericAll", "IsInherited": true, "PrincipalSID": "S-1-5-21-1883700503-1359107655-378355104-512", "PrincipalType": "Group"}], "ChildObjects": []},{"ObjectIdentifier": "0BB851FA-1D1D-4876-88E3-50C4CE8DB453", "Properties": {"domain": "ESSOS.LOCAL", "name": "POLICYTYPE@ESSOS.LOCAL", "distinguishedname": "CN=POLICYTYPE,CN=WMIPOLICY,CN=SYSTEM,DC=ESSOS,DC=LOCAL", "domainsid": "S-1-5-21-1883700503-1359107655-378355104", "highvalue": false, "description": "", "whencreated": 1685512119}, "IsDeleted": false, "IsACLProtected": false, "Aces": [{"RightName": "Owns", "IsInherited": false, "PrincipalSID": "S-1-5-21-1883700503-1359107655-378355104-512", "PrincipalType": "Group"}, {"RightName": "WriteOwner", "IsInherited": false, "PrincipalSID": "S-1-5-21-1883700503-1359107655-378355104-512", "PrincipalType": "Group"}, {"RightName": "WriteDacl", "IsInherited": false, "PrincipalSID": "S-1-5-21-1883700503-1359107655-378355104-512", "PrincipalType": "Group"}, {"RightName": "GenericAll", "IsInherited": true, "PrincipalSID": "S-1-5-21-1883700503-1359107655-378355104-519", "PrincipalType": "Group"}, {"RightName": "GenericAll", "IsInherited": true, "PrincipalSID": "S-1-5-21-1883700503-1359107655-378355104-512", "PrincipalType": "Group"}], "ChildObjects": []},{"ObjectIdentifier": "E5AE020C-6C9D-4A28-B46F-F73348D797E4", "Properties": {"domain": "ESSOS.LOCAL", "name": "SOM@ESSOS.LOCAL", "distinguishedname": "CN=SOM,CN=WMIPOLICY,CN=SYSTEM,DC=ESSOS,DC=LOCAL", "domainsid": "S-1-5-21-1883700503-1359107655-378355104", "highvalue": false, "description": "", "whencreated": 1685512119}, "IsDeleted": false, "IsACLProtected": true, "Aces": [{"RightName": "Owns", "IsInherited": false, "PrincipalSID": "S-1-5-21-1883700503-1359107655-378355104-512", "PrincipalType": "Group"}, {"RightName": "GenericAll", "IsInherited": false, "PrincipalSID": "S-1-5-21-1883700503-1359107655-378355104-512", "PrincipalType": "Group"}, {"RightName": "GenericAll", "IsInherited": false, "PrincipalSID": "S-1-5-21-1883700503-1359107655-378355104-519", "PrincipalType": "Group"}], "ChildObjects": []},{"ObjectIdentifier": "6EA5F194-04F1-4EBE-B28A-A0AD37186A2E", "Properties": {"domain": "ESSOS.LOCAL", "name": "POLICYTEMPLATE@ESSOS.LOCAL", "distinguishedname": "CN=POLICYTEMPLATE,CN=WMIPOLICY,CN=SYSTEM,DC=ESSOS,DC=LOCAL", "domainsid": "S-1-5-21-1883700503-1359107655-378355104", "highvalue": false, "description": "", "whencreated": 1685512119}, "IsDeleted": false, "IsACLProtected": false, "Aces": [{"RightName": "Owns", "IsInherited": false, "PrincipalSID": "S-1-5-21-1883700503-1359107655-378355104-512", "PrincipalType": "Group"}, {"RightName": "WriteOwner", "IsInherited": false, "PrincipalSID": "S-1-5-21-1883700503-1359107655-378355104-512", "PrincipalType": "Group"}, {"RightName": "WriteDacl", "IsInherited": false, "PrincipalSID": "S-1-5-21-1883700503-1359107655-378355104-512", "PrincipalType": "Group"}, {"RightName": "GenericAll", "IsInherited": true, "PrincipalSID": "S-1-5-21-1883700503-1359107655-378355104-519", "PrincipalType": "Group"}, {"RightName": "GenericAll", "IsInherited": true, "PrincipalSID": "S-1-5-21-1883700503-1359107655-378355104-512", "PrincipalType": "Group"}], "ChildObjects": []},{"ObjectIdentifier": "942E905C-F472-4627-93A0-AEE4DBB44D0E", "Properties": {"domain": "ESSOS.LOCAL", "name": "WMIPOLICY@ESSOS.LOCAL", "distinguishedname": "CN=WMIPOLICY,CN=SYSTEM,DC=ESSOS,DC=LOCAL", "domainsid": "S-1-5-21-1883700503-1359107655-378355104", "highvalue": false, "description": "", "whencreated": 1685512119}, "IsDeleted": false, "IsACLProtected": true, "Aces": [{"RightName": "Owns", "IsInherited": false, "PrincipalSID": "S-1-5-21-1883700503-1359107655-378355104-512", "PrincipalType": "Group"}, {"RightName": "GenericAll", "IsInherited": false, "PrincipalSID": "S-1-5-21-1883700503-1359107655-378355104-519", "PrincipalType": "Group"}, {"RightName": "GenericAll", "IsInherited": false, "PrincipalSID": "S-1-5-21-1883700503-1359107655-378355104-512", "PrincipalType": "Group"}], "ChildObjects": []},{"ObjectIdentifier": "43A4AED5-7AD0-48A0-8FD7-5164E6DD6245", "Properties": {"domain": "ESSOS.LOCAL", "name": "COMPARTITIONSETS@ESSOS.LOCAL", "distinguishedname": "CN=COMPARTITIONSETS,CN=SYSTEM,DC=ESSOS,DC=LOCAL", "domainsid": "S-1-5-21-1883700503-1359107655-378355104", "highvalue": false, "description": "", "whencreated": 1685512119}, "IsDeleted": false, "IsACLProtected": false, "Aces": [{"RightName": "Owns", "IsInherited": false, "PrincipalSID": "S-1-5-21-1883700503-1359107655-378355104-512", "PrincipalType": "Group"}, {"RightName": "WriteOwner", "IsInherited": false, "PrincipalSID": "S-1-5-21-1883700503-1359107655-378355104-512", "PrincipalType": "Group"}, {"RightName": "WriteDacl", "IsInherited": false, "PrincipalSID": "S-1-5-21-1883700503-1359107655-378355104-512", "PrincipalType": "Group"}, {"RightName": "GenericAll", "IsInherited": true, "PrincipalSID": "S-1-5-21-1883700503-1359107655-378355104-519", "PrincipalType": "Group"}, {"RightName": "WriteOwner", "IsInherited": true, "PrincipalSID": "ESSOS.LOCAL-S-1-5-32-544", "PrincipalType": "Group"}, {"RightName": "WriteDacl", "IsInherited": true, "PrincipalSID": "ESSOS.LOCAL-S-1-5-32-544", "PrincipalType": "Group"}], "ChildObjects": []},{"ObjectIdentifier": "F281A36B-BD4C-4204-9A54-C01C4E351B63", "Properties": {"domain": "ESSOS.LOCAL", "name": "COMPARTITIONS@ESSOS.LOCAL", "distinguishedname": "CN=COMPARTITIONS,CN=SYSTEM,DC=ESSOS,DC=LOCAL", "domainsid": "S-1-5-21-1883700503-1359107655-378355104", "highvalue": false, "description": "", "whencreated": 1685512119}, "IsDeleted": false, "IsACLProtected": false, "Aces": [{"RightName": "Owns", "IsInherited": false, "PrincipalSID": "S-1-5-21-1883700503-1359107655-378355104-512", "PrincipalType": "Group"}, {"RightName": "WriteOwner", "IsInherited": false, "PrincipalSID": "S-1-5-21-1883700503-1359107655-378355104-512", "PrincipalType": "Group"}, {"RightName": "WriteDacl", "IsInherited": false, "PrincipalSID": "S-1-5-21-1883700503-1359107655-378355104-512", "PrincipalType": "Group"}, {"RightName": "GenericAll", "IsInherited": true, "PrincipalSID": "S-1-5-21-1883700503-1359107655-378355104-519", "PrincipalType": "Group"}, {"RightName": "WriteOwner", "IsInherited": true, "PrincipalSID": "ESSOS.LOCAL-S-1-5-32-544", "PrincipalType": "Group"}, {"RightName": "WriteDacl", "IsInherited": true, "PrincipalSID": "ESSOS.LOCAL-S-1-5-32-544", "PrincipalType": "Group"}], "ChildObjects": []},{"ObjectIdentifier": "49892929-C435-4C0C-9DFD-216AF3981362", "Properties": {"domain": "ESSOS.LOCAL", "name": "ADMINSDHOLDER@ESSOS.LOCAL", "distinguishedname": "CN=ADMINSDHOLDER,CN=SYSTEM,DC=ESSOS,DC=LOCAL", "domainsid": "S-1-5-21-1883700503-1359107655-378355104", "highvalue": false, "description": "", "whencreated": 1685512119}, "IsDeleted": false, "IsACLProtected": true, "Aces": [{"RightName": "Owns", "IsInherited": false, "PrincipalSID": "S-1-5-21-1883700503-1359107655-378355104-512", "PrincipalType": "Group"}, {"RightName": "WriteOwner", "IsInherited": false, "PrincipalSID": "S-1-5-21-1883700503-1359107655-378355104-512", "PrincipalType": "Group"}, {"RightName": "WriteDacl", "IsInherited": false, "PrincipalSID": "S-1-5-21-1883700503-1359107655-378355104-512", "PrincipalType": "Group"}, {"RightName": "WriteOwner", "IsInherited": false, "PrincipalSID": "S-1-5-21-1883700503-1359107655-378355104-519", "PrincipalType": "Group"}, {"RightName": "WriteDacl", "IsInherited": false, "PrincipalSID": "S-1-5-21-1883700503-1359107655-378355104-519", "PrincipalType": "Group"}, {"RightName": "WriteOwner", "IsInherited": false, "PrincipalSID": "ESSOS.LOCAL-S-1-5-32-544", "PrincipalType": "Group"}, {"RightName": "WriteDacl", "IsInherited": false, "PrincipalSID": "ESSOS.LOCAL-S-1-5-32-544", "PrincipalType": "Group"}], "ChildObjects": []},{"ObjectIdentifier": "32F7DA25-CAC5-43B1-9FC4-55905471024B", "Properties": {"domain": "ESSOS.LOCAL", "name": "RAS AND IAS SERVERS ACCESS CHECK@ESSOS.LOCAL", "distinguishedname": "CN=RAS AND IAS SERVERS ACCESS CHECK,CN=SYSTEM,DC=ESSOS,DC=LOCAL", "domainsid": "S-1-5-21-1883700503-1359107655-378355104", "highvalue": false, "description": "", "whencreated": 1685512119}, "IsDeleted": false, "IsACLProtected": false, "Aces": [{"RightName": "Owns", "IsInherited": false, "PrincipalSID": "S-1-5-21-1883700503-1359107655-378355104-512", "PrincipalType": "Group"}, {"RightName": "WriteOwner", "IsInherited": false, "PrincipalSID": "S-1-5-21-1883700503-1359107655-378355104-553", "PrincipalType": "Group"}, {"RightName": "WriteDacl", "IsInherited": false, "PrincipalSID": "S-1-5-21-1883700503-1359107655-378355104-553", "PrincipalType": "Group"}, {"RightName": "GenericAll", "IsInherited": true, "PrincipalSID": "S-1-5-21-1883700503-1359107655-378355104-519", "PrincipalType": "Group"}, {"RightName": "WriteOwner", "IsInherited": true, "PrincipalSID": "ESSOS.LOCAL-S-1-5-32-544", "PrincipalType": "Group"}, {"RightName": "WriteDacl", "IsInherited": true, "PrincipalSID": "ESSOS.LOCAL-S-1-5-32-544", "PrincipalType": "Group"}], "ChildObjects": []},{"ObjectIdentifier": "347966C8-2ABC-4B18-93E7-CC3D05CF883F", "Properties": {"domain": "ESSOS.LOCAL", "name": "POLICIES@ESSOS.LOCAL", "distinguishedname": "CN=POLICIES,CN=SYSTEM,DC=ESSOS,DC=LOCAL", "domainsid": "S-1-5-21-1883700503-1359107655-378355104", "highvalue": false, "description": "", "whencreated": 1685512119}, "IsDeleted": false, "IsACLProtected": false, "Aces": [{"RightName": "Owns", "IsInherited": false, "PrincipalSID": "S-1-5-21-1883700503-1359107655-378355104-512", "PrincipalType": "Group"}, {"RightName": "WriteOwner", "IsInherited": false, "PrincipalSID": "S-1-5-21-1883700503-1359107655-378355104-512", "PrincipalType": "Group"}, {"RightName": "WriteDacl", "IsInherited": false, "PrincipalSID": "S-1-5-21-1883700503-1359107655-378355104-512", "PrincipalType": "Group"}, {"RightName": "GenericAll", "IsInherited": true, "PrincipalSID": "S-1-5-21-1883700503-1359107655-378355104-519", "PrincipalType": "Group"}, {"RightName": "WriteOwner", "IsInherited": true, "PrincipalSID": "ESSOS.LOCAL-S-1-5-32-544", "PrincipalType": "Group"}, {"RightName": "WriteDacl", "IsInherited": true, "PrincipalSID": "ESSOS.LOCAL-S-1-5-32-544", "PrincipalType": "Group"}], "ChildObjects": []},{"ObjectIdentifier": "6793E351-34EA-4627-B08E-D34A23099240", "Properties": {"domain": "ESSOS.LOCAL", "name": "MEETINGS@ESSOS.LOCAL", "distinguishedname": "CN=MEETINGS,CN=SYSTEM,DC=ESSOS,DC=LOCAL", "domainsid": "S-1-5-21-1883700503-1359107655-378355104", "highvalue": false, "description": "", "whencreated": 1685512119}, "IsDeleted": false, "IsACLProtected": false, "Aces": [{"RightName": "Owns", "IsInherited": false, "PrincipalSID": "S-1-5-21-1883700503-1359107655-378355104-512", "PrincipalType": "Group"}, {"RightName": "WriteOwner", "IsInherited": false, "PrincipalSID": "S-1-5-21-1883700503-1359107655-378355104-512", "PrincipalType": "Group"}, {"RightName": "WriteDacl", "IsInherited": false, "PrincipalSID": "S-1-5-21-1883700503-1359107655-378355104-512", "PrincipalType": "Group"}, {"RightName": "GenericAll", "IsInherited": true, "PrincipalSID": "S-1-5-21-1883700503-1359107655-378355104-519", "PrincipalType": "Group"}, {"RightName": "WriteOwner", "IsInherited": true, "PrincipalSID": "ESSOS.LOCAL-S-1-5-32-544", "PrincipalType": "Group"}, {"RightName": "WriteDacl", "IsInherited": true, "PrincipalSID": "ESSOS.LOCAL-S-1-5-32-544", "PrincipalType": "Group"}], "ChildObjects": []},{"ObjectIdentifier": "7B69D6CC-EB71-4CC6-B0E7-BD8237F74F02", "Properties": {"domain": "ESSOS.LOCAL", "name": "WINSOCKSERVICES@ESSOS.LOCAL", "distinguishedname": "CN=WINSOCKSERVICES,CN=SYSTEM,DC=ESSOS,DC=LOCAL", "domainsid": "S-1-5-21-1883700503-1359107655-378355104", "highvalue": false, "description": "", "whencreated": 1685512119}, "IsDeleted": false, "IsACLProtected": false, "Aces": [{"RightName": "Owns", "IsInherited": false, "PrincipalSID": "S-1-5-21-1883700503-1359107655-378355104-512", "PrincipalType": "Group"}, {"RightName": "WriteOwner", "IsInherited": false, "PrincipalSID": "S-1-5-21-1883700503-1359107655-378355104-512", "PrincipalType": "Group"}, {"RightName": "WriteDacl", "IsInherited": false, "PrincipalSID": "S-1-5-21-1883700503-1359107655-378355104-512", "PrincipalType": "Group"}, {"RightName": "GenericAll", "IsInherited": true, "PrincipalSID": "S-1-5-21-1883700503-1359107655-378355104-519", "PrincipalType": "Group"}, {"RightName": "WriteOwner", "IsInherited": true, "PrincipalSID": "ESSOS.LOCAL-S-1-5-32-544", "PrincipalType": "Group"}, {"RightName": "WriteDacl", "IsInherited": true, "PrincipalSID": "ESSOS.LOCAL-S-1-5-32-544", "PrincipalType": "Group"}], "ChildObjects": []},{"ObjectIdentifier": "56691053-5F26-48A1-866F-27BB1EE85DFC", "Properties": {"domain": "ESSOS.LOCAL", "name": "MANAGED SERVICE ACCOUNTS@ESSOS.LOCAL", "distinguishedname": "CN=MANAGED SERVICE ACCOUNTS,DC=ESSOS,DC=LOCAL", "domainsid": "S-1-5-21-1883700503-1359107655-378355104", "highvalue": false, "description": "Default container for managed service accounts", "whencreated": 1685512119}, "IsDeleted": false, "IsACLProtected": false, "Aces": [{"RightName": "Owns", "IsInherited": false, "PrincipalSID": "S-1-5-21-1883700503-1359107655-378355104-512", "PrincipalType": "Group"}, {"RightName": "WriteOwner", "IsInherited": false, "PrincipalSID": "S-1-5-21-1883700503-1359107655-378355104-512", "PrincipalType": "Group"}, {"RightName": "WriteDacl", "IsInherited": false, "PrincipalSID": "S-1-5-21-1883700503-1359107655-378355104-512", "PrincipalType": "Group"}, {"RightName": "GenericAll", "IsInherited": true, "PrincipalSID": "S-1-5-21-1883700503-1359107655-378355104-519", "PrincipalType": "Group"}, {"RightName": "WriteOwner", "IsInherited": true, "PrincipalSID": "ESSOS.LOCAL-S-1-5-32-544", "PrincipalType": "Group"}, {"RightName": "WriteDacl", "IsInherited": true, "PrincipalSID": "ESSOS.LOCAL-S-1-5-32-544", "PrincipalType": "Group"}], "ChildObjects": []},{"ObjectIdentifier": "C854323B-BA55-4177-82B1-3339858460B7", "Properties": {"domain": "ESSOS.LOCAL", "name": "MICROSOFT@ESSOS.LOCAL", "distinguishedname": "CN=MICROSOFT,CN=PROGRAM DATA,DC=ESSOS,DC=LOCAL", "domainsid": "S-1-5-21-1883700503-1359107655-378355104", "highvalue": false, "description": "Default location for storage of Microsoft application data.", "whencreated": 1685512119}, "IsDeleted": false, "IsACLProtected": false, "Aces": [{"RightName": "Owns", "IsInherited": false, "PrincipalSID": "S-1-5-21-1883700503-1359107655-378355104-512", "PrincipalType": "Group"}, {"RightName": "GenericAll", "IsInherited": false, "PrincipalSID": "S-1-5-21-1883700503-1359107655-378355104-512", "PrincipalType": "Group"}, {"RightName": "GenericAll", "IsInherited": true, "PrincipalSID": "S-1-5-21-1883700503-1359107655-378355104-519", "PrincipalType": "Group"}, {"RightName": "WriteOwner", "IsInherited": true, "PrincipalSID": "ESSOS.LOCAL-S-1-5-32-544", "PrincipalType": "Group"}, {"RightName": "WriteDacl", "IsInherited": true, "PrincipalSID": "ESSOS.LOCAL-S-1-5-32-544", "PrincipalType": "Group"}], "ChildObjects": []},{"ObjectIdentifier": "9C15EBF5-399F-4AF4-A9A6-E26FC0BE5430", "Properties": {"domain": "ESSOS.LOCAL", "name": "PROGRAM DATA@ESSOS.LOCAL", "distinguishedname": "CN=PROGRAM DATA,DC=ESSOS,DC=LOCAL", "domainsid": "S-1-5-21-1883700503-1359107655-378355104", "highvalue": false, "description": "Default location for storage of application data.", "whencreated": 1685512119}, "IsDeleted": false, "IsACLProtected": false, "Aces": [{"RightName": "Owns", "IsInherited": false, "PrincipalSID": "S-1-5-21-1883700503-1359107655-378355104-512", "PrincipalType": "Group"}, {"RightName": "GenericAll", "IsInherited": false, "PrincipalSID": "S-1-5-21-1883700503-1359107655-378355104-512", "PrincipalType": "Group"}, {"RightName": "GenericAll", "IsInherited": true, "PrincipalSID": "S-1-5-21-1883700503-1359107655-378355104-519", "PrincipalType": "Group"}, {"RightName": "WriteOwner", "IsInherited": true, "PrincipalSID": "ESSOS.LOCAL-S-1-5-32-544", "PrincipalType": "Group"}, {"RightName": "WriteDacl", "IsInherited": true, "PrincipalSID": "ESSOS.LOCAL-S-1-5-32-544", "PrincipalType": "Group"}], "ChildObjects": []},{"ObjectIdentifier": "4DD36008-D7D5-456A-9901-011172313611", "Properties": {"domain": "ESSOS.LOCAL", "name": "FOREIGNSECURITYPRINCIPALS@ESSOS.LOCAL", "distinguishedname": "CN=FOREIGNSECURITYPRINCIPALS,DC=ESSOS,DC=LOCAL", "domainsid": "S-1-5-21-1883700503-1359107655-378355104", "highvalue": false, "description": "Default container for security identifiers (SIDs) associated with objects from external, trusted domains", "whencreated": 1685512119}, "IsDeleted": false, "IsACLProtected": false, "Aces": [{"RightName": "Owns", "IsInherited": false, "PrincipalSID": "S-1-5-21-1883700503-1359107655-378355104-512", "PrincipalType": "Group"}, {"RightName": "GenericAll", "IsInherited": false, "PrincipalSID": "S-1-5-21-1883700503-1359107655-378355104-512", "PrincipalType": "Group"}, {"RightName": "GenericAll", "IsInherited": true, "PrincipalSID": "S-1-5-21-1883700503-1359107655-378355104-519", "PrincipalType": "Group"}, {"RightName": "WriteOwner", "IsInherited": true, "PrincipalSID": "ESSOS.LOCAL-S-1-5-32-544", "PrincipalType": "Group"}, {"RightName": "WriteDacl", "IsInherited": true, "PrincipalSID": "ESSOS.LOCAL-S-1-5-32-544", "PrincipalType": "Group"}], "ChildObjects": []},{"ObjectIdentifier": "7153E898-CA1B-47F5-9DEB-830FEB26C1A1", "Properties": {"domain": "ESSOS.LOCAL", "name": "SYSTEM@ESSOS.LOCAL", "distinguishedname": "CN=SYSTEM,DC=ESSOS,DC=LOCAL", "domainsid": "S-1-5-21-1883700503-1359107655-378355104", "highvalue": false, "description": "Builtin system settings", "whencreated": 1685512119}, "IsDeleted": false, "IsACLProtected": false, "Aces": [{"RightName": "Owns", "IsInherited": false, "PrincipalSID": "S-1-5-21-1883700503-1359107655-378355104-512", "PrincipalType": "Group"}, {"RightName": "WriteOwner", "IsInherited": false, "PrincipalSID": "S-1-5-21-1883700503-1359107655-378355104-512", "PrincipalType": "Group"}, {"RightName": "WriteDacl", "IsInherited": false, "PrincipalSID": "S-1-5-21-1883700503-1359107655-378355104-512", "PrincipalType": "Group"}, {"RightName": "GenericAll", "IsInherited": true, "PrincipalSID": "S-1-5-21-1883700503-1359107655-378355104-519", "PrincipalType": "Group"}, {"RightName": "WriteOwner", "IsInherited": true, "PrincipalSID": "ESSOS.LOCAL-S-1-5-32-544", "PrincipalType": "Group"}, {"RightName": "WriteDacl", "IsInherited": true, "PrincipalSID": "ESSOS.LOCAL-S-1-5-32-544", "PrincipalType": "Group"}], "ChildObjects": []},{"ObjectIdentifier": "9554839E-A424-4BC4-A141-2B6D71FE169F", "Properties": {"domain": "ESSOS.LOCAL", "name": "COMPUTERS@ESSOS.LOCAL", "distinguishedname": "CN=COMPUTERS,DC=ESSOS,DC=LOCAL", "domainsid": "S-1-5-21-1883700503-1359107655-378355104", "highvalue": false, "description": "Default container for upgraded computer accounts", "whencreated": 1685512119}, "IsDeleted": false, "IsACLProtected": false, "Aces": [{"RightName": "Owns", "IsInherited": false, "PrincipalSID": "S-1-5-21-1883700503-1359107655-378355104-512", "PrincipalType": "Group"}, {"RightName": "WriteOwner", "IsInherited": false, "PrincipalSID": "S-1-5-21-1883700503-1359107655-378355104-512", "PrincipalType": "Group"}, {"RightName": "WriteDacl", "IsInherited": false, "PrincipalSID": "S-1-5-21-1883700503-1359107655-378355104-512", "PrincipalType": "Group"}, {"RightName": "GenericAll", "IsInherited": true, "PrincipalSID": "S-1-5-21-1883700503-1359107655-378355104-519", "PrincipalType": "Group"}, {"RightName": "WriteOwner", "IsInherited": true, "PrincipalSID": "ESSOS.LOCAL-S-1-5-32-544", "PrincipalType": "Group"}, {"RightName": "WriteDacl", "IsInherited": true, "PrincipalSID": "ESSOS.LOCAL-S-1-5-32-544", "PrincipalType": "Group"}], "ChildObjects": []},{"ObjectIdentifier": "07DB5554-948E-49A7-9F4F-5410AF74FEB2", "Properties": {"domain": "ESSOS.LOCAL", "name": "USERS@ESSOS.LOCAL", "distinguishedname": "CN=USERS,DC=ESSOS,DC=LOCAL", "domainsid": "S-1-5-21-1883700503-1359107655-378355104", "highvalue": false, "description": "Default container for upgraded user accounts", "whencreated": 1685512119}, "IsDeleted": false, "IsACLProtected": false, "Aces": [{"RightName": "Owns", "IsInherited": false, "PrincipalSID": "S-1-5-21-1883700503-1359107655-378355104-512", "PrincipalType": "Group"}, {"RightName": "WriteOwner", "IsInherited": false, "PrincipalSID": "S-1-5-21-1883700503-1359107655-378355104-512", "PrincipalType": "Group"}, {"RightName": "WriteDacl", "IsInherited": false, "PrincipalSID": "S-1-5-21-1883700503-1359107655-378355104-512", "PrincipalType": "Group"}, {"RightName": "GenericAll", "IsInherited": true, "PrincipalSID": "S-1-5-21-1883700503-1359107655-378355104-519", "PrincipalType": "Group"}, {"RightName": "WriteOwner", "IsInherited": true, "PrincipalSID": "ESSOS.LOCAL-S-1-5-32-544", "PrincipalType": "Group"}, {"RightName": "WriteDacl", "IsInherited": true, "PrincipalSID": "ESSOS.LOCAL-S-1-5-32-544", "PrincipalType": "Group"}], "ChildObjects": [{"ObjectIdentifier": "S-1-5-21-1883700503-1359107655-378355104-1111", "ObjectType": "User"}, {"ObjectIdentifier": "S-1-5-21-1883700503-1359107655-378355104-1000", "ObjectType": "User"}, {"ObjectIdentifier": "S-1-5-21-1883700503-1359107655-378355104-1106", "ObjectType": "Group"}, {"ObjectIdentifier": "S-1-5-21-1883700503-1359107655-378355104-1114", "ObjectType": "User"}, {"ObjectIdentifier": "S-1-5-21-1883700503-1359107655-378355104-1109", "ObjectType": "Group"}, {"ObjectIdentifier": "S-1-5-21-1883700503-1359107655-378355104-1105", "ObjectType": "trustaccount"}, {"ObjectIdentifier": "S-1-5-21-1883700503-1359107655-378355104-518", "ObjectType": "Group"}, {"ObjectIdentifier": "S-1-5-21-1883700503-1359107655-378355104-521", "ObjectType": "Group"}, {"ObjectIdentifier": "S-1-5-21-1883700503-1359107655-378355104-553", "ObjectType": "Group"}, {"ObjectIdentifier": "S-1-5-21-1883700503-1359107655-378355104-525", "ObjectType": "Group"}, {"ObjectIdentifier": "S-1-5-21-1883700503-1359107655-378355104-502", "ObjectType": "User"}, {"ObjectIdentifier": "S-1-5-21-1883700503-1359107655-378355104-1112", "ObjectType": "User"}, {"ObjectIdentifier": "S-1-5-21-1883700503-1359107655-378355104-526", "ObjectType": "Group"}, {"ObjectIdentifier": "S-1-5-21-1883700503-1359107655-378355104-1113", "ObjectType": "User"}, {"ObjectIdentifier": "S-1-5-21-1883700503-1359107655-378355104-501", "ObjectType": "User"}, {"ObjectIdentifier": "S-1-5-21-1883700503-1359107655-378355104-520", "ObjectType": "Group"}, {"ObjectIdentifier": "S-1-5-21-1883700503-1359107655-378355104-498", "ObjectType": "Group"}, {"ObjectIdentifier": "S-1-5-21-1883700503-1359107655-378355104-527", "ObjectType": "Group"}, {"ObjectIdentifier": "S-1-5-21-1883700503-1359107655-378355104-519", "ObjectType": "Group"}, {"ObjectIdentifier": "S-1-5-21-1883700503-1359107655-378355104-1108", "ObjectType": "Group"}, {"ObjectIdentifier": "S-1-5-21-1883700503-1359107655-378355104-1107", "ObjectType": "Group"}, {"ObjectIdentifier": "S-1-5-21-1883700503-1359107655-378355104-513", "ObjectType": "Group"}, {"ObjectIdentifier": "S-1-5-21-1883700503-1359107655-378355104-514", "ObjectType": "Group"}, {"ObjectIdentifier": "S-1-5-21-1883700503-1359107655-378355104-516", "ObjectType": "Group"}, {"ObjectIdentifier": "S-1-5-21-1883700503-1359107655-378355104-515", "ObjectType": "Group"}, {"ObjectIdentifier": "S-1-5-21-1883700503-1359107655-378355104-512", "ObjectType": "Group"}, {"ObjectIdentifier": "S-1-5-21-1883700503-1359107655-378355104-1103", "ObjectType": "Group"}, {"ObjectIdentifier": "S-1-5-21-1883700503-1359107655-378355104-1102", "ObjectType": "Group"}, {"ObjectIdentifier": "S-1-5-21-1883700503-1359107655-378355104-572", "ObjectType": "Group"}, {"ObjectIdentifier": "S-1-5-21-1883700503-1359107655-378355104-503", "ObjectType": "User"}, {"ObjectIdentifier": "S-1-5-21-1883700503-1359107655-378355104-1110", "ObjectType": "User"}, {"ObjectIdentifier": "S-1-5-21-1883700503-1359107655-378355104-522", "ObjectType": "Group"}, {"ObjectIdentifier": "S-1-5-21-1883700503-1359107655-378355104-517", "ObjectType": "Group"}, {"ObjectIdentifier": "S-1-5-21-1883700503-1359107655-378355104-571", "ObjectType": "Group"}, {"ObjectIdentifier": "S-1-5-21-1883700503-1359107655-378355104-500", "ObjectType": "User"}]}],"meta":{"methods":0,"type":"containers","count":19, "version":5}}