{"data": [{"ObjectIdentifier": "S-1-5-21-1883700503-1359107655-378355104", "Properties": {"name": "ESSOS.LOCAL", "domain": "ESSOS.LOCAL", "domainsid": "S-1-5-21-1883700503-1359107655-378355104", "distinguishedname": "DC=ESSOS,DC=LOCAL", "description": "", "functionallevel": "2016", "highvalue": true, "whencreated": 1685512108}, "Trusts": [{"TargetDomainName": "SEVENKINGDOMS.LOCAL", "TargetDomainSid": "S-1-5-21-3761982442-651772775-2982113673", "IsTransitive": true, "TrustDirection": "Bidirectional", "TrustType": "Forest", "SidFilteringEnabled": true}], "Aces": [{"RightName": "Owns", "IsInherited": false, "PrincipalSID": "ESSOS.LOCAL-S-1-5-32-544", "PrincipalType": "Group"}, {"RightName": "GetChanges", "IsInherited": false, "PrincipalSID": "S-1-5-21-1883700503-1359107655-378355104-498", "PrincipalType": "Group"}, {"RightName": "GetChangesAll", "IsInherited": false, "PrincipalSID": "S-1-5-21-1883700503-1359107655-378355104-516", "PrincipalType": "Group"}, {"RightName": "GetChangesInFilteredSet", "IsInherited": false, "PrincipalSID": "ESSOS.LOCAL-S-1-5-32-544", "PrincipalType": "Group"}, {"RightName": "GetChanges", "IsInherited": false, "PrincipalSID": "ESSOS.LOCAL-S-1-5-32-544", "PrincipalType": "Group"}, {"RightName": "GetChangesAll", "IsInherited": false, "PrincipalSID": "ESSOS.LOCAL-S-1-5-32-544", "PrincipalType": "Group"}, {"RightName": "GetChangesInFilteredSet", "IsInherited": false, "PrincipalSID": "ESSOS.LOCAL-S-1-5-9", "PrincipalType": "Group"}, {"RightName": "GetChanges", "IsInherited": false, "PrincipalSID": "ESSOS.LOCAL-S-1-5-9", "PrincipalType": "Group"}, {"RightName": "WriteOwner", "IsInherited": false, "PrincipalSID": "S-1-5-21-1883700503-1359107655-378355104-512", "PrincipalType": "Group"}, {"RightName": "AllExtendedRights", "IsInherited": false, "PrincipalSID": "S-1-5-21-1883700503-1359107655-378355104-512", "PrincipalType": "Group"}, {"RightName": "WriteDacl", "IsInherited": false, "PrincipalSID": "S-1-5-21-1883700503-1359107655-378355104-512", "PrincipalType": "Group"}, {"RightName": "GenericAll", "IsInherited": false, "PrincipalSID": "S-1-5-21-1883700503-1359107655-378355104-519", "PrincipalType": "Group"}, {"RightName": "WriteOwner", "IsInherited": false, "PrincipalSID": "ESSOS.LOCAL-S-1-5-32-544", "PrincipalType": "Group"}, {"RightName": "AllExtendedRights", "IsInherited": false, "PrincipalSID": "ESSOS.LOCAL-S-1-5-32-544", "PrincipalType": "Group"}, {"RightName": "WriteDacl", "IsInherited": false, "PrincipalSID": "ESSOS.LOCAL-S-1-5-32-544", "PrincipalType": "Group"}], "Links": [{"IsEnforced": false, "GUID": "25D82DCF-CA12-440A-B5BB-CFB14746C57A"}], "ChildObjects": [{"ObjectIdentifier": "07DB5554-948E-49A7-9F4F-5410AF74FEB2", "ObjectType": "Container"}, {"ObjectIdentifier": "56691053-5F26-48A1-866F-27BB1EE85DFC", "ObjectType": "Container"}, {"ObjectIdentifier": "3FA6DBCF-C0A2-425C-A78A-CE11989EACB1", "ObjectType": "OU"}, {"ObjectIdentifier": "4DD36008-D7D5-456A-9901-011172313611", "ObjectType": "Container"}, {"ObjectIdentifier": "8F00B438-117E-4038-8ED3-4399D67CCDB0", "ObjectType": "OU"}, {"ObjectIdentifier": "9554839E-A424-4BC4-A141-2B6D71FE169F", "ObjectType": "Container"}], "GPOChanges": {"AffectedComputers": [], "DcomUsers": [], "LocalAdmins": [], "PSRemoteUsers": [], "RemoteDesktopUsers": []}, "IsDeleted": false, "IsACLProtected": false}], "meta": {"type": "domains", "count": 1, "version": 5}}