{"data":[{"ObjectIdentifier": "S-1-5-21-1883700503-1359107655-378355104-1104", "AllowedToAct": [], "PrimaryGroupSID": "S-1-5-21-1883700503-1359107655-378355104-515", "LocalAdmins": {"Collected": true, "FailureReason": null, "Results": []}, "PSRemoteUsers": {"Collected": true, "FailureReason": null, "Results": []}, "Properties": {"name": "BRAAVOS.ESSOS.LOCAL", "domainsid": "S-1-5-21-1883700503-1359107655-378355104", "domain": "ESSOS.LOCAL", "distinguishedname": "CN=BRAAVOS,OU=LAPS,DC=ESSOS,DC=LOCAL", "unconstraineddelegation": false, "enabled": true, "trustedtoauth": false, "samaccountname": "BRAAVOS$", "haslaps": true, "lastlogon": 1686460631, "lastlogontimestamp": 1686379734, "pwdlastset": 1685513931, "whencreated": 1685513931, "serviceprincipalnames": ["TERMSRV/BRAAVOS", "TERMSRV/braavos.essos.local", "WSMAN/braavos", "WSMAN/braavos.essos.local", "RestrictedKrbHost/BRAAVOS", "HOST/BRAAVOS", "RestrictedKrbHost/braavos.essos.local", "HOST/braavos.essos.local"], "description": null, "operatingsystem": "Windows Server 2016 Standard Evaluation", "sidhistory": []}, "RemoteDesktopUsers": {"Collected": true, "FailureReason": null, "Results": []}, "DcomUsers": {"Collected": true, "FailureReason": null, "Results": []}, "AllowedToDelegate": [], "Sessions": {"Collected": true, "FailureReason": null, "Results": []}, "PrivilegedSessions": {"Collected": false, "FailureReason": null, "Results": []}, "RegistrySessions": {"Collected": false, "FailureReason": null, "Results": []}, "Aces": [{"RightName": "Owns", "IsInherited": false, "PrincipalSID": "S-1-5-21-1883700503-1359107655-378355104-512", "PrincipalType": "Group"}, {"RightName": "GenericAll", "IsInherited": false, "PrincipalSID": "S-1-5-21-1883700503-1359107655-378355104-512", "PrincipalType": "Group"}, {"RightName": "GenericAll", "IsInherited": false, "PrincipalSID": "ESSOS.LOCAL-S-1-5-32-548", "PrincipalType": "Group"}, {"RightName": "ReadLAPSPassword", "IsInherited": true, "PrincipalSID": "S-1-5-21-1883700503-1359107655-378355104-1109", "PrincipalType": "Group"}, {"RightName": "ReadLAPSPassword", "IsInherited": true, "PrincipalSID": "S-1-5-21-1883700503-1359107655-378355104-1113", "PrincipalType": "User"}, {"RightName": "AddKeyCredentialLink", "IsInherited": true, "PrincipalSID": "S-1-5-21-1883700503-1359107655-378355104-526", "PrincipalType": "Group"}, {"RightName": "AddKeyCredentialLink", "IsInherited": true, "PrincipalSID": "S-1-5-21-1883700503-1359107655-378355104-527", "PrincipalType": "Group"}, {"RightName": "GenericAll", "IsInherited": true, "PrincipalSID": "S-1-5-21-1883700503-1359107655-378355104-519", "PrincipalType": "Group"}, {"RightName": "GenericWrite", "IsInherited": true, "PrincipalSID": "ESSOS.LOCAL-S-1-5-32-544", "PrincipalType": "Group"}, {"RightName": "WriteOwner", "IsInherited": true, "PrincipalSID": "ESSOS.LOCAL-S-1-5-32-544", "PrincipalType": "Group"}, {"RightName": "WriteDacl", "IsInherited": true, "PrincipalSID": "ESSOS.LOCAL-S-1-5-32-544", "PrincipalType": "Group"}], "HasSIDHistory": [], "IsDeleted": false, "Status": null, "IsACLProtected": false},{"ObjectIdentifier": "S-1-5-21-1883700503-1359107655-378355104-1001", "AllowedToAct": [], "PrimaryGroupSID": "S-1-5-21-1883700503-1359107655-378355104-516", "LocalAdmins": {"Collected": true, "FailureReason": null, "Results": [{"ObjectIdentifier": "S-1-5-21-1883700503-1359107655-378355104-500", "ObjectType": "User"}, {"ObjectIdentifier": "S-1-5-21-1883700503-1359107655-378355104-1000", "ObjectType": "User"}, {"ObjectIdentifier": "S-1-5-21-1883700503-1359107655-378355104-519", "ObjectType": "Group"}, {"ObjectIdentifier": "S-1-5-21-1883700503-1359107655-378355104-512", "ObjectType": "Group"}, {"ObjectIdentifier": "S-1-5-21-1883700503-1359107655-378355104-1110", "ObjectType": "User"}]}, "PSRemoteUsers": {"Collected": true, "FailureReason": null, "Results": []}, "Properties": {"name": "MEEREEN.ESSOS.LOCAL", "domainsid": "S-1-5-21-1883700503-1359107655-378355104", "domain": "ESSOS.LOCAL", "distinguishedname": "CN=MEEREEN,OU=DOMAIN CONTROLLERS,DC=ESSOS,DC=LOCAL", "unconstraineddelegation": true, "enabled": true, "trustedtoauth": false, "samaccountname": "MEEREEN$", "haslaps": false, "lastlogon": 1686443731, "lastlogontimestamp": 1685512495, "pwdlastset": 1685512478, "whencreated": 1685512455, "serviceprincipalnames": ["TERMSRV/MEEREEN", "TERMSRV/meereen.essos.local", "Dfsr-12F9A27C-BF97-4787-9364-D31B6C55EB04/meereen.essos.local", "ldap/meereen.essos.local/ForestDnsZones.essos.local", "ldap/meereen.essos.local/DomainDnsZones.essos.local", "DNS/meereen.essos.local", "GC/meereen.essos.local/essos.local", "RestrictedKrbHost/meereen.essos.local", "RestrictedKrbHost/MEEREEN", "RPC/89117601-99ad-4f72-83d1-e16551ec6066._msdcs.essos.local", "HOST/MEEREEN/ESSOS", "HOST/meereen.essos.local/ESSOS", "HOST/MEEREEN", "HOST/meereen.essos.local", "HOST/meereen.essos.local/essos.local", "E3514235-4B06-11D1-AB04-00C04FC2DCD2/89117601-99ad-4f72-83d1-e16551ec6066/essos.local", "ldap/MEEREEN/ESSOS", "ldap/89117601-99ad-4f72-83d1-e16551ec6066._msdcs.essos.local", "ldap/meereen.essos.local/ESSOS", "ldap/MEEREEN", "ldap/meereen.essos.local", "ldap/meereen.essos.local/essos.local"], "description": null, "operatingsystem": "Windows Server 2016 Standard Evaluation", "sidhistory": []}, "RemoteDesktopUsers": {"Collected": true, "FailureReason": null, "Results": [{"ObjectIdentifier": "S-1-5-21-1883700503-1359107655-378355104-1106", "ObjectType": "Group"}]}, "DcomUsers": {"Collected": true, "FailureReason": null, "Results": []}, "AllowedToDelegate": [], "Sessions": {"Collected": true, "FailureReason": null, "Results": []}, "PrivilegedSessions": {"Collected": false, "FailureReason": null, "Results": []}, "RegistrySessions": {"Collected": false, "FailureReason": null, "Results": []}, "Aces": [{"RightName": "Owns", "IsInherited": false, "PrincipalSID": "S-1-5-21-1883700503-1359107655-378355104-512", "PrincipalType": "Group"}, {"RightName": "GenericAll", "IsInherited": false, "PrincipalSID": "S-1-5-21-1883700503-1359107655-378355104-512", "PrincipalType": "Group"}, {"RightName": "AddKeyCredentialLink", "IsInherited": true, "PrincipalSID": "S-1-5-21-1883700503-1359107655-378355104-526", "PrincipalType": "Group"}, {"RightName": "AddKeyCredentialLink", "IsInherited": true, "PrincipalSID": "S-1-5-21-1883700503-1359107655-378355104-527", "PrincipalType": "Group"}, {"RightName": "GenericAll", "IsInherited": true, "PrincipalSID": "S-1-5-21-1883700503-1359107655-378355104-519", "PrincipalType": "Group"}, {"RightName": "GenericWrite", "IsInherited": true, "PrincipalSID": "ESSOS.LOCAL-S-1-5-32-544", "PrincipalType": "Group"}, {"RightName": "WriteOwner", "IsInherited": true, "PrincipalSID": "ESSOS.LOCAL-S-1-5-32-544", "PrincipalType": "Group"}, {"RightName": "WriteDacl", "IsInherited": true, "PrincipalSID": "ESSOS.LOCAL-S-1-5-32-544", "PrincipalType": "Group"}], "HasSIDHistory": [], "IsDeleted": false, "Status": null, "IsACLProtected": false}],"meta":{"methods":0,"type":"computers","count":2, "version":5}}