{"data":[{"ObjectIdentifier": "F8957A3E-C190-4787-8E30-52CD37622B3A", "Properties": {"domain": "ESSOS.LOCAL", "name": "ANSIBLE-LAPS@ESSOS.LOCAL", "distinguishedname": "CN={9AE6FF6C-A994-4A93-8569-1C417C578BD2},CN=POLICIES,CN=SYSTEM,DC=ESSOS,DC=LOCAL", "domainsid": "S-1-5-21-1883700503-1359107655-378355104", "highvalue": false, "gpcpath": "\\\\ESSOS.LOCAL\\SYSVOL\\ESSOS.LOCAL\\POLICIES\\{9AE6FF6C-A994-4A93-8569-1C417C578BD2}", "description": null, "whencreated": 1685514947}, "IsDeleted": false, "IsACLProtected": true, "Aces": [{"RightName": "Owns", "IsInherited": false, "PrincipalSID": "S-1-5-21-1883700503-1359107655-378355104-1000", "PrincipalType": "User"}, {"RightName": "GenericWrite", "IsInherited": false, "PrincipalSID": "S-1-5-21-1883700503-1359107655-378355104-1000", "PrincipalType": "User"}, {"RightName": "WriteOwner", "IsInherited": false, "PrincipalSID": "S-1-5-21-1883700503-1359107655-378355104-1000", "PrincipalType": "User"}, {"RightName": "WriteDacl", "IsInherited": false, "PrincipalSID": "S-1-5-21-1883700503-1359107655-378355104-1000", "PrincipalType": "User"}, {"RightName": "GenericWrite", "IsInherited": false, "PrincipalSID": "S-1-5-21-1883700503-1359107655-378355104-512", "PrincipalType": "Group"}, {"RightName": "WriteOwner", "IsInherited": false, "PrincipalSID": "S-1-5-21-1883700503-1359107655-378355104-512", "PrincipalType": "Group"}, {"RightName": "WriteDacl", "IsInherited": false, "PrincipalSID": "S-1-5-21-1883700503-1359107655-378355104-512", "PrincipalType": "Group"}, {"RightName": "GenericWrite", "IsInherited": false, "PrincipalSID": "S-1-5-21-1883700503-1359107655-378355104-519", "PrincipalType": "Group"}, {"RightName": "WriteOwner", "IsInherited": false, "PrincipalSID": "S-1-5-21-1883700503-1359107655-378355104-519", "PrincipalType": "Group"}, {"RightName": "WriteDacl", "IsInherited": false, "PrincipalSID": "S-1-5-21-1883700503-1359107655-378355104-519", "PrincipalType": "Group"}]},{"ObjectIdentifier": "5DB4C9B7-76C3-423E-9282-D2CEA1C07F57", "Properties": {"domain": "ESSOS.LOCAL", "name": "DEFAULT DOMAIN CONTROLLERS POLICY@ESSOS.LOCAL", "distinguishedname": "CN={6AC1786C-016F-11D2-945F-00C04FB984F9},CN=POLICIES,CN=SYSTEM,DC=ESSOS,DC=LOCAL", "domainsid": "S-1-5-21-1883700503-1359107655-378355104", "highvalue": false, "gpcpath": "\\\\ESSOS.LOCAL\\SYSVOL\\ESSOS.LOCAL\\POLICIES\\{6AC1786C-016F-11D2-945F-00C04FB984F9}", "description": null, "whencreated": 1685512119}, "IsDeleted": false, "IsACLProtected": true, "Aces": [{"RightName": "Owns", "IsInherited": false, "PrincipalSID": "S-1-5-21-1883700503-1359107655-378355104-512", "PrincipalType": "Group"}, {"RightName": "GenericWrite", "IsInherited": false, "PrincipalSID": "S-1-5-21-1883700503-1359107655-378355104-512", "PrincipalType": "Group"}, {"RightName": "WriteOwner", "IsInherited": false, "PrincipalSID": "S-1-5-21-1883700503-1359107655-378355104-512", "PrincipalType": "Group"}, {"RightName": "WriteDacl", "IsInherited": false, "PrincipalSID": "S-1-5-21-1883700503-1359107655-378355104-512", "PrincipalType": "Group"}, {"RightName": "GenericWrite", "IsInherited": false, "PrincipalSID": "S-1-5-21-1883700503-1359107655-378355104-519", "PrincipalType": "Group"}, {"RightName": "WriteOwner", "IsInherited": false, "PrincipalSID": "S-1-5-21-1883700503-1359107655-378355104-519", "PrincipalType": "Group"}, {"RightName": "WriteDacl", "IsInherited": false, "PrincipalSID": "S-1-5-21-1883700503-1359107655-378355104-519", "PrincipalType": "Group"}, {"RightName": "GenericWrite", "IsInherited": false, "PrincipalSID": "S-1-5-21-1883700503-1359107655-378355104-512", "PrincipalType": "Group"}, {"RightName": "WriteOwner", "IsInherited": false, "PrincipalSID": "S-1-5-21-1883700503-1359107655-378355104-512", "PrincipalType": "Group"}, {"RightName": "WriteDacl", "IsInherited": false, "PrincipalSID": "S-1-5-21-1883700503-1359107655-378355104-512", "PrincipalType": "Group"}]},{"ObjectIdentifier": "25D82DCF-CA12-440A-B5BB-CFB14746C57A", "Properties": {"domain": "ESSOS.LOCAL", "name": "DEFAULT DOMAIN POLICY@ESSOS.LOCAL", "distinguishedname": "CN={31B2F340-016D-11D2-945F-00C04FB984F9},CN=POLICIES,CN=SYSTEM,DC=ESSOS,DC=LOCAL", "domainsid": "S-1-5-21-1883700503-1359107655-378355104", "highvalue": false, "gpcpath": "\\\\ESSOS.LOCAL\\SYSVOL\\ESSOS.LOCAL\\POLICIES\\{31B2F340-016D-11D2-945F-00C04FB984F9}", "description": null, "whencreated": 1685512119}, "IsDeleted": false, "IsACLProtected": true, "Aces": [{"RightName": "Owns", "IsInherited": false, "PrincipalSID": "S-1-5-21-1883700503-1359107655-378355104-512", "PrincipalType": "Group"}, {"RightName": "GenericWrite", "IsInherited": false, "PrincipalSID": "S-1-5-21-1883700503-1359107655-378355104-512", "PrincipalType": "Group"}, {"RightName": "WriteOwner", "IsInherited": false, "PrincipalSID": "S-1-5-21-1883700503-1359107655-378355104-512", "PrincipalType": "Group"}, {"RightName": "WriteDacl", "IsInherited": false, "PrincipalSID": "S-1-5-21-1883700503-1359107655-378355104-512", "PrincipalType": "Group"}, {"RightName": "GenericWrite", "IsInherited": false, "PrincipalSID": "S-1-5-21-1883700503-1359107655-378355104-519", "PrincipalType": "Group"}, {"RightName": "WriteOwner", "IsInherited": false, "PrincipalSID": "S-1-5-21-1883700503-1359107655-378355104-519", "PrincipalType": "Group"}, {"RightName": "WriteDacl", "IsInherited": false, "PrincipalSID": "S-1-5-21-1883700503-1359107655-378355104-519", "PrincipalType": "Group"}, {"RightName": "GenericWrite", "IsInherited": false, "PrincipalSID": "S-1-5-21-1883700503-1359107655-378355104-512", "PrincipalType": "Group"}, {"RightName": "WriteOwner", "IsInherited": false, "PrincipalSID": "S-1-5-21-1883700503-1359107655-378355104-512", "PrincipalType": "Group"}, {"RightName": "WriteDacl", "IsInherited": false, "PrincipalSID": "S-1-5-21-1883700503-1359107655-378355104-512", "PrincipalType": "Group"}]}],"meta":{"methods":0,"type":"gpos","count":3, "version":5}}