{"data":[{"ObjectIdentifier": "8F00B438-117E-4038-8ED3-4399D67CCDB0", "Properties": {"domain": "ESSOS.LOCAL", "name": "DOMAIN CONTROLLERS@ESSOS.LOCAL", "distinguishedname": "OU=DOMAIN CONTROLLERS,DC=ESSOS,DC=LOCAL", "domainsid": "S-1-5-21-1883700503-1359107655-378355104", "highvalue": false, "blocksinheritance": false, "description": "Default container for domain controllers", "whencreated": 1685512119}, "IsDeleted": false, "IsACLProtected": false, "Aces": [{"RightName": "Owns", "IsInherited": false, "PrincipalSID": "S-1-5-21-1883700503-1359107655-378355104-512", "PrincipalType": "Group"}, {"RightName": "WriteOwner", "IsInherited": false, "PrincipalSID": "S-1-5-21-1883700503-1359107655-378355104-512", "PrincipalType": "Group"}, {"RightName": "WriteDacl", "IsInherited": false, "PrincipalSID": "S-1-5-21-1883700503-1359107655-378355104-512", "PrincipalType": "Group"}, {"RightName": "GenericAll", "IsInherited": true, "PrincipalSID": "S-1-5-21-1883700503-1359107655-378355104-519", "PrincipalType": "Group"}, {"RightName": "WriteOwner", "IsInherited": true, "PrincipalSID": "ESSOS.LOCAL-S-1-5-32-544", "PrincipalType": "Group"}, {"RightName": "WriteDacl", "IsInherited": true, "PrincipalSID": "ESSOS.LOCAL-S-1-5-32-544", "PrincipalType": "Group"}], "Links": [{"IsEnforced": false, "GUID": "5DB4C9B7-76C3-423E-9282-D2CEA1C07F57"}], "ChildObjects": [{"ObjectIdentifier": "S-1-5-21-1883700503-1359107655-378355104-1001", "ObjectType": "Computer"}], "GPOChanges": {"AffectedComputers": [], "DcomUsers": [], "LocalAdmins": [], "PSRemoteUsers": [], "RemoteDesktopUsers": []}},{"ObjectIdentifier": "3FA6DBCF-C0A2-425C-A78A-CE11989EACB1", "Properties": {"domain": "ESSOS.LOCAL", "name": "LAPS@ESSOS.LOCAL", "distinguishedname": "OU=LAPS,DC=ESSOS,DC=LOCAL", "domainsid": "S-1-5-21-1883700503-1359107655-378355104", "highvalue": false, "blocksinheritance": false, "description": null, "whencreated": 1685514517}, "IsDeleted": false, "IsACLProtected": false, "Aces": [{"RightName": "GenericAll", "IsInherited": false, "PrincipalSID": "S-1-5-21-1883700503-1359107655-378355104-512", "PrincipalType": "Group"}, {"RightName": "GenericAll", "IsInherited": true, "PrincipalSID": "S-1-5-21-1883700503-1359107655-378355104-519", "PrincipalType": "Group"}, {"RightName": "WriteOwner", "IsInherited": true, "PrincipalSID": "ESSOS.LOCAL-S-1-5-32-544", "PrincipalType": "Group"}, {"RightName": "WriteDacl", "IsInherited": true, "PrincipalSID": "ESSOS.LOCAL-S-1-5-32-544", "PrincipalType": "Group"}], "Links": [{"IsEnforced": true, "GUID": "F8957A3E-C190-4787-8E30-52CD37622B3A"}], "ChildObjects": [{"ObjectIdentifier": "S-1-5-21-1883700503-1359107655-378355104-1104", "ObjectType": "Computer"}], "GPOChanges": {"AffectedComputers": [], "DcomUsers": [], "LocalAdmins": [], "PSRemoteUsers": [], "RemoteDesktopUsers": []}}],"meta":{"methods":0,"type":"ous","count":2, "version":5}}